
2026-09-02 18:16:36,848 909 INFO ? odoo: Odoo version 19.0-20260817 
2026-09-02 18:16:36,848 909 INFO ? odoo: Using configuration file at /etc/odoo/odoo.conf 
2026-09-02 18:16:36,849 909 INFO ? odoo: addons paths: _NamespacePath(['/usr/lib/python3/dist-packages/odoo/addons', '/var/lib/odoo/addons/19.0', '/mnt/extra-addons', '/usr/lib/python3/dist-packages/addons']) 
2026-09-02 18:16:36,849 909 INFO ? odoo: database: odoo@wave4_pg:default 
2026-09-02 18:16:37,851 909 INFO wave4_aml_p63 odoo.modules.loading: Initializing database wave4_aml_p63 
2026-09-02 18:16:43,218 909 WARNING wave4_aml_p63 odoo.modules.module: Missing `author` key in manifest for 'sgc_brochure_leadcapture', defaulting to '' 
2026-09-02 18:16:43,225 909 WARNING wave4_aml_p63 odoo.modules.module: Missing `author` key in manifest for 'sgc_brochure_leadcapture', defaulting to '' 
2026-09-02 18:16:43,422 909 WARNING wave4_aml_p63 odoo.modules.module: Missing `author` key in manifest for 'sgc_llm_router', defaulting to '' 
2026-09-02 18:16:43,429 909 WARNING wave4_aml_p63 odoo.modules.module: Missing `author` key in manifest for 'sgc_llm_router', defaulting to '' 
2026-09-02 18:16:44,337 909 INFO wave4_aml_p63 odoo.modules.loading: loading 1 modules... 
2026-09-02 18:16:44,338 909 INFO wave4_aml_p63 odoo.modules.loading: Loading module base (1/1) 
2026-09-02 18:16:44,391 909 INFO wave4_aml_p63 odoo.registry: module base: creating or updating database tables 
2026-09-02 18:16:45,470 909 INFO wave4_aml_p63 odoo.models: Prepare computation of ir.module.module.menus_by_module 
2026-09-02 18:16:45,471 909 INFO wave4_aml_p63 odoo.models: Prepare computation of ir.module.module.reports_by_module 
2026-09-02 18:16:45,471 909 INFO wave4_aml_p63 odoo.models: Prepare computation of ir.module.module.views_by_module 
2026-09-02 18:16:45,782 909 INFO wave4_aml_p63 odoo.models: Prepare computation of res.partner.user_id 
2026-09-02 18:16:45,782 909 INFO wave4_aml_p63 odoo.models: Prepare computation of res.partner.commercial_partner_id 
2026-09-02 18:16:45,782 909 INFO wave4_aml_p63 odoo.models: Prepare computation of res.partner.complete_name 
2026-09-02 18:16:45,783 909 INFO wave4_aml_p63 odoo.models: Prepare computation of res.partner.lang 
2026-09-02 18:16:45,783 909 INFO wave4_aml_p63 odoo.models: Prepare computation of res.partner.company_registry 
2026-09-02 18:16:45,783 909 INFO wave4_aml_p63 odoo.models: Prepare computation of res.partner.commercial_company_name 
2026-09-02 18:16:45,783 909 INFO wave4_aml_p63 odoo.models: Prepare computation of res.partner.properties 
2026-09-02 18:16:45,783 909 INFO wave4_aml_p63 odoo.models: Prepare computation of res.partner.partner_share 
2026-09-02 18:16:45,876 909 INFO wave4_aml_p63 odoo.models: Prepare computation of res.currency.decimal_places 
2026-09-02 18:16:45,928 909 INFO wave4_aml_p63 odoo.models: Prepare computation of res.company.uses_default_logo 
2026-09-02 18:16:45,928 909 INFO wave4_aml_p63 odoo.models: Prepare computation of res.company.logo_web 
2026-09-02 18:16:45,934 909 INFO wave4_aml_p63 odoo.models: Computing parent_path for table res_company... 
2026-09-02 18:16:46,013 909 INFO wave4_aml_p63 odoo.models: Prepare computation of res.users.signature 
2026-09-02 18:16:46,013 909 INFO wave4_aml_p63 odoo.models: Prepare computation of res.users.share 
2026-09-02 18:16:48,694 909 INFO wave4_aml_p63 odoo.modules.loading: loading base/data/res_bank.xml 
2026-09-02 18:16:48,706 909 INFO wave4_aml_p63 odoo.modules.loading: loading base/data/res.lang.csv 
2026-09-02 18:16:48,771 909 INFO wave4_aml_p63 odoo.modules.loading: loading base/data/res_lang_data.xml 
2026-09-02 18:16:48,842 909 INFO wave4_aml_p63 odoo.modules.loading: loading base/data/res_partner_data.xml 
2026-09-02 18:16:48,921 909 INFO wave4_aml_p63 odoo.modules.loading: loading base/data/res_currency_data.xml 
2026-09-02 18:16:49,757 909 INFO wave4_aml_p63 odoo.modules.loading: loading base/data/res_company_data.xml 
2026-09-02 18:16:49,770 909 INFO wave4_aml_p63 odoo.modules.loading: loading base/data/res_users_data.xml 
2026-09-02 18:16:50,990 909 INFO wave4_aml_p63 odoo.modules.loading: loading base/data/report_paperformat_data.xml 
2026-09-02 18:16:51,005 909 INFO wave4_aml_p63 odoo.modules.loading: loading base/data/res_country_data.xml 
2026-09-02 18:16:52,058 909 INFO wave4_aml_p63 odoo.modules.loading: loading base/data/ir_demo_data.xml 
2026-09-02 18:16:52,086 909 INFO wave4_aml_p63 odoo.modules.loading: loading base/security/base_groups.xml 
2026-09-02 18:16:52,393 909 INFO wave4_aml_p63 odoo.modules.loading: loading base/security/base_security.xml 
2026-09-02 18:16:52,691 909 INFO wave4_aml_p63 odoo.modules.loading: loading base/wizard/wizard_ir_model_menu_create_views.xml 
2026-09-02 18:16:52,708 909 INFO wave4_aml_p63 odoo.modules.loading: loading base/views/base_menus.xml 
2026-09-02 18:16:52,809 909 INFO wave4_aml_p63 odoo.modules.loading: loading base/views/decimal_precision_views.xml 
2026-09-02 18:16:52,834 909 INFO wave4_aml_p63 odoo.modules.loading: loading base/views/res_config_views.xml 
2026-09-02 18:16:52,845 909 INFO wave4_aml_p63 odoo.modules.loading: loading base/data/res.country.state.csv 
2026-09-02 18:16:53,329 909 INFO wave4_aml_p63 odoo.modules.loading: loading base/views/ir_actions_views.xml 
2026-09-02 18:16:53,570 909 INFO wave4_aml_p63 odoo.modules.loading: loading base/views/ir_asset_views.xml 
2026-09-02 18:16:53,602 909 INFO wave4_aml_p63 odoo.modules.loading: loading base/views/ir_config_parameter_views.xml 
2026-09-02 18:16:53,630 909 INFO wave4_aml_p63 odoo.modules.loading: loading base/views/ir_cron_views.xml 
2026-09-02 18:16:53,669 909 INFO wave4_aml_p63 odoo.modules.loading: loading base/views/ir_cron_trigger_views.xml 
2026-09-02 18:16:53,693 909 INFO wave4_aml_p63 odoo.modules.loading: loading base/views/ir_filters_views.xml 
2026-09-02 18:16:53,732 909 INFO wave4_aml_p63 odoo.modules.loading: loading base/views/ir_mail_server_views.xml 
2026-09-02 18:16:53,770 909 INFO wave4_aml_p63 odoo.modules.loading: loading base/views/ir_model_views.xml 
2026-09-02 18:16:53,961 909 INFO wave4_aml_p63 odoo.modules.loading: loading base/views/ir_attachment_views.xml 
2026-09-02 18:16:53,993 909 INFO wave4_aml_p63 odoo.modules.loading: loading base/views/ir_rule_views.xml 
2026-09-02 18:16:54,022 909 INFO wave4_aml_p63 odoo.modules.loading: loading base/views/ir_sequence_views.xml 
2026-09-02 18:16:54,072 909 INFO wave4_aml_p63 odoo.modules.loading: loading base/views/ir_ui_menu_views.xml 
2026-09-02 18:16:54,100 909 INFO wave4_aml_p63 odoo.modules.loading: loading base/views/ir_ui_view_views.xml 
2026-09-02 18:16:54,168 909 INFO wave4_aml_p63 odoo.modules.loading: loading base/views/ir_default_views.xml 
2026-09-02 18:16:54,197 909 INFO wave4_aml_p63 odoo.modules.loading: loading base/data/ir_config_parameter_data.xml 
2026-09-02 18:16:54,201 909 INFO wave4_aml_p63 odoo.modules.loading: loading base/data/ir_cron_data.xml 
2026-09-02 18:16:54,218 909 INFO wave4_aml_p63 odoo.modules.loading: loading base/report/ir_model_report.xml 
2026-09-02 18:16:54,225 909 INFO wave4_aml_p63 odoo.modules.loading: loading base/report/ir_model_templates.xml 
2026-09-02 18:16:54,235 909 INFO wave4_aml_p63 odoo.modules.loading: loading base/views/ir_logging_views.xml 
2026-09-02 18:16:54,262 909 INFO wave4_aml_p63 odoo.modules.loading: loading base/views/ir_qweb_widget_templates.xml 
2026-09-02 18:16:54,280 909 INFO wave4_aml_p63 odoo.modules.loading: loading base/views/ir_module_views.xml 
2026-09-02 18:16:54,397 909 INFO wave4_aml_p63 odoo.modules.loading: loading base/data/ir_module_category_data.xml 
2026-09-02 18:16:54,488 909 INFO wave4_aml_p63 odoo.modules.loading: loading base/data/ir_module_module.xml 
2026-09-02 18:16:54,629 909 INFO wave4_aml_p63 odoo.modules.loading: loading base/report/ir_module_reports.xml 
2026-09-02 18:16:54,641 909 INFO wave4_aml_p63 odoo.modules.loading: loading base/report/ir_module_report_templates.xml 
2026-09-02 18:16:54,654 909 INFO wave4_aml_p63 odoo.modules.loading: loading base/wizard/base_module_update_views.xml 
2026-09-02 18:16:54,680 909 INFO wave4_aml_p63 odoo.modules.loading: loading base/wizard/base_language_install_views.xml 
2026-09-02 18:16:54,706 909 INFO wave4_aml_p63 odoo.modules.loading: loading base/wizard/base_import_language_views.xml 
2026-09-02 18:16:54,723 909 INFO wave4_aml_p63 odoo.modules.loading: loading base/wizard/base_module_upgrade_views.xml 
2026-09-02 18:16:54,750 909 INFO wave4_aml_p63 odoo.modules.loading: loading base/wizard/base_module_uninstall_views.xml 
2026-09-02 18:16:54,764 909 INFO wave4_aml_p63 odoo.modules.loading: loading base/wizard/base_export_language_views.xml 
2026-09-02 18:16:54,782 909 INFO wave4_aml_p63 odoo.modules.loading: loading base/wizard/base_partner_merge_views.xml 
2026-09-02 18:16:54,814 909 INFO wave4_aml_p63 odoo.modules.loading: loading base/data/ir_demo_failure_data.xml 
2026-09-02 18:16:54,847 909 INFO wave4_aml_p63 odoo.modules.loading: loading base/views/ir_profile_views.xml 
2026-09-02 18:16:54,880 909 INFO wave4_aml_p63 odoo.modules.loading: loading base/views/res_company_views.xml 
2026-09-02 18:16:54,914 909 INFO wave4_aml_p63 odoo.modules.loading: loading base/views/res_lang_views.xml 
2026-09-02 18:16:54,959 909 INFO wave4_aml_p63 odoo.modules.loading: loading base/views/res_partner_views.xml 
2026-09-02 18:16:55,086 909 INFO wave4_aml_p63 odoo.modules.loading: loading base/views/res_bank_views.xml 
2026-09-02 18:16:55,142 909 INFO wave4_aml_p63 odoo.modules.loading: loading base/views/res_country_views.xml 
2026-09-02 18:16:55,242 909 INFO wave4_aml_p63 odoo.modules.loading: loading base/views/res_currency_views.xml 
2026-09-02 18:16:55,307 909 INFO wave4_aml_p63 odoo.modules.loading: loading base/views/res_groups_views.xml 
2026-09-02 18:16:55,379 909 INFO wave4_aml_p63 odoo.modules.loading: loading base/views/res_users_views.xml 
2026-09-02 18:16:55,534 909 INFO wave4_aml_p63 odoo.modules.loading: loading base/views/res_users_apikeys_views.xml 
2026-09-02 18:16:55,544 909 INFO wave4_aml_p63 odoo.modules.loading: loading base/views/res_device_views.xml 
2026-09-02 18:16:55,580 909 INFO wave4_aml_p63 odoo.modules.loading: loading base/views/res_users_identitycheck_views.xml 
2026-09-02 18:16:55,593 909 INFO wave4_aml_p63 odoo.modules.loading: loading base/views/res_config_settings_views.xml 
2026-09-02 18:16:55,608 909 INFO wave4_aml_p63 odoo.modules.loading: loading base/views/report_paperformat_views.xml 
2026-09-02 18:16:55,656 909 INFO wave4_aml_p63 odoo.modules.loading: loading base/security/ir.model.access.csv 
2026-09-02 18:16:55,888 909 INFO wave4_aml_p63 odoo.modules.loading: Module base loaded in 11.55s, 8455 queries (+8455 other) 
2026-09-02 18:16:55,888 909 INFO wave4_aml_p63 odoo.modules.loading: 1 modules loaded in 11.55s, 8455 queries (+8455 extra) 
2026-09-02 18:16:55,894 909 INFO wave4_aml_p63 odoo.modules.loading: updating modules list 
2026-09-02 18:16:55,897 909 INFO wave4_aml_p63 odoo.addons.base.models.ir_module: ALLOW access to module.update_list on [] to user __system__ #1 via n/a 
2026-09-02 18:16:57,617 909 WARNING wave4_aml_p63 odoo.modules.module: Missing `author` key in manifest for 'sgc_brochure_leadcapture', defaulting to '' 
2026-09-02 18:16:57,671 909 WARNING wave4_aml_p63 odoo.modules.module: Missing `author` key in manifest for 'sgc_llm_router', defaulting to '' 
2026-09-02 18:16:57,952 909 INFO wave4_aml_p63 odoo.addons.base.models.ir_module: ALLOW access to module.button_install on ['AML Compliance & goAML'] to user __system__ #1 via n/a 
2026-09-02 18:16:58,127 909 INFO wave4_aml_p63 odoo.modules.loading: loading 69 modules... 
2026-09-02 18:16:58,127 909 INFO wave4_aml_p63 odoo.modules.loading: Loading module rpc (2/69) 
2026-09-02 18:16:58,154 909 INFO wave4_aml_p63 odoo.modules.loading: Module rpc loaded in 0.03s, 9 queries (+9 other) 
2026-09-02 18:16:58,154 909 INFO wave4_aml_p63 odoo.modules.loading: Loading module social_media (3/69) 
2026-09-02 18:16:58,160 909 INFO wave4_aml_p63 odoo.registry: module social_media: creating or updating database tables 
2026-09-02 18:16:58,203 909 INFO wave4_aml_p63 odoo.modules.loading: loading social_media/views/res_company_views.xml 
2026-09-02 18:16:58,247 909 INFO wave4_aml_p63 odoo.modules.loading: Module social_media loaded in 0.09s, 75 queries (+75 other) 
2026-09-02 18:16:58,247 909 INFO wave4_aml_p63 odoo.modules.loading: Loading module uom (4/69) 
2026-09-02 18:16:58,254 909 INFO wave4_aml_p63 odoo.registry: module uom: creating or updating database tables 
2026-09-02 18:16:58,310 909 INFO wave4_aml_p63 odoo.modules.loading: loading uom/data/uom_data.xml 
2026-09-02 18:16:58,422 909 INFO wave4_aml_p63 odoo.modules.loading: loading uom/security/uom_security.xml 
2026-09-02 18:16:58,429 909 INFO wave4_aml_p63 odoo.modules.loading: loading uom/security/ir.model.access.csv 
2026-09-02 18:16:58,444 909 INFO wave4_aml_p63 odoo.modules.loading: loading uom/views/uom_uom_views.xml 
2026-09-02 18:16:58,500 909 INFO wave4_aml_p63 odoo.modules.loading: Module uom loaded in 0.25s, 230 queries (+230 other) 
2026-09-02 18:16:58,500 909 INFO wave4_aml_p63 odoo.modules.loading: Loading module web (5/69) 
2026-09-02 18:16:58,593 909 INFO wave4_aml_p63 odoo.registry: module web: creating or updating database tables 
2026-09-02 18:16:59,398 909 INFO wave4_aml_p63 odoo.modules.loading: loading web/security/ir.model.access.csv 
2026-09-02 18:16:59,410 909 INFO wave4_aml_p63 odoo.modules.loading: loading web/security/web_security.xml 
2026-09-02 18:16:59,426 909 INFO wave4_aml_p63 odoo.modules.loading: loading web/views/webclient_templates.xml 
2026-09-02 18:16:59,498 909 INFO wave4_aml_p63 odoo.modules.loading: loading web/views/report_templates.xml 
2026-09-02 18:16:59,617 909 INFO wave4_aml_p63 odoo.modules.loading: loading web/views/base_document_layout_views.xml 
2026-09-02 18:16:59,636 909 INFO wave4_aml_p63 odoo.modules.loading: loading web/views/partner_view.xml 
2026-09-02 18:16:59,649 909 INFO wave4_aml_p63 odoo.modules.loading: loading web/views/speedscope_template.xml 
2026-09-02 18:16:59,663 909 INFO wave4_aml_p63 odoo.modules.loading: loading web/views/memory_template.xml 
2026-09-02 18:16:59,676 909 INFO wave4_aml_p63 odoo.modules.loading: loading web/views/speedscope_config_wizard.xml 
2026-09-02 18:16:59,689 909 INFO wave4_aml_p63 odoo.modules.loading: loading web/views/neutralize_views.xml 
2026-09-02 18:16:59,701 909 INFO wave4_aml_p63 odoo.modules.loading: loading web/views/ir_ui_view_views.xml 
2026-09-02 18:16:59,716 909 INFO wave4_aml_p63 odoo.modules.loading: loading web/data/ir_attachment.xml 
2026-09-02 18:16:59,724 909 INFO wave4_aml_p63 odoo.modules.loading: loading web/data/report_layout.xml 
2026-09-02 18:16:59,816 909 INFO wave4_aml_p63 odoo.modules.loading: Module web loaded in 1.32s, 1239 queries (+1239 other) 
2026-09-02 18:16:59,816 909 INFO wave4_aml_p63 odoo.modules.loading: Loading module api_doc (6/69) 
2026-09-02 18:16:59,827 909 INFO wave4_aml_p63 odoo.registry: module api_doc: creating or updating database tables 
2026-09-02 18:16:59,852 909 INFO wave4_aml_p63 odoo.modules.loading: loading api_doc/security/res_groups.xml 
2026-09-02 18:16:59,882 909 INFO wave4_aml_p63 odoo.modules.loading: loading api_doc/views/docclient.xml 
2026-09-02 18:16:59,914 909 INFO wave4_aml_p63 odoo.modules.loading: Module api_doc loaded in 0.10s, 63 queries (+63 other) 
2026-09-02 18:16:59,914 909 INFO wave4_aml_p63 odoo.modules.loading: Loading module auth_totp (7/69) 
2026-09-02 18:16:59,935 909 INFO wave4_aml_p63 odoo.registry: module auth_totp: creating or updating database tables 
2026-09-02 18:17:00,069 909 INFO wave4_aml_p63 odoo.modules.loading: loading auth_totp/security/security.xml 
2026-09-02 18:17:00,103 909 INFO wave4_aml_p63 odoo.modules.loading: loading auth_totp/security/ir.model.access.csv 
2026-09-02 18:17:00,126 909 INFO wave4_aml_p63 odoo.modules.loading: loading auth_totp/data/ir_action_data.xml 
2026-09-02 18:17:00,137 909 INFO wave4_aml_p63 odoo.modules.loading: loading auth_totp/views/res_users_views.xml 
2026-09-02 18:17:00,174 909 INFO wave4_aml_p63 odoo.modules.loading: loading auth_totp/views/templates.xml 
2026-09-02 18:17:00,182 909 INFO wave4_aml_p63 odoo.modules.loading: loading auth_totp/wizard/auth_totp_wizard_views.xml 
2026-09-02 18:17:00,211 909 INFO wave4_aml_p63 odoo.modules.loading: Module auth_totp loaded in 0.30s, 218 queries (+218 other) 
2026-09-02 18:17:00,211 909 INFO wave4_aml_p63 odoo.modules.loading: Loading module base_import (8/69) 
2026-09-02 18:17:00,257 909 INFO wave4_aml_p63 odoo.registry: module base_import: creating or updating database tables 
2026-09-02 18:17:01,085 909 INFO wave4_aml_p63 odoo.modules.loading: loading base_import/security/ir.model.access.csv 
2026-09-02 18:17:01,107 909 INFO wave4_aml_p63 odoo.modules.loading: Module base_import loaded in 0.90s, 966 queries (+966 other) 
2026-09-02 18:17:01,107 909 INFO wave4_aml_p63 odoo.modules.loading: Loading module base_import_module (9/69) 
2026-09-02 18:17:01,119 909 INFO wave4_aml_p63 odoo.registry: module base_import_module: creating or updating database tables 
2026-09-02 18:17:01,209 909 INFO wave4_aml_p63 odoo.modules.loading: loading base_import_module/security/ir.model.access.csv 
2026-09-02 18:17:01,222 909 INFO wave4_aml_p63 odoo.modules.loading: loading base_import_module/views/base_import_module_view.xml 
2026-09-02 18:17:01,263 909 INFO wave4_aml_p63 odoo.modules.loading: loading base_import_module/views/ir_module_views.xml 
2026-09-02 18:17:01,334 909 INFO wave4_aml_p63 odoo.modules.loading: Module base_import_module loaded in 0.23s, 172 queries (+172 other) 
2026-09-02 18:17:01,334 909 INFO wave4_aml_p63 odoo.modules.loading: Loading module base_setup (10/69) 
2026-09-02 18:17:01,347 909 INFO wave4_aml_p63 odoo.registry: module base_setup: creating or updating database tables 
2026-09-02 18:17:01,425 909 INFO wave4_aml_p63 odoo.modules.loading: loading base_setup/data/base_setup_data.xml 
2026-09-02 18:17:01,435 909 INFO wave4_aml_p63 odoo.modules.loading: loading base_setup/views/res_config_settings_views.xml 
2026-09-02 18:17:01,492 909 INFO wave4_aml_p63 odoo.modules.loading: loading base_setup/views/res_partner_views.xml 
2026-09-02 18:17:01,517 909 INFO wave4_aml_p63 odoo.modules.loading: Module base_setup loaded in 0.18s, 152 queries (+152 other) 
2026-09-02 18:17:01,517 909 INFO wave4_aml_p63 odoo.modules.loading: Loading module bus (11/69) 
2026-09-02 18:17:01,544 909 INFO wave4_aml_p63 odoo.registry: module bus: creating or updating database tables 
2026-09-02 18:17:01,738 909 INFO wave4_aml_p63 odoo.modules.loading: loading bus/security/ir.model.access.csv 
2026-09-02 18:17:01,760 909 INFO wave4_aml_p63 odoo.modules.loading: Module bus loaded in 0.24s, 159 queries (+159 other) 
2026-09-02 18:17:01,760 909 INFO wave4_aml_p63 odoo.modules.loading: Loading module http_routing (12/69) 
2026-09-02 18:17:01,777 909 INFO wave4_aml_p63 odoo.registry: module http_routing: creating or updating database tables 
2026-09-02 18:17:01,829 909 INFO wave4_aml_p63 odoo.modules.loading: loading http_routing/views/http_routing_template.xml 
2026-09-02 18:17:01,917 909 INFO wave4_aml_p63 odoo.modules.loading: loading http_routing/views/res_lang_views.xml 
2026-09-02 18:17:01,961 909 INFO wave4_aml_p63 odoo.modules.loading: Module http_routing loaded in 0.20s, 114 queries (+114 other) 
2026-09-02 18:17:01,961 909 INFO wave4_aml_p63 odoo.modules.loading: Loading module onboarding (13/69) 
2026-09-02 18:17:01,972 909 INFO wave4_aml_p63 odoo.registry: module onboarding: creating or updating database tables 
2026-09-02 18:17:02,225 909 INFO wave4_aml_p63 odoo.modules.loading: loading onboarding/views/onboarding_templates.xml 
2026-09-02 18:17:02,247 909 INFO wave4_aml_p63 odoo.modules.loading: loading onboarding/views/onboarding_views.xml 
2026-09-02 18:17:02,288 909 INFO wave4_aml_p63 odoo.modules.loading: loading onboarding/views/onboarding_menus.xml 
2026-09-02 18:17:02,305 909 INFO wave4_aml_p63 odoo.modules.loading: loading onboarding/security/ir.model.access.csv 
2026-09-02 18:17:02,334 909 INFO wave4_aml_p63 odoo.modules.loading: Module onboarding loaded in 0.37s, 246 queries (+246 other) 
2026-09-02 18:17:02,334 909 INFO wave4_aml_p63 odoo.modules.loading: Loading module resource (14/69) 
2026-09-02 18:17:02,351 909 INFO wave4_aml_p63 odoo.registry: module resource: creating or updating database tables 
2026-09-02 18:17:02,598 909 INFO wave4_aml_p63 odoo.modules.loading: loading resource/data/resource_data.xml 
2026-09-02 18:17:02,630 909 INFO wave4_aml_p63 odoo.modules.loading: loading resource/security/ir.model.access.csv 
2026-09-02 18:17:02,650 909 INFO wave4_aml_p63 odoo.modules.loading: loading resource/security/resource_security.xml 
2026-09-02 18:17:02,683 909 INFO wave4_aml_p63 odoo.modules.loading: loading resource/views/resource_resource_views.xml 
2026-09-02 18:17:02,715 909 INFO wave4_aml_p63 odoo.modules.loading: loading resource/views/resource_calendar_leaves_views.xml 
2026-09-02 18:17:02,751 909 INFO wave4_aml_p63 odoo.modules.loading: loading resource/views/resource_calendar_attendance_views.xml 
2026-09-02 18:17:02,765 909 INFO wave4_aml_p63 odoo.modules.loading: loading resource/views/resource_calendar_views.xml 
2026-09-02 18:17:02,803 909 INFO wave4_aml_p63 odoo.modules.loading: loading resource/views/menuitems.xml 
2026-09-02 18:17:02,852 909 INFO wave4_aml_p63 odoo.modules.loading: Module resource loaded in 0.52s, 414 queries (+414 other) 
2026-09-02 18:17:02,852 909 INFO wave4_aml_p63 odoo.modules.loading: Loading module utm (15/69) 
2026-09-02 18:17:02,861 909 INFO wave4_aml_p63 odoo.registry: module utm: creating or updating database tables 
2026-09-02 18:17:03,055 909 INFO wave4_aml_p63 odoo.modules.loading: loading utm/data/utm_medium_data.xml 
2026-09-02 18:17:03,109 909 INFO wave4_aml_p63 odoo.modules.loading: loading utm/data/utm_source_data.xml 
2026-09-02 18:17:03,143 909 INFO wave4_aml_p63 odoo.modules.loading: loading utm/data/utm_stage_data.xml 
2026-09-02 18:17:03,149 909 INFO wave4_aml_p63 odoo.modules.loading: loading utm/data/utm_tag_data.xml 
2026-09-02 18:17:03,158 909 INFO wave4_aml_p63 odoo.modules.loading: loading utm/views/utm_campaign_views.xml 
2026-09-02 18:17:03,197 909 INFO wave4_aml_p63 odoo.modules.loading: loading utm/views/utm_medium_views.xml 
2026-09-02 18:17:03,227 909 INFO wave4_aml_p63 odoo.modules.loading: loading utm/views/utm_source_views.xml 
2026-09-02 18:17:03,243 909 INFO wave4_aml_p63 odoo.modules.loading: loading utm/views/utm_stage_views.xml 
2026-09-02 18:17:03,264 909 INFO wave4_aml_p63 odoo.modules.loading: loading utm/views/utm_tag_views.xml 
2026-09-02 18:17:03,277 909 INFO wave4_aml_p63 odoo.modules.loading: loading utm/views/utm_menus.xml 
2026-09-02 18:17:03,308 909 INFO wave4_aml_p63 odoo.modules.loading: loading utm/security/ir.model.access.csv 
2026-09-02 18:17:03,339 909 INFO wave4_aml_p63 odoo.modules.loading: Module utm loaded in 0.49s, 410 queries (+410 other) 
2026-09-02 18:17:03,340 909 INFO wave4_aml_p63 odoo.modules.loading: Loading module web_tour (16/69) 
2026-09-02 18:17:03,351 909 INFO wave4_aml_p63 odoo.registry: module web_tour: creating or updating database tables 
2026-09-02 18:17:03,360 909 INFO wave4_aml_p63 odoo.models: Prepare computation of res.users.tour_enabled 
2026-09-02 18:17:03,490 909 INFO wave4_aml_p63 odoo.modules.loading: loading web_tour/security/ir.model.access.csv 
2026-09-02 18:17:03,502 909 INFO wave4_aml_p63 odoo.modules.loading: loading web_tour/views/tour_views.xml 
2026-09-02 18:17:03,563 909 INFO wave4_aml_p63 odoo.modules.loading: Module web_tour loaded in 0.22s, 180 queries (+180 other) 
2026-09-02 18:17:03,563 909 INFO wave4_aml_p63 odoo.modules.loading: Loading module auth_passkey (17/69) 
2026-09-02 18:17:03,625 909 INFO wave4_aml_p63 odoo.registry: module auth_passkey: creating or updating database tables 
2026-09-02 18:17:03,742 909 INFO wave4_aml_p63 odoo.modules.loading: loading auth_passkey/views/auth_passkey_key_views.xml 
2026-09-02 18:17:03,776 909 INFO wave4_aml_p63 odoo.modules.loading: loading auth_passkey/views/auth_passkey_login_templates.xml 
2026-09-02 18:17:03,797 909 INFO wave4_aml_p63 odoo.modules.loading: loading auth_passkey/views/res_users_identitycheck_views.xml 
2026-09-02 18:17:03,812 909 INFO wave4_aml_p63 odoo.modules.loading: loading auth_passkey/views/res_users_views.xml 
2026-09-02 18:17:03,840 909 INFO wave4_aml_p63 odoo.modules.loading: loading auth_passkey/security/ir.model.access.csv 
2026-09-02 18:17:03,852 909 INFO wave4_aml_p63 odoo.modules.loading: loading auth_passkey/security/security.xml 
2026-09-02 18:17:03,885 909 INFO wave4_aml_p63 odoo.modules.loading: Module auth_passkey loaded in 0.32s, 218 queries (+218 other) 
2026-09-02 18:17:03,885 909 INFO wave4_aml_p63 odoo.modules.loading: Loading module google_recaptcha (18/69) 
2026-09-02 18:17:03,895 909 INFO wave4_aml_p63 odoo.registry: module google_recaptcha: creating or updating database tables 
2026-09-02 18:17:03,949 909 INFO wave4_aml_p63 odoo.modules.loading: loading google_recaptcha/views/res_config_settings_view.xml 
2026-09-02 18:17:03,998 909 INFO wave4_aml_p63 odoo.modules.loading: Module google_recaptcha loaded in 0.11s, 64 queries (+64 other) 
2026-09-02 18:17:03,998 909 INFO wave4_aml_p63 odoo.modules.loading: Loading module html_editor (19/69) 
2026-09-02 18:17:04,235 909 INFO wave4_aml_p63 odoo.registry: module html_editor: creating or updating database tables 
2026-09-02 18:17:05,041 909 INFO wave4_aml_p63 odoo.modules.loading: loading html_editor/security/ir.model.access.csv 
2026-09-02 18:17:05,069 909 INFO wave4_aml_p63 odoo.modules.loading: Module html_editor loaded in 1.07s, 1160 queries (+1160 other) 
2026-09-02 18:17:05,069 909 INFO wave4_aml_p63 odoo.modules.loading: Loading module iap (20/69) 
2026-09-02 18:17:05,075 909 INFO wave4_aml_p63 odoo.registry: module iap: creating or updating database tables 
2026-09-02 18:17:05,180 909 INFO wave4_aml_p63 odoo.modules.loading: loading iap/data/services.xml 
2026-09-02 18:17:05,188 909 INFO wave4_aml_p63 odoo.modules.loading: loading iap/security/ir.model.access.csv 
2026-09-02 18:17:05,199 909 INFO wave4_aml_p63 odoo.modules.loading: loading iap/security/ir_rule.xml 
2026-09-02 18:17:05,209 909 INFO wave4_aml_p63 odoo.modules.loading: loading iap/views/iap_views.xml 
2026-09-02 18:17:05,246 909 INFO wave4_aml_p63 odoo.modules.loading: loading iap/views/res_config_settings.xml 
2026-09-02 18:17:05,296 909 INFO wave4_aml_p63 odoo.modules.loading: Module iap loaded in 0.23s, 184 queries (+184 other) 
2026-09-02 18:17:05,296 909 INFO wave4_aml_p63 odoo.modules.loading: Loading module mail (21/69) 
2026-09-02 18:17:05,407 909 INFO wave4_aml_p63 odoo.registry: module mail: creating or updating database tables 
2026-09-02 18:17:06,133 909 INFO wave4_aml_p63 odoo.models: Prepare computation of ir.actions.server.partner_ids 
2026-09-02 18:17:06,134 909 INFO wave4_aml_p63 odoo.models: Prepare computation of ir.actions.server.activity_user_id 
2026-09-02 18:17:06,134 909 INFO wave4_aml_p63 odoo.models: Prepare computation of ir.actions.server.activity_type_id 
2026-09-02 18:17:06,134 909 INFO wave4_aml_p63 odoo.models: Prepare computation of ir.actions.server.template_id 
2026-09-02 18:17:06,134 909 INFO wave4_aml_p63 odoo.models: Prepare computation of ir.actions.server.activity_date_deadline_range 
2026-09-02 18:17:06,134 909 INFO wave4_aml_p63 odoo.models: Prepare computation of ir.actions.server.activity_summary 
2026-09-02 18:17:06,134 909 INFO wave4_aml_p63 odoo.models: Prepare computation of ir.actions.server.followers_type 
2026-09-02 18:17:06,134 909 INFO wave4_aml_p63 odoo.models: Prepare computation of ir.actions.server.followers_partner_field_name 
2026-09-02 18:17:06,135 909 INFO wave4_aml_p63 odoo.models: Prepare computation of ir.actions.server.mail_post_method 
2026-09-02 18:17:06,135 909 INFO wave4_aml_p63 odoo.models: Prepare computation of ir.actions.server.activity_date_deadline_range_type 
2026-09-02 18:17:06,135 909 INFO wave4_aml_p63 odoo.models: Prepare computation of ir.actions.server.activity_user_type 
2026-09-02 18:17:06,135 909 INFO wave4_aml_p63 odoo.models: Prepare computation of ir.actions.server.activity_user_field_name 
2026-09-02 18:17:06,135 909 INFO wave4_aml_p63 odoo.models: Prepare computation of ir.actions.server.activity_note 
2026-09-02 18:17:06,135 909 INFO wave4_aml_p63 odoo.models: Prepare computation of ir.actions.server.mail_post_autofollow 
2026-09-02 18:17:06,291 909 INFO wave4_aml_p63 odoo.models: Prepare computation of res.users.notification_type 
2026-09-02 18:17:06,509 909 INFO wave4_aml_p63 odoo.models: Prepare computation of res.partner.email_normalized 
<string>:38: (ERROR/3) Unexpected indentation.
<string>:43: (WARNING/2) Block quote ends without a blank line; unexpected unindent.
2026-09-02 18:17:12,255 909 INFO wave4_aml_p63 odoo.modules.loading: loading mail/data/mail_groups.xml 
2026-09-02 18:17:12,314 909 INFO wave4_aml_p63 odoo.modules.loading: loading mail/wizard/mail_activity_schedule_views.xml 
2026-09-02 18:17:12,354 909 INFO wave4_aml_p63 odoo.modules.loading: loading mail/wizard/mail_blacklist_remove_views.xml 
2026-09-02 18:17:12,380 909 INFO wave4_aml_p63 odoo.modules.loading: loading mail/wizard/mail_compose_message_views.xml 
2026-09-02 18:17:12,432 909 INFO wave4_aml_p63 odoo.modules.loading: loading mail/wizard/mail_template_preview_views.xml 
2026-09-02 18:17:12,460 909 INFO wave4_aml_p63 odoo.modules.loading: loading mail/wizard/mail_followers_edit_views.xml 
2026-09-02 18:17:12,488 909 INFO wave4_aml_p63 odoo.modules.loading: loading mail/wizard/mail_template_reset_views.xml 
2026-09-02 18:17:12,517 909 INFO wave4_aml_p63 odoo.modules.loading: loading mail/views/fetchmail_views.xml 
2026-09-02 18:17:12,564 909 INFO wave4_aml_p63 odoo.modules.loading: loading mail/views/ir_cron_views.xml 
2026-09-02 18:17:12,594 909 INFO wave4_aml_p63 odoo.modules.loading: loading mail/views/ir_filters_views.xml 
2026-09-02 18:17:12,643 909 INFO wave4_aml_p63 odoo.modules.loading: loading mail/views/ir_mail_server_views.xml 
2026-09-02 18:17:12,684 909 INFO wave4_aml_p63 odoo.modules.loading: loading mail/views/mail_message_subtype_views.xml 
2026-09-02 18:17:12,725 909 INFO wave4_aml_p63 odoo.modules.loading: loading mail/views/mail_tracking_value_views.xml 
2026-09-02 18:17:12,786 909 INFO wave4_aml_p63 odoo.modules.loading: loading mail/views/mail_notification_views.xml 
2026-09-02 18:17:12,854 909 INFO wave4_aml_p63 odoo.modules.loading: loading mail/views/mail_message_views.xml 
2026-09-02 18:17:12,980 909 INFO wave4_aml_p63 odoo.modules.loading: loading mail/views/mail_message_schedule_views.xml 
2026-09-02 18:17:13,024 909 INFO wave4_aml_p63 odoo.modules.loading: loading mail/views/mail_mail_views.xml 
2026-09-02 18:17:13,101 909 INFO wave4_aml_p63 odoo.modules.loading: loading mail/views/mail_followers_views.xml 
2026-09-02 18:17:13,132 909 INFO wave4_aml_p63 odoo.modules.loading: loading mail/views/mail_ice_server_views.xml 
2026-09-02 18:17:13,180 909 INFO wave4_aml_p63 odoo.modules.loading: loading mail/views/discuss_channel_member_views.xml 
2026-09-02 18:17:13,214 909 INFO wave4_aml_p63 odoo.modules.loading: loading mail/views/discuss_channel_rtc_session_views.xml 
2026-09-02 18:17:13,258 909 INFO wave4_aml_p63 odoo.modules.loading: loading mail/views/mail_link_preview_views.xml 
2026-09-02 18:17:13,299 909 INFO wave4_aml_p63 odoo.modules.loading: loading mail/views/discuss/discuss_gif_favorite_views.xml 
2026-09-02 18:17:13,327 909 INFO wave4_aml_p63 odoo.modules.loading: loading mail/views/discuss_channel_views.xml 
2026-09-02 18:17:13,407 909 INFO wave4_aml_p63 odoo.modules.loading: loading mail/views/mail_canned_response_views.xml 
2026-09-02 18:17:13,473 909 INFO wave4_aml_p63 odoo.modules.loading: loading mail/views/res_role_views.xml 
2026-09-02 18:17:13,512 909 INFO wave4_aml_p63 odoo.modules.loading: loading mail/views/mail_activity_views.xml 
2026-09-02 18:17:13,700 909 INFO wave4_aml_p63 odoo.modules.loading: loading mail/views/mail_activity_plan_views.xml 
2026-09-02 18:17:13,782 909 INFO wave4_aml_p63 odoo.modules.loading: loading mail/views/mail_activity_plan_template_views.xml 
2026-09-02 18:17:13,807 909 INFO wave4_aml_p63 odoo.modules.loading: loading mail/views/res_config_settings_views.xml 
2026-09-02 18:17:13,862 909 INFO wave4_aml_p63 odoo.modules.loading: loading mail/data/ir_config_parameter_data.xml 
2026-09-02 18:17:13,876 909 INFO wave4_aml_p63 odoo.modules.loading: loading mail/data/res_partner_data.xml 
2026-09-02 18:17:14,007 909 INFO wave4_aml_p63 odoo.modules.loading: loading mail/data/mail_message_subtype_data.xml 
2026-09-02 18:17:14,023 909 INFO wave4_aml_p63 odoo.modules.loading: loading mail/data/mail_templates_chatter.xml 
2026-09-02 18:17:14,073 909 INFO wave4_aml_p63 odoo.modules.loading: loading mail/data/mail_templates_email_layouts.xml 
2026-09-02 18:17:14,114 909 INFO wave4_aml_p63 odoo.modules.loading: loading mail/data/mail_templates_mailgateway.xml 
2026-09-02 18:17:14,154 909 INFO wave4_aml_p63 odoo.modules.loading: loading mail/data/discuss_channel_data.xml 
2026-09-02 18:17:14,229 909 INFO wave4_aml_p63 odoo.modules.loading: loading mail/data/mail_activity_type_data.xml 
2026-09-02 18:17:14,255 909 INFO wave4_aml_p63 odoo.modules.loading: loading mail/data/security_notifications_templates.xml 
2026-09-02 18:17:14,268 909 INFO wave4_aml_p63 odoo.modules.loading: loading mail/data/ir_cron_data.xml 
2026-09-02 18:17:14,472 909 INFO wave4_aml_p63 odoo.modules.loading: loading mail/data/ir_actions_client.xml 
2026-09-02 18:17:14,487 909 INFO wave4_aml_p63 odoo.modules.loading: loading mail/security/mail_security.xml 
2026-09-02 18:17:14,761 909 INFO wave4_aml_p63 odoo.modules.loading: loading mail/security/ir.model.access.csv 
2026-09-02 18:17:14,847 909 INFO wave4_aml_p63 odoo.modules.loading: loading mail/views/discuss_public_templates.xml 
2026-09-02 18:17:14,858 909 INFO wave4_aml_p63 odoo.modules.loading: loading mail/views/mail_alias_domain_views.xml 
2026-09-02 18:17:14,881 909 INFO wave4_aml_p63 odoo.modules.loading: loading mail/views/mail_alias_views.xml 
2026-09-02 18:17:14,912 909 INFO wave4_aml_p63 odoo.modules.loading: loading mail/views/mail_gateway_allowed_views.xml 
2026-09-02 18:17:14,936 909 INFO wave4_aml_p63 odoo.modules.loading: loading mail/views/mail_guest_views.xml 
2026-09-02 18:17:14,957 909 INFO wave4_aml_p63 odoo.modules.loading: loading mail/views/mail_message_reaction_views.xml 
2026-09-02 18:17:14,975 909 INFO wave4_aml_p63 odoo.modules.loading: loading mail/views/mail_templates_public.xml 
2026-09-02 18:17:14,988 909 INFO wave4_aml_p63 odoo.modules.loading: loading mail/views/res_users_views.xml 
2026-09-02 18:17:15,028 909 INFO wave4_aml_p63 odoo.modules.loading: loading mail/views/res_users_settings_views.xml 
2026-09-02 18:17:15,049 909 INFO wave4_aml_p63 odoo.modules.loading: loading mail/views/mail_template_views.xml 
2026-09-02 18:17:15,106 909 INFO wave4_aml_p63 odoo.modules.loading: loading mail/views/ir_actions_server_views.xml 
2026-09-02 18:17:15,132 909 INFO wave4_aml_p63 odoo.modules.loading: loading mail/views/ir_model_views.xml 
2026-09-02 18:17:15,186 909 INFO wave4_aml_p63 odoo.modules.loading: loading mail/views/res_partner_views.xml 
2026-09-02 18:17:15,257 909 INFO wave4_aml_p63 odoo.modules.loading: loading mail/views/mail_blacklist_views.xml 
2026-09-02 18:17:15,290 909 INFO wave4_aml_p63 odoo.modules.loading: loading mail/views/mail_menus.xml 
2026-09-02 18:17:15,521 909 INFO wave4_aml_p63 odoo.modules.loading: loading mail/views/discuss/discuss_menus.xml 
2026-09-02 18:17:15,529 909 INFO wave4_aml_p63 odoo.modules.loading: loading mail/views/discuss/discuss_call_history_views.xml 
2026-09-02 18:17:15,555 909 INFO wave4_aml_p63 odoo.modules.loading: loading mail/views/res_company_views.xml 
2026-09-02 18:17:15,580 909 INFO wave4_aml_p63 odoo.modules.loading: loading mail/views/mail_scheduled_message_views.xml 
2026-09-02 18:17:15,598 909 INFO wave4_aml_p63 odoo.modules.loading: loading mail/data/mail_canned_response_data.xml 
2026-09-02 18:17:15,614 909 INFO wave4_aml_p63 odoo.modules.loading: loading mail/data/mail_templates_invite.xml 
2026-09-02 18:17:15,648 909 INFO wave4_aml_p63 odoo.modules.loading: loading mail/data/web_tour_tour.xml 
2026-09-02 18:17:15,759 909 INFO wave4_aml_p63 odoo.modules.loading: Module mail loaded in 10.46s, 5105 queries (+5106 other) 
2026-09-02 18:17:15,759 909 INFO wave4_aml_p63 odoo.modules.loading: Loading module web_unsplash (22/69) 
2026-09-02 18:17:15,784 909 INFO wave4_aml_p63 odoo.registry: module web_unsplash: creating or updating database tables 
2026-09-02 18:17:15,916 909 INFO wave4_aml_p63 odoo.modules.loading: loading web_unsplash/views/res_config_settings_view.xml 
2026-09-02 18:17:16,023 909 INFO wave4_aml_p63 odoo.modules.loading: Module web_unsplash loaded in 0.26s, 103 queries (+103 other) 
2026-09-02 18:17:16,023 909 INFO wave4_aml_p63 odoo.modules.loading: Loading module analytic (23/69) 
2026-09-02 18:17:16,050 909 INFO wave4_aml_p63 odoo.registry: module analytic: creating or updating database tables 
2026-09-02 18:17:16,786 909 INFO wave4_aml_p63 odoo.modules.loading: loading analytic/security/analytic_security.xml 
2026-09-02 18:17:16,847 909 INFO wave4_aml_p63 odoo.modules.loading: loading analytic/security/ir.model.access.csv 
2026-09-02 18:17:16,888 909 INFO wave4_aml_p63 odoo.modules.loading: loading analytic/views/analytic_line_views.xml 
2026-09-02 18:17:17,032 909 INFO wave4_aml_p63 odoo.modules.loading: loading analytic/views/analytic_account_views.xml 
2026-09-02 18:17:17,131 909 INFO wave4_aml_p63 odoo.modules.loading: loading analytic/views/analytic_plan_views.xml 
2026-09-02 18:17:17,186 909 INFO wave4_aml_p63 odoo.modules.loading: loading analytic/views/analytic_distribution_model_views.xml 
2026-09-02 18:17:17,227 909 INFO wave4_aml_p63 odoo.modules.loading: loading analytic/data/analytic_data.xml 
2026-09-02 18:17:17,356 909 INFO wave4_aml_p63 odoo.modules.loading: Module analytic loaded in 1.33s, 425 queries (+425 other) 
2026-09-02 18:17:17,356 909 INFO wave4_aml_p63 odoo.modules.loading: Loading module auth_signup (24/69) 
2026-09-02 18:17:17,412 909 INFO wave4_aml_p63 odoo.registry: module auth_signup: creating or updating database tables 
2026-09-02 18:17:17,691 909 INFO wave4_aml_p63 odoo.modules.loading: loading auth_signup/data/ir_config_parameter_data.xml 
2026-09-02 18:17:17,713 909 INFO wave4_aml_p63 odoo.modules.loading: loading auth_signup/data/ir_cron_data.xml 
2026-09-02 18:17:17,826 909 INFO wave4_aml_p63 odoo.modules.loading: loading auth_signup/data/mail_template_data.xml 
2026-09-02 18:17:18,151 909 INFO wave4_aml_p63 odoo.modules.loading: loading auth_signup/views/res_config_settings_views.xml 
2026-09-02 18:17:18,205 909 INFO wave4_aml_p63 odoo.modules.loading: loading auth_signup/views/res_users_views.xml 
2026-09-02 18:17:18,296 909 INFO wave4_aml_p63 odoo.modules.loading: loading auth_signup/views/auth_signup_login_templates.xml 
2026-09-02 18:17:18,365 909 INFO wave4_aml_p63 odoo.modules.loading: loading auth_signup/views/auth_signup_templates_email.xml 
2026-09-02 18:17:18,383 909 INFO wave4_aml_p63 odoo.modules.loading: loading auth_signup/views/webclient_templates.xml 
2026-09-02 18:17:18,482 909 INFO wave4_aml_p63 odoo.modules.loading: Module auth_signup loaded in 1.13s, 255 queries (+255 other) 
2026-09-02 18:17:18,482 909 INFO wave4_aml_p63 odoo.modules.loading: Loading module auth_totp_mail (25/69) 
2026-09-02 18:17:18,516 909 INFO wave4_aml_p63 odoo.registry: module auth_totp_mail: creating or updating database tables 
2026-09-02 18:17:18,703 909 INFO wave4_aml_p63 odoo.modules.loading: loading auth_totp_mail/data/ir_action_data.xml 
2026-09-02 18:17:18,849 909 INFO wave4_aml_p63 odoo.modules.loading: loading auth_totp_mail/data/mail_template_data.xml 
2026-09-02 18:17:19,016 909 INFO wave4_aml_p63 odoo.modules.loading: loading auth_totp_mail/data/security_notifications_template.xml 
2026-09-02 18:17:19,051 909 INFO wave4_aml_p63 odoo.modules.loading: loading auth_totp_mail/views/res_config_settings_views.xml 
2026-09-02 18:17:19,137 909 INFO wave4_aml_p63 odoo.modules.loading: loading auth_totp_mail/views/res_users_views.xml 
2026-09-02 18:17:19,231 909 INFO wave4_aml_p63 odoo.modules.loading: loading auth_totp_mail/views/templates.xml 
2026-09-02 18:17:19,328 909 INFO wave4_aml_p63 odoo.modules.loading: Module auth_totp_mail loaded in 0.85s, 189 queries (+189 other) 
2026-09-02 18:17:19,328 909 INFO wave4_aml_p63 odoo.modules.loading: Loading module base_install_request (26/69) 
2026-09-02 18:17:19,348 909 INFO wave4_aml_p63 odoo.registry: module base_install_request: creating or updating database tables 
2026-09-02 18:17:19,527 909 INFO wave4_aml_p63 odoo.modules.loading: loading base_install_request/security/ir.model.access.csv 
2026-09-02 18:17:19,548 909 INFO wave4_aml_p63 odoo.modules.loading: loading base_install_request/wizard/base_module_install_request_views.xml 
2026-09-02 18:17:19,589 909 INFO wave4_aml_p63 odoo.modules.loading: loading base_install_request/data/mail_template_data.xml 
2026-09-02 18:17:19,600 909 INFO wave4_aml_p63 odoo.modules.loading: loading base_install_request/data/mail_templates_module_install.xml 
2026-09-02 18:17:19,613 909 INFO wave4_aml_p63 odoo.modules.loading: loading base_install_request/views/ir_module_module_views.xml 
2026-09-02 18:17:19,671 909 INFO wave4_aml_p63 odoo.modules.loading: Module base_install_request loaded in 0.34s, 154 queries (+154 other) 
2026-09-02 18:17:19,672 909 INFO wave4_aml_p63 odoo.modules.loading: Loading module calendar (27/69) 
2026-09-02 18:17:19,733 909 INFO wave4_aml_p63 odoo.registry: module calendar: creating or updating database tables 
2026-09-02 18:17:20,737 909 INFO wave4_aml_p63 odoo.modules.loading: loading calendar/security/ir.model.access.csv 
2026-09-02 18:17:20,763 909 INFO wave4_aml_p63 odoo.modules.loading: loading calendar/security/calendar_security.xml 
2026-09-02 18:17:20,805 909 INFO wave4_aml_p63 odoo.modules.loading: loading calendar/data/calendar_cron.xml 
2026-09-02 18:17:20,857 909 INFO wave4_aml_p63 odoo.modules.loading: loading calendar/data/mail_template_data.xml 
2026-09-02 18:17:20,915 909 INFO wave4_aml_p63 odoo.modules.loading: loading calendar/data/calendar_data.xml 
2026-09-02 18:17:20,967 909 INFO wave4_aml_p63 odoo.modules.loading: loading calendar/data/mail_activity_type_data.xml 
2026-09-02 18:17:20,977 909 INFO wave4_aml_p63 odoo.modules.loading: loading calendar/data/mail_message_subtype_data.xml 
2026-09-02 18:17:20,986 909 INFO wave4_aml_p63 odoo.modules.loading: loading calendar/views/mail_activity_views.xml 
2026-09-02 18:17:21,029 909 INFO wave4_aml_p63 odoo.modules.loading: loading calendar/views/calendar_templates.xml 
2026-09-02 18:17:21,044 909 INFO wave4_aml_p63 odoo.modules.loading: loading calendar/views/calendar_views.xml 
2026-09-02 18:17:21,353 909 INFO wave4_aml_p63 odoo.modules.loading: loading calendar/views/res_config_settings_views.xml 
2026-09-02 18:17:21,380 909 INFO wave4_aml_p63 odoo.modules.loading: loading calendar/views/res_partner_views.xml 
2026-09-02 18:17:21,406 909 INFO wave4_aml_p63 odoo.modules.loading: loading calendar/views/res_users_views.xml 
2026-09-02 18:17:21,460 909 INFO wave4_aml_p63 odoo.modules.loading: loading calendar/wizard/calendar_provider_config.xml 
2026-09-02 18:17:21,481 909 INFO wave4_aml_p63 odoo.modules.loading: loading calendar/wizard/calendar_popover_delete_wizard.xml 
2026-09-02 18:17:21,521 909 INFO wave4_aml_p63 odoo.modules.loading: loading calendar/wizard/mail_activity_schedule_views.xml 
2026-09-02 18:17:21,641 909 INFO wave4_aml_p63 odoo.modules.loading: Module calendar loaded in 1.97s, 883 queries (+883 other) 
2026-09-02 18:17:21,642 909 INFO wave4_aml_p63 odoo.modules.loading: Loading module contacts (28/69) 
2026-09-02 18:17:21,684 909 INFO wave4_aml_p63 odoo.registry: module contacts: creating or updating database tables 
2026-09-02 18:17:21,825 909 INFO wave4_aml_p63 odoo.modules.loading: loading contacts/views/contact_views.xml 
2026-09-02 18:17:22,094 909 INFO wave4_aml_p63 odoo.modules.loading: Module contacts loaded in 0.45s, 209 queries (+209 other) 
2026-09-02 18:17:22,094 909 INFO wave4_aml_p63 odoo.modules.loading: Loading module google_gmail (29/69) 
2026-09-02 18:17:22,151 909 INFO wave4_aml_p63 odoo.registry: module google_gmail: creating or updating database tables 
2026-09-02 18:17:22,325 909 INFO wave4_aml_p63 odoo.modules.loading: loading google_gmail/views/fetchmail_server_views.xml 
2026-09-02 18:17:22,365 909 INFO wave4_aml_p63 odoo.modules.loading: loading google_gmail/views/ir_mail_server_views.xml 
2026-09-02 18:17:22,394 909 INFO wave4_aml_p63 odoo.modules.loading: loading google_gmail/views/res_config_settings_views.xml 
2026-09-02 18:17:22,482 909 INFO wave4_aml_p63 odoo.modules.loading: loading google_gmail/views/templates.xml 
2026-09-02 18:17:22,526 909 INFO wave4_aml_p63 odoo.modules.loading: Module google_gmail loaded in 0.43s, 155 queries (+155 other) 
2026-09-02 18:17:22,526 909 INFO wave4_aml_p63 odoo.modules.loading: Loading module html_builder (30/69) 
2026-09-02 18:17:22,693 909 INFO wave4_aml_p63 odoo.modules.loading: Module html_builder loaded in 0.17s, 10 queries (+10 other) 
2026-09-02 18:17:22,693 909 INFO wave4_aml_p63 odoo.modules.loading: Loading module iap_mail (31/69) 
2026-09-02 18:17:22,729 909 INFO wave4_aml_p63 odoo.registry: module iap_mail: creating or updating database tables 
2026-09-02 18:17:22,887 909 INFO wave4_aml_p63 odoo.modules.loading: loading iap_mail/data/mail_templates.xml 
2026-09-02 18:17:22,970 909 INFO wave4_aml_p63 odoo.modules.loading: loading iap_mail/views/iap_views.xml 
2026-09-02 18:17:23,059 909 INFO wave4_aml_p63 odoo.modules.loading: Module iap_mail loaded in 0.37s, 70 queries (+70 other) 
2026-09-02 18:17:23,059 909 INFO wave4_aml_p63 odoo.modules.loading: Loading module mail_bot (32/69) 
2026-09-02 18:17:23,121 909 INFO wave4_aml_p63 odoo.registry: module mail_bot: creating or updating database tables 
2026-09-02 18:17:23,314 909 INFO wave4_aml_p63 odoo.modules.loading: loading mail_bot/views/res_users_views.xml 
2026-09-02 18:17:23,395 909 INFO wave4_aml_p63 odoo.modules.loading: loading mail_bot/data/mailbot_data.xml 
2026-09-02 18:17:23,454 909 INFO wave4_aml_p63 odoo.modules.loading: Module mail_bot loaded in 0.39s, 109 queries (+109 other) 
2026-09-02 18:17:23,455 909 INFO wave4_aml_p63 odoo.modules.loading: Loading module microsoft_outlook (33/69) 
2026-09-02 18:17:23,524 909 INFO wave4_aml_p63 odoo.registry: module microsoft_outlook: creating or updating database tables 
2026-09-02 18:17:24,066 909 INFO wave4_aml_p63 odoo.modules.loading: loading microsoft_outlook/views/fetchmail_server_views.xml 
2026-09-02 18:17:24,142 909 INFO wave4_aml_p63 odoo.modules.loading: loading microsoft_outlook/views/ir_mail_server_views.xml 
2026-09-02 18:17:24,175 909 INFO wave4_aml_p63 odoo.modules.loading: loading microsoft_outlook/views/res_config_settings_views.xml 
2026-09-02 18:17:24,273 909 INFO wave4_aml_p63 odoo.modules.loading: loading microsoft_outlook/views/templates.xml 
2026-09-02 18:17:24,319 909 INFO wave4_aml_p63 odoo.modules.loading: Module microsoft_outlook loaded in 0.86s, 158 queries (+158 other) 
2026-09-02 18:17:24,320 909 INFO wave4_aml_p63 odoo.modules.loading: Loading module phone_validation (34/69) 
2026-09-02 18:17:24,830 909 INFO wave4_aml_p63 odoo.registry: module phone_validation: creating or updating database tables 
2026-09-02 18:17:24,906 909 INFO wave4_aml_p63 odoo.models: Prepare computation of res.partner.phone_sanitized 
2026-09-02 18:17:26,913 909 INFO wave4_aml_p63 odoo.modules.loading: loading phone_validation/security/ir.model.access.csv 
2026-09-02 18:17:26,935 909 INFO wave4_aml_p63 odoo.modules.loading: loading phone_validation/views/phone_blacklist_views.xml 
2026-09-02 18:17:26,998 909 INFO wave4_aml_p63 odoo.modules.loading: loading phone_validation/views/res_partner_views.xml 
2026-09-02 18:17:27,026 909 INFO wave4_aml_p63 odoo.modules.loading: loading phone_validation/wizard/phone_blacklist_remove_view.xml 
2026-09-02 18:17:27,061 909 INFO wave4_aml_p63 odoo.modules.loading: Module phone_validation loaded in 2.74s, 1856 queries (+1856 other) 
2026-09-02 18:17:27,061 909 INFO wave4_aml_p63 odoo.modules.loading: Loading module privacy_lookup (35/69) 
2026-09-02 18:17:27,090 909 INFO wave4_aml_p63 odoo.registry: module privacy_lookup: creating or updating database tables 
2026-09-02 18:17:27,320 909 INFO wave4_aml_p63 odoo.modules.loading: loading privacy_lookup/wizard/privacy_lookup_wizard_views.xml 
2026-09-02 18:17:27,398 909 INFO wave4_aml_p63 odoo.modules.loading: loading privacy_lookup/views/privacy_log_views.xml 
2026-09-02 18:17:27,431 909 INFO wave4_aml_p63 odoo.modules.loading: loading privacy_lookup/security/ir.model.access.csv 
2026-09-02 18:17:27,457 909 INFO wave4_aml_p63 odoo.modules.loading: loading privacy_lookup/data/ir_actions_server_data.xml 
2026-09-02 18:17:27,522 909 INFO wave4_aml_p63 odoo.modules.loading: Module privacy_lookup loaded in 0.46s, 296 queries (+296 other) 
2026-09-02 18:17:27,522 909 INFO wave4_aml_p63 odoo.modules.loading: Loading module product (36/69) 
2026-09-02 18:17:27,589 909 INFO wave4_aml_p63 odoo.registry: module product: creating or updating database tables 
2026-09-02 18:17:28,980 909 INFO wave4_aml_p63 odoo.modules.loading: loading product/data/product_data.xml 
2026-09-02 18:17:29,021 909 INFO wave4_aml_p63 odoo.modules.loading: loading product/security/product_security.xml 
2026-09-02 18:17:29,100 909 INFO wave4_aml_p63 odoo.modules.loading: loading product/security/ir.model.access.csv 
2026-09-02 18:17:29,136 909 INFO wave4_aml_p63 odoo.modules.loading: loading product/wizard/product_label_layout_views.xml 
2026-09-02 18:17:29,157 909 INFO wave4_aml_p63 odoo.modules.loading: loading product/wizard/update_product_attribute_value_views.xml 
2026-09-02 18:17:29,167 909 INFO wave4_aml_p63 odoo.modules.loading: loading product/views/product_tag_views.xml 
2026-09-02 18:17:29,189 909 INFO wave4_aml_p63 odoo.modules.loading: loading product/views/product_views.xml 
2026-09-02 18:17:29,352 909 INFO wave4_aml_p63 odoo.modules.loading: loading product/views/res_config_settings_views.xml 
2026-09-02 18:17:29,374 909 INFO wave4_aml_p63 odoo.modules.loading: loading product/views/product_attribute_views.xml 
2026-09-02 18:17:29,429 909 INFO wave4_aml_p63 odoo.modules.loading: loading product/views/product_attribute_value_views.xml 
2026-09-02 18:17:29,437 909 INFO wave4_aml_p63 odoo.modules.loading: loading product/views/product_category_views.xml 
2026-09-02 18:17:29,462 909 INFO wave4_aml_p63 odoo.modules.loading: loading product/views/product_combo_views.xml 
2026-09-02 18:17:29,484 909 INFO wave4_aml_p63 odoo.modules.loading: loading product/views/product_document_views.xml 
2026-09-02 18:17:29,513 909 INFO wave4_aml_p63 odoo.modules.loading: loading product/views/product_pricelist_item_views.xml 
2026-09-02 18:17:29,563 909 INFO wave4_aml_p63 odoo.modules.loading: loading product/views/product_pricelist_views.xml 
2026-09-02 18:17:29,603 909 INFO wave4_aml_p63 odoo.modules.loading: loading product/views/product_supplierinfo_views.xml 
2026-09-02 18:17:29,637 909 INFO wave4_aml_p63 odoo.modules.loading: loading product/views/product_template_attribute_line_views.xml 
2026-09-02 18:17:29,646 909 INFO wave4_aml_p63 odoo.modules.loading: loading product/views/product_template_views.xml 
2026-09-02 18:17:29,731 909 INFO wave4_aml_p63 odoo.modules.loading: loading product/views/res_country_group_views.xml 
2026-09-02 18:17:29,744 909 INFO wave4_aml_p63 odoo.modules.loading: loading product/views/res_partner_views.xml 
2026-09-02 18:17:29,760 909 INFO wave4_aml_p63 odoo.modules.loading: loading product/views/uom_views.xml 
2026-09-02 18:17:29,781 909 INFO wave4_aml_p63 odoo.modules.loading: loading product/report/product_reports.xml 
2026-09-02 18:17:29,814 909 INFO wave4_aml_p63 odoo.modules.loading: loading product/report/product_product_templates.xml 
2026-09-02 18:17:29,854 909 INFO wave4_aml_p63 odoo.modules.loading: loading product/report/product_template_templates.xml 
2026-09-02 18:17:29,884 909 INFO wave4_aml_p63 odoo.modules.loading: loading product/report/product_packaging.xml 
2026-09-02 18:17:29,892 909 INFO wave4_aml_p63 odoo.modules.loading: loading product/report/product_pricelist_report_templates.xml 
2026-09-02 18:17:29,954 909 INFO wave4_aml_p63 odoo.modules.loading: Module product loaded in 2.43s, 1637 queries (+1637 other) 
2026-09-02 18:17:29,955 909 INFO wave4_aml_p63 odoo.modules.loading: Loading module resource_mail (37/69) 
2026-09-02 18:17:29,971 909 INFO wave4_aml_p63 odoo.registry: module resource_mail: creating or updating database tables 
2026-09-02 18:17:30,040 909 INFO wave4_aml_p63 odoo.modules.loading: Module resource_mail loaded in 0.08s, 36 queries (+36 other) 
2026-09-02 18:17:30,040 909 INFO wave4_aml_p63 odoo.modules.loading: Loading module sales_team (38/69) 
2026-09-02 18:17:30,058 909 INFO wave4_aml_p63 odoo.registry: module sales_team: creating or updating database tables 
2026-09-02 18:17:30,103 909 INFO wave4_aml_p63 odoo.models: Prepare computation of res.users.sale_team_id 
2026-09-02 18:17:30,263 909 INFO wave4_aml_p63 odoo.modules.loading: loading sales_team/security/sales_team_security.xml 
2026-09-02 18:17:30,326 909 INFO wave4_aml_p63 odoo.modules.loading: loading sales_team/security/ir.model.access.csv 
2026-09-02 18:17:30,338 909 INFO wave4_aml_p63 odoo.modules.loading: loading sales_team/data/crm_team_data.xml 
2026-09-02 18:17:30,388 909 INFO wave4_aml_p63 odoo.modules.loading: loading sales_team/views/crm_tag_views.xml 
2026-09-02 18:17:30,407 909 INFO wave4_aml_p63 odoo.modules.loading: loading sales_team/views/crm_team_views.xml 
2026-09-02 18:17:30,450 909 INFO wave4_aml_p63 odoo.modules.loading: loading sales_team/views/crm_team_member_views.xml 
2026-09-02 18:17:30,505 909 INFO wave4_aml_p63 odoo.modules.loading: loading sales_team/views/mail_activity_views.xml 
2026-09-02 18:17:30,527 909 INFO wave4_aml_p63 odoo.modules.loading: Module sales_team loaded in 0.49s, 365 queries (+365 other) 
2026-09-02 18:17:30,527 909 INFO wave4_aml_p63 odoo.modules.loading: Loading module partner_autocomplete (39/69) 
2026-09-02 18:17:30,563 909 INFO wave4_aml_p63 odoo.registry: module partner_autocomplete: creating or updating database tables 
2026-09-02 18:17:30,681 909 INFO wave4_aml_p63 odoo.modules.loading: loading partner_autocomplete/views/res_company_views.xml 
2026-09-02 18:17:30,705 909 INFO wave4_aml_p63 odoo.modules.loading: loading partner_autocomplete/views/res_config_settings_views.xml 
2026-09-02 18:17:30,746 909 INFO wave4_aml_p63 odoo.modules.loading: loading partner_autocomplete/data/iap_service_data.xml 
2026-09-02 18:17:30,772 909 INFO wave4_aml_p63 odoo.modules.loading: Module partner_autocomplete loaded in 0.25s, 144 queries (+144 other) 
2026-09-02 18:17:30,772 909 INFO wave4_aml_p63 odoo.modules.loading: Loading module portal (40/69) 
2026-09-02 18:17:30,829 909 INFO wave4_aml_p63 odoo.registry: module portal: creating or updating database tables 
2026-09-02 18:17:31,243 909 INFO wave4_aml_p63 odoo.modules.loading: loading portal/security/ir.model.access.csv 
2026-09-02 18:17:31,267 909 INFO wave4_aml_p63 odoo.modules.loading: loading portal/data/mail_templates.xml 
2026-09-02 18:17:31,282 909 INFO wave4_aml_p63 odoo.modules.loading: loading portal/views/address_templates.xml 
2026-09-02 18:17:31,350 909 INFO wave4_aml_p63 odoo.modules.loading: loading portal/views/mail_templates_public.xml 
2026-09-02 18:17:31,364 909 INFO wave4_aml_p63 odoo.modules.loading: loading portal/views/portal_templates.xml 
2026-09-02 18:17:31,578 909 INFO wave4_aml_p63 odoo.modules.loading: loading portal/views/res_config_settings_views.xml 
2026-09-02 18:17:31,623 909 INFO wave4_aml_p63 odoo.modules.loading: loading portal/wizard/portal_share_views.xml 
2026-09-02 18:17:31,644 909 INFO wave4_aml_p63 odoo.modules.loading: loading portal/wizard/portal_wizard_views.xml 
2026-09-02 18:17:31,733 909 INFO wave4_aml_p63 odoo.modules.loading: Module portal loaded in 0.96s, 625 queries (+625 other) 
2026-09-02 18:17:31,733 909 INFO wave4_aml_p63 odoo.modules.loading: Loading module sms (41/69) 
2026-09-02 18:17:31,999 909 INFO wave4_aml_p63 odoo.registry: module sms: creating or updating database tables 
2026-09-02 18:17:32,035 909 INFO wave4_aml_p63 odoo.models: Prepare computation of ir.actions.server.sms_template_id 
2026-09-02 18:17:32,035 909 INFO wave4_aml_p63 odoo.models: Prepare computation of ir.actions.server.sms_method 
2026-09-02 18:17:35,144 909 INFO wave4_aml_p63 odoo.modules.loading: loading sms/data/iap_service_data.xml 
2026-09-02 18:17:35,156 909 INFO wave4_aml_p63 odoo.modules.loading: loading sms/data/ir_cron_data.xml 
2026-09-02 18:17:35,227 909 INFO wave4_aml_p63 odoo.modules.loading: loading sms/wizard/sms_account_code_views.xml 
2026-09-02 18:17:35,254 909 INFO wave4_aml_p63 odoo.modules.loading: loading sms/wizard/sms_account_phone_views.xml 
2026-09-02 18:17:35,269 909 INFO wave4_aml_p63 odoo.modules.loading: loading sms/wizard/sms_account_sender_views.xml 
2026-09-02 18:17:35,288 909 INFO wave4_aml_p63 odoo.modules.loading: loading sms/wizard/sms_composer_views.xml 
2026-09-02 18:17:35,319 909 INFO wave4_aml_p63 odoo.modules.loading: loading sms/wizard/sms_template_preview_views.xml 
2026-09-02 18:17:35,342 909 INFO wave4_aml_p63 odoo.modules.loading: loading sms/wizard/sms_template_reset_views.xml 
2026-09-02 18:17:35,369 909 INFO wave4_aml_p63 odoo.modules.loading: loading sms/views/ir_actions_server_views.xml 
2026-09-02 18:17:35,420 909 INFO wave4_aml_p63 odoo.modules.loading: loading sms/views/mail_notification_views.xml 
2026-09-02 18:17:35,463 909 INFO wave4_aml_p63 odoo.modules.loading: loading sms/views/res_config_settings_views.xml 
2026-09-02 18:17:35,510 909 INFO wave4_aml_p63 odoo.modules.loading: loading sms/views/res_partner_views.xml 
2026-09-02 18:17:35,554 909 INFO wave4_aml_p63 odoo.modules.loading: loading sms/views/iap_account_views.xml 
2026-09-02 18:17:35,590 909 INFO wave4_aml_p63 odoo.modules.loading: loading sms/views/sms_sms_views.xml 
2026-09-02 18:17:35,675 909 INFO wave4_aml_p63 odoo.modules.loading: loading sms/views/sms_template_views.xml 
2026-09-02 18:17:35,743 909 INFO wave4_aml_p63 odoo.modules.loading: loading sms/security/ir.model.access.csv 
2026-09-02 18:17:35,808 909 INFO wave4_aml_p63 odoo.modules.loading: loading sms/security/sms_security.xml 
2026-09-02 18:17:35,867 909 INFO wave4_aml_p63 odoo.modules.loading: Module sms loaded in 4.13s, 2488 queries (+2488 other) 
2026-09-02 18:17:35,867 909 INFO wave4_aml_p63 odoo.modules.loading: Loading module snailmail (42/69) 
2026-09-02 18:17:36,113 909 INFO wave4_aml_p63 odoo.registry: module snailmail: creating or updating database tables 
2026-09-02 18:17:36,591 909 INFO wave4_aml_p63 odoo.modules.loading: loading snailmail/data/iap_service_data.xml 
2026-09-02 18:17:36,600 909 INFO wave4_aml_p63 odoo.modules.loading: loading snailmail/data/snailmail_data.xml 
2026-09-02 18:17:36,658 909 INFO wave4_aml_p63 odoo.modules.loading: loading snailmail/views/report_assets.xml 
2026-09-02 18:17:36,685 909 INFO wave4_aml_p63 odoo.modules.loading: loading snailmail/views/snailmail_views.xml 
2026-09-02 18:17:36,725 909 INFO wave4_aml_p63 odoo.modules.loading: loading snailmail/security/ir.model.access.csv 
2026-09-02 18:17:36,783 909 INFO wave4_aml_p63 odoo.modules.loading: Module snailmail loaded in 0.92s, 491 queries (+491 other) 
2026-09-02 18:17:36,783 909 INFO wave4_aml_p63 odoo.modules.loading: Loading module auth_passkey_portal (43/69) 
2026-09-02 18:17:36,808 909 INFO wave4_aml_p63 odoo.modules.loading: loading auth_passkey_portal/views/templates.xml 
2026-09-02 18:17:36,880 909 INFO wave4_aml_p63 odoo.modules.loading: Module auth_passkey_portal loaded in 0.10s, 22 queries (+22 other) 
2026-09-02 18:17:36,881 909 INFO wave4_aml_p63 odoo.modules.loading: Loading module auth_totp_portal (44/69) 
2026-09-02 18:17:36,903 909 INFO wave4_aml_p63 odoo.registry: module auth_totp_portal: creating or updating database tables 
2026-09-02 18:17:36,966 909 INFO wave4_aml_p63 odoo.modules.loading: loading auth_totp_portal/security/security.xml 
2026-09-02 18:17:37,007 909 INFO wave4_aml_p63 odoo.modules.loading: loading auth_totp_portal/views/templates.xml 
2026-09-02 18:17:37,058 909 INFO wave4_aml_p63 odoo.modules.loading: Module auth_totp_portal loaded in 0.18s, 70 queries (+70 other) 
2026-09-02 18:17:37,058 909 INFO wave4_aml_p63 odoo.modules.loading: Loading module calendar_sms (45/69) 
2026-09-02 18:17:37,078 909 INFO wave4_aml_p63 odoo.registry: module calendar_sms: creating or updating database tables 
2026-09-02 18:17:37,087 909 INFO wave4_aml_p63 odoo.models: Prepare computation of calendar.alarm.sms_template_id 
2026-09-02 18:17:37,160 909 INFO wave4_aml_p63 odoo.modules.loading: loading calendar_sms/data/sms_data.xml 
2026-09-02 18:17:37,173 909 INFO wave4_aml_p63 odoo.modules.loading: loading calendar_sms/views/calendar_views.xml 
2026-09-02 18:17:37,311 909 INFO wave4_aml_p63 odoo.modules.loading: Module calendar_sms loaded in 0.25s, 106 queries (+106 other) 
2026-09-02 18:17:37,311 909 INFO wave4_aml_p63 odoo.modules.loading: Loading module digest (46/69) 
2026-09-02 18:17:37,354 909 INFO wave4_aml_p63 odoo.registry: module digest: creating or updating database tables 
2026-09-02 18:17:37,590 909 INFO wave4_aml_p63 odoo.modules.loading: loading digest/security/ir.model.access.csv 
2026-09-02 18:17:37,605 909 INFO wave4_aml_p63 odoo.modules.loading: loading digest/data/digest_data.xml 
2026-09-02 18:17:37,652 909 INFO wave4_aml_p63 odoo.modules.loading: loading digest/data/digest_tips_data.xml 
2026-09-02 18:17:37,686 909 INFO wave4_aml_p63 odoo.modules.loading: loading digest/data/ir_cron_data.xml 
2026-09-02 18:17:37,731 909 INFO wave4_aml_p63 odoo.modules.loading: loading digest/data/res_config_settings_data.xml 
2026-09-02 18:17:37,744 909 INFO wave4_aml_p63 odoo.modules.loading: loading digest/views/digest_views.xml 
2026-09-02 18:17:37,873 909 INFO wave4_aml_p63 odoo.modules.loading: loading digest/views/digest_templates.xml 
2026-09-02 18:17:37,892 909 INFO wave4_aml_p63 odoo.modules.loading: loading digest/views/res_config_settings_views.xml 
2026-09-02 18:17:37,984 909 INFO wave4_aml_p63 odoo.modules.loading: Module digest loaded in 0.67s, 326 queries (+326 other) 
2026-09-02 18:17:37,985 909 INFO wave4_aml_p63 odoo.modules.loading: Loading module payment (47/69) 
2026-09-02 18:17:38,056 909 INFO wave4_aml_p63 odoo.registry: module payment: creating or updating database tables 
2026-09-02 18:17:38,905 909 INFO wave4_aml_p63 odoo.modules.loading: loading payment/data/ir_actions_server_data.xml 
2026-09-02 18:17:38,936 909 INFO wave4_aml_p63 odoo.modules.loading: loading payment/data/payment_method_data.xml 
2026-09-02 18:17:42,258 909 INFO wave4_aml_p63 odoo.modules.loading: loading payment/data/payment_provider_data.xml 
2026-09-02 18:17:43,184 909 INFO wave4_aml_p63 odoo.modules.loading: loading payment/data/payment_cron.xml 
2026-09-02 18:17:43,286 909 INFO wave4_aml_p63 odoo.modules.loading: loading payment/views/express_checkout_templates.xml 
2026-09-02 18:17:43,326 909 INFO wave4_aml_p63 odoo.modules.loading: loading payment/views/payment_form_templates.xml 
2026-09-02 18:17:43,574 909 INFO wave4_aml_p63 odoo.modules.loading: loading payment/views/portal_templates.xml 
2026-09-02 18:17:43,734 909 INFO wave4_aml_p63 odoo.modules.loading: loading payment/views/payment_provider_views.xml 
2026-09-02 18:17:43,901 909 INFO wave4_aml_p63 odoo.modules.loading: loading payment/views/payment_method_views.xml 
2026-09-02 18:17:43,998 909 INFO wave4_aml_p63 odoo.modules.loading: loading payment/views/payment_transaction_views.xml 
2026-09-02 18:17:44,103 909 INFO wave4_aml_p63 odoo.modules.loading: loading payment/views/payment_token_views.xml 
2026-09-02 18:17:44,149 909 INFO wave4_aml_p63 odoo.modules.loading: loading payment/views/res_partner_views.xml 
2026-09-02 18:17:44,181 909 INFO wave4_aml_p63 odoo.modules.loading: loading payment/security/ir.model.access.csv 
2026-09-02 18:17:45,448 909 INFO wave4_aml_p63 odoo.modules.loading: loading payment/security/payment_security.xml 
2026-09-02 18:17:45,481 909 INFO wave4_aml_p63 odoo.modules.loading: loading payment/wizards/payment_capture_wizard_views.xml 
2026-09-02 18:17:45,496 909 INFO wave4_aml_p63 odoo.modules.loading: loading payment/wizards/payment_link_wizard_views.xml 
2026-09-02 18:17:45,532 909 INFO wave4_aml_p63 odoo.modules.loading: Module payment loaded in 7.55s, 2517 queries (+2517 other) 
2026-09-02 18:17:45,533 909 INFO wave4_aml_p63 odoo.modules.loading: Loading module spreadsheet (48/69) 
2026-09-02 18:17:45,550 909 INFO wave4_aml_p63 odoo.registry: module spreadsheet: creating or updating database tables 
2026-09-02 18:17:45,635 909 INFO wave4_aml_p63 odoo.modules.loading: loading spreadsheet/views/public_readonly_spreadsheet_templates.xml 
2026-09-02 18:17:45,655 909 INFO wave4_aml_p63 odoo.modules.loading: Module spreadsheet loaded in 0.12s, 93 queries (+93 other) 
2026-09-02 18:17:45,655 909 INFO wave4_aml_p63 odoo.modules.loading: Loading module account (49/69) 
2026-09-02 18:17:45,821 909 INFO wave4_aml_p63 odoo.registry: module account: creating or updating database tables 
2026-09-02 18:17:46,195 909 INFO wave4_aml_p63 odoo.models: Prepare computation of res.company.domestic_fiscal_position_id 
2026-09-02 18:17:46,195 909 INFO wave4_aml_p63 odoo.models: Prepare computation of res.company.account_fiscal_country_id 
2026-09-02 18:17:46,195 909 INFO wave4_aml_p63 odoo.models: Prepare computation of res.company.invoice_terms_html 
2026-09-02 18:17:46,195 909 INFO wave4_aml_p63 odoo.models: Prepare computation of res.company.account_storno 
2026-09-02 18:17:51,600 909 INFO wave4_aml_p63 odoo.modules.loading: loading account/security/account_security.xml 
2026-09-02 18:17:52,472 909 INFO wave4_aml_p63 odoo.modules.loading: loading account/security/ir.model.access.csv 
2026-09-02 18:17:52,646 909 INFO wave4_aml_p63 odoo.modules.loading: loading account/data/account_data.xml 
2026-09-02 18:17:52,863 909 INFO wave4_aml_p63 odoo.modules.loading: loading account/data/digest_data.xml 
2026-09-02 18:17:52,883 909 INFO wave4_aml_p63 odoo.modules.loading: loading account/views/account_report.xml 
2026-09-02 18:17:52,939 909 INFO wave4_aml_p63 odoo.modules.loading: loading account/data/mail_template_data.xml 
2026-09-02 18:17:53,069 909 INFO wave4_aml_p63 odoo.modules.loading: loading account/data/onboarding_data.xml 
2026-09-02 18:17:53,173 909 INFO wave4_aml_p63 odoo.modules.loading: loading account/data/account_tour.xml 
2026-09-02 18:17:53,191 909 INFO wave4_aml_p63 odoo.modules.loading: loading account/data/ir_sequence.xml 
2026-09-02 18:17:53,207 909 INFO wave4_aml_p63 odoo.modules.loading: loading account/data/res_country_group.xml 
2026-09-02 18:17:53,284 909 INFO wave4_aml_p63 odoo.modules.loading: loading account/views/account_payment_view.xml 
2026-09-02 18:17:53,514 909 INFO wave4_aml_p63 odoo.modules.loading: loading account/wizard/account_automatic_entry_wizard_views.xml 
2026-09-02 18:17:53,550 909 INFO wave4_aml_p63 odoo.modules.loading: loading account/wizard/account_autopost_bills_wizard.xml 
2026-09-02 18:17:53,580 909 INFO wave4_aml_p63 odoo.modules.loading: loading account/wizard/account_unreconcile_view.xml 
2026-09-02 18:17:53,620 909 INFO wave4_aml_p63 odoo.modules.loading: loading account/wizard/account_move_reversal_view.xml 
2026-09-02 18:17:53,669 909 INFO wave4_aml_p63 odoo.modules.loading: loading account/wizard/account_resequence_views.xml 
2026-09-02 18:17:53,707 909 INFO wave4_aml_p63 odoo.modules.loading: loading account/wizard/account_payment_register_views.xml 
2026-09-02 18:17:53,744 909 INFO wave4_aml_p63 odoo.modules.loading: loading account/views/account_move_views.xml 
2026-09-02 18:17:55,020 909 INFO wave4_aml_p63 odoo.modules.loading: loading account/wizard/setup_wizards_view.xml 
2026-09-02 18:17:55,075 909 INFO wave4_aml_p63 odoo.modules.loading: loading account/views/account_account_views.xml 
2026-09-02 18:17:55,155 909 INFO wave4_aml_p63 odoo.modules.loading: loading account/views/account_group_views.xml 
2026-09-02 18:17:55,191 909 INFO wave4_aml_p63 odoo.modules.loading: loading account/views/account_journal_views.xml 
2026-09-02 18:17:55,297 909 INFO wave4_aml_p63 odoo.modules.loading: loading account/views/account_account_tag_views.xml 
2026-09-02 18:17:55,333 909 INFO wave4_aml_p63 odoo.modules.loading: loading account/views/account_bank_statement_views.xml 
2026-09-02 18:17:55,399 909 INFO wave4_aml_p63 odoo.modules.loading: loading account/views/account_reconcile_model_views.xml 
2026-09-02 18:17:55,457 909 INFO wave4_aml_p63 odoo.modules.loading: loading account/views/account_tax_views.xml 
2026-09-02 18:17:55,622 909 INFO wave4_aml_p63 odoo.modules.loading: loading account/views/account_full_reconcile_views.xml 
2026-09-02 18:17:55,647 909 INFO wave4_aml_p63 odoo.modules.loading: loading account/views/account_payment_term_views.xml 
2026-09-02 18:17:55,710 909 INFO wave4_aml_p63 odoo.modules.loading: loading account/views/account_payment_method.xml 
2026-09-02 18:17:55,734 909 INFO wave4_aml_p63 odoo.modules.loading: loading account/views/res_partner_bank_views.xml 
2026-09-02 18:17:55,792 909 INFO wave4_aml_p63 odoo.modules.loading: loading account/views/report_statement.xml 
2026-09-02 18:17:55,827 909 INFO wave4_aml_p63 odoo.modules.loading: loading account/views/terms_template.xml 
2026-09-02 18:17:55,862 909 INFO wave4_aml_p63 odoo.modules.loading: loading account/wizard/account_validate_move_view.xml 
2026-09-02 18:17:55,908 909 INFO wave4_aml_p63 odoo.modules.loading: loading account/views/res_company_views.xml 
2026-09-02 18:17:55,977 909 INFO wave4_aml_p63 odoo.modules.loading: loading account/views/product_view.xml 
2026-09-02 18:17:56,113 909 INFO wave4_aml_p63 odoo.modules.loading: loading account/views/account_analytic_plan_views.xml 
2026-09-02 18:17:56,142 909 INFO wave4_aml_p63 odoo.modules.loading: loading account/views/account_analytic_account_views.xml 
2026-09-02 18:17:56,190 909 INFO wave4_aml_p63 odoo.modules.loading: loading account/views/account_analytic_distribution_model_views.xml 
2026-09-02 18:17:56,245 909 INFO wave4_aml_p63 odoo.modules.loading: loading account/views/account_analytic_line_views.xml 
2026-09-02 18:17:56,335 909 INFO wave4_aml_p63 odoo.modules.loading: loading account/views/report_invoice.xml 
2026-09-02 18:17:56,437 909 INFO wave4_aml_p63 odoo.modules.loading: loading account/report/account_invoice_report_view.xml 
2026-09-02 18:17:56,537 909 INFO wave4_aml_p63 odoo.modules.loading: loading account/views/account_cash_rounding_view.xml 
2026-09-02 18:17:56,579 909 INFO wave4_aml_p63 odoo.modules.loading: loading account/views/ir_actions_views.xml 
2026-09-02 18:17:56,598 909 INFO wave4_aml_p63 odoo.modules.loading: loading account/views/ir_module_views.xml 
2026-09-02 18:17:56,618 909 INFO wave4_aml_p63 odoo.modules.loading: loading account/views/base_document_layout_views.xml 
2026-09-02 18:17:56,644 909 INFO wave4_aml_p63 odoo.modules.loading: loading account/views/res_config_settings_views.xml 
2026-09-02 18:17:56,736 909 INFO wave4_aml_p63 odoo.modules.loading: loading account/views/partner_view.xml 
2026-09-02 18:17:56,858 909 INFO wave4_aml_p63 odoo.modules.loading: loading account/views/account_journal_dashboard_view.xml 
2026-09-02 18:17:56,896 909 INFO wave4_aml_p63 odoo.modules.loading: loading account/views/account_portal_templates.xml 
2026-09-02 18:17:56,975 909 INFO wave4_aml_p63 odoo.modules.loading: loading account/views/report_payment_receipt_templates.xml 
2026-09-02 18:17:56,990 909 INFO wave4_aml_p63 odoo.modules.loading: loading account/data/service_cron.xml 
2026-09-02 18:17:57,038 909 INFO wave4_aml_p63 odoo.modules.loading: loading account/views/account_incoterms_view.xml 
2026-09-02 18:17:57,065 909 INFO wave4_aml_p63 odoo.modules.loading: loading account/data/account_incoterms_data.xml 
2026-09-02 18:17:57,090 909 INFO wave4_aml_p63 odoo.modules.loading: loading account/views/digest_views.xml 
2026-09-02 18:17:57,107 909 INFO wave4_aml_p63 odoo.modules.loading: loading account/wizard/account_move_send_wizard.xml 
2026-09-02 18:17:57,121 909 INFO wave4_aml_p63 odoo.modules.loading: loading account/wizard/account_move_send_batch_wizard.xml 
2026-09-02 18:17:57,136 909 INFO wave4_aml_p63 odoo.modules.loading: loading account/report/account_hash_integrity_templates.xml 
2026-09-02 18:17:57,149 909 INFO wave4_aml_p63 odoo.modules.loading: loading account/views/res_currency.xml 
2026-09-02 18:17:57,168 909 INFO wave4_aml_p63 odoo.modules.loading: loading account/views/res_country_group_view.xml 
2026-09-02 18:17:57,184 909 INFO wave4_aml_p63 odoo.modules.loading: loading account/views/account_menuitem.xml 
2026-09-02 18:17:57,429 909 INFO wave4_aml_p63 odoo.modules.loading: loading account/wizard/account_secure_entries_wizard.xml 
2026-09-02 18:17:57,454 909 INFO wave4_aml_p63 odoo.modules.loading: loading account/views/mail_message_views.xml 
2026-09-02 18:17:57,483 909 INFO wave4_aml_p63 odoo.modules.loading: loading account/wizard/accrued_orders.xml 
2026-09-02 18:17:57,495 909 INFO wave4_aml_p63 odoo.modules.loading: loading account/views/bill_preview_template.xml 
2026-09-02 18:17:57,510 909 INFO wave4_aml_p63 odoo.modules.loading: loading account/data/account_reports_data.xml 
2026-09-02 18:17:57,568 909 INFO wave4_aml_p63 odoo.modules.loading: loading account/views/uom_uom_views.xml 
2026-09-02 18:17:57,586 909 INFO wave4_aml_p63 odoo.modules.loading: loading account/views/product_views.xml 
2026-09-02 18:17:57,610 909 INFO wave4_aml_p63 odoo.modules.loading: loading account/views/tests_shared_js_python.xml 
2026-09-02 18:17:57,618 909 INFO wave4_aml_p63 odoo.modules.loading: loading account/views/account_lock_exception_views.xml 
2026-09-02 18:17:57,631 909 INFO wave4_aml_p63 odoo.modules.loading: loading account/views/report_templates.xml 
2026-09-02 18:17:57,664 909 INFO wave4_aml_p63 odoo.modules.loading: loading account/wizard/account_merge_wizard_views.xml 
2026-09-02 18:17:57,692 909 INFO wave4_aml_p63 odoo.modules.loading: loading account/data/ir_config_parameter_data.xml 
2026-09-02 18:17:57,857 909 INFO wave4_aml_p63 odoo.modules.loading: Module account loaded in 12.20s, 5779 queries (+5779 other) 
2026-09-02 18:17:57,857 909 INFO wave4_aml_p63 odoo.modules.loading: Loading module crm (50/69) 
2026-09-02 18:17:57,919 909 INFO wave4_aml_p63 odoo.registry: module crm: creating or updating database tables 
2026-09-02 18:17:58,634 909 INFO wave4_aml_p63 odoo.addons.mail.models.mail_alias_mixin: Mail alias created for crm.team Sales (id 1) 
2026-09-02 18:17:58,638 909 INFO wave4_aml_p63 odoo.addons.mail.models.mail_alias_mixin: Mail alias created for crm.team Point of Sale (id 3) 
2026-09-02 18:17:58,643 909 INFO wave4_aml_p63 odoo.addons.mail.models.mail_alias_mixin: Mail alias created for crm.team Website (id 2) 
2026-09-02 18:17:59,104 909 INFO wave4_aml_p63 odoo.modules.loading: loading crm/security/crm_security.xml 
2026-09-02 18:17:59,168 909 INFO wave4_aml_p63 odoo.modules.loading: loading crm/security/ir.model.access.csv 
2026-09-02 18:17:59,198 909 INFO wave4_aml_p63 odoo.modules.loading: loading crm/data/crm_lead_merge_template.xml 
2026-09-02 18:17:59,213 909 INFO wave4_aml_p63 odoo.modules.loading: loading crm/data/crm_lead_prediction_data.xml 
2026-09-02 18:17:59,324 909 INFO wave4_aml_p63 odoo.modules.loading: loading crm/data/crm_lost_reason_data.xml 
2026-09-02 18:17:59,334 909 INFO wave4_aml_p63 odoo.modules.loading: loading crm/data/crm_stage_data.xml 
2026-09-02 18:17:59,345 909 INFO wave4_aml_p63 odoo.modules.loading: loading crm/data/crm_team_data.xml 
2026-09-02 18:17:59,376 909 INFO wave4_aml_p63 odoo.modules.loading: loading crm/data/digest_data.xml 
2026-09-02 18:17:59,409 909 INFO wave4_aml_p63 odoo.modules.loading: loading crm/data/ir_action_data.xml 
2026-09-02 18:17:59,460 909 INFO wave4_aml_p63 odoo.modules.loading: loading crm/data/ir_cron_data.xml 
2026-09-02 18:17:59,492 909 INFO wave4_aml_p63 odoo.modules.loading: loading crm/data/mail_message_subtype_data.xml 
2026-09-02 18:17:59,542 909 INFO wave4_aml_p63 odoo.modules.loading: loading crm/data/crm_recurring_plan_data.xml 
2026-09-02 18:17:59,559 909 INFO wave4_aml_p63 odoo.modules.loading: loading crm/data/crm_tour.xml 
2026-09-02 18:17:59,567 909 INFO wave4_aml_p63 odoo.modules.loading: loading crm/wizard/crm_lead_lost_views.xml 
2026-09-02 18:17:59,593 909 INFO wave4_aml_p63 odoo.modules.loading: loading crm/wizard/crm_lead_to_opportunity_views.xml 
2026-09-02 18:17:59,622 909 INFO wave4_aml_p63 odoo.modules.loading: loading crm/wizard/crm_lead_to_opportunity_mass_views.xml 
2026-09-02 18:17:59,642 909 INFO wave4_aml_p63 odoo.modules.loading: loading crm/wizard/crm_merge_opportunities_views.xml 
2026-09-02 18:17:59,659 909 INFO wave4_aml_p63 odoo.modules.loading: loading crm/wizard/crm_lead_pls_update_views.xml 
2026-09-02 18:17:59,690 909 INFO wave4_aml_p63 odoo.modules.loading: loading crm/views/calendar_views.xml 
2026-09-02 18:17:59,713 909 INFO wave4_aml_p63 odoo.modules.loading: loading crm/views/crm_recurring_plan_views.xml 
2026-09-02 18:17:59,757 909 INFO wave4_aml_p63 odoo.modules.loading: loading crm/views/crm_lost_reason_views.xml 
2026-09-02 18:17:59,796 909 INFO wave4_aml_p63 odoo.modules.loading: loading crm/views/crm_stage_views.xml 
2026-09-02 18:17:59,845 909 INFO wave4_aml_p63 odoo.modules.loading: loading crm/views/crm_lead_views.xml 
2026-09-02 18:18:00,484 909 INFO wave4_aml_p63 odoo.modules.loading: loading crm/views/crm_team_member_views.xml 
2026-09-02 18:18:00,702 909 INFO wave4_aml_p63 odoo.modules.loading: loading crm/views/digest_views.xml 
2026-09-02 18:18:00,771 909 INFO wave4_aml_p63 odoo.modules.loading: loading crm/views/mail_activity_plan_views.xml 
2026-09-02 18:18:00,791 909 INFO wave4_aml_p63 odoo.modules.loading: loading crm/views/mail_activity_views.xml 
2026-09-02 18:18:00,818 909 INFO wave4_aml_p63 odoo.modules.loading: loading crm/views/res_config_settings_views.xml 
2026-09-02 18:18:00,949 909 INFO wave4_aml_p63 odoo.modules.loading: loading crm/views/res_partner_views.xml 
2026-09-02 18:18:01,030 909 INFO wave4_aml_p63 odoo.modules.loading: loading crm/views/utm_campaign_views.xml 
2026-09-02 18:18:01,133 909 INFO wave4_aml_p63 odoo.modules.loading: loading crm/report/crm_activity_report_views.xml 
2026-09-02 18:18:01,310 909 INFO wave4_aml_p63 odoo.modules.loading: loading crm/report/crm_opportunity_report_views.xml 
2026-09-02 18:18:01,533 909 INFO wave4_aml_p63 odoo.modules.loading: loading crm/views/crm_team_views.xml 
2026-09-02 18:18:01,833 909 INFO wave4_aml_p63 odoo.modules.loading: loading crm/views/crm_menu_views.xml 
2026-09-02 18:18:02,235 909 INFO wave4_aml_p63 odoo.modules.loading: loading crm/views/crm_helper_templates.xml 
2026-09-02 18:18:02,389 909 INFO wave4_aml_p63 odoo.modules.loading: Module crm loaded in 4.53s, 1994 queries (+1994 other) 
2026-09-02 18:18:02,389 909 INFO wave4_aml_p63 odoo.modules.loading: Loading module spreadsheet_dashboard (51/69) 
2026-09-02 18:18:02,421 909 INFO wave4_aml_p63 odoo.registry: module spreadsheet_dashboard: creating or updating database tables 
2026-09-02 18:18:02,852 909 INFO wave4_aml_p63 odoo.modules.loading: loading spreadsheet_dashboard/security/security.xml 
2026-09-02 18:18:02,962 909 INFO wave4_aml_p63 odoo.modules.loading: loading spreadsheet_dashboard/security/ir.model.access.csv 
2026-09-02 18:18:02,985 909 INFO wave4_aml_p63 odoo.modules.loading: loading spreadsheet_dashboard/views/spreadsheet_dashboard_views.xml 
2026-09-02 18:18:03,050 909 INFO wave4_aml_p63 odoo.modules.loading: loading spreadsheet_dashboard/views/menu_views.xml 
2026-09-02 18:18:03,109 909 INFO wave4_aml_p63 odoo.modules.loading: loading spreadsheet_dashboard/data/dashboard.xml 
2026-09-02 18:18:03,178 909 INFO wave4_aml_p63 odoo.modules.loading: Module spreadsheet_dashboard loaded in 0.79s, 313 queries (+313 other) 
2026-09-02 18:18:03,178 909 INFO wave4_aml_p63 odoo.modules.loading: Loading module website (52/69) 
2026-09-02 18:18:03,608 909 INFO wave4_aml_p63 odoo.registry: module website: creating or updating database tables 
2026-09-02 18:18:03,851 909 INFO wave4_aml_p63 odoo.models: Prepare computation of ir.ui.view.is_seo_optimized 
2026-09-02 18:18:03,871 909 INFO wave4_aml_p63 odoo.models: Prepare computation of res.company.website_id 
2026-09-02 18:18:09,285 909 INFO wave4_aml_p63 odoo.modules.loading: loading website/security/website_security.xml 
2026-09-02 18:18:09,552 909 INFO wave4_aml_p63 odoo.modules.loading: loading website/security/ir.model.access.csv 
2026-09-02 18:18:09,626 909 INFO wave4_aml_p63 odoo.modules.loading: loading website/data/image_library.xml 
2026-09-02 18:18:10,647 909 INFO wave4_aml_p63 odoo.modules.loading: loading website/data/ir_asset.xml 
2026-09-02 18:18:10,663 909 INFO wave4_aml_p63 odoo.modules.loading: loading website/data/ir_cron_data.xml 
2026-09-02 18:18:10,725 909 INFO wave4_aml_p63 odoo.modules.loading: loading website/data/mail_mail_data.xml 
2026-09-02 18:18:10,735 909 INFO wave4_aml_p63 odoo.modules.loading: loading website/data/website_data.xml 
2026-09-02 18:18:11,227 909 INFO wave4_aml_p63 odoo.modules.loading: loading website/data/website_visitor_cron.xml 
2026-09-02 18:18:11,311 909 INFO wave4_aml_p63 odoo.modules.loading: loading website/data/digest_data.xml 
2026-09-02 18:18:11,360 909 INFO wave4_aml_p63 odoo.modules.loading: loading website/views/website_technical_views.xml 
2026-09-02 18:18:11,408 909 INFO wave4_aml_p63 odoo.modules.loading: loading website/views/website_templates.xml 
2026-09-02 18:18:16,443 909 INFO wave4_aml_p63 odoo.modules.loading: loading website/views/snippets/snippets.xml 
2026-09-02 18:18:16,507 909 INFO wave4_aml_p63 odoo.modules.loading: loading website/views/snippets/s_announcement_scroll.xml 
2026-09-02 18:18:16,533 909 INFO wave4_aml_p63 odoo.modules.loading: loading website/views/snippets/s_framed_intro.xml 
2026-09-02 18:18:16,552 909 INFO wave4_aml_p63 odoo.modules.loading: loading website/views/snippets/s_title.xml 
2026-09-02 18:18:16,577 909 INFO wave4_aml_p63 odoo.modules.loading: loading website/views/snippets/s_cover.xml 
2026-09-02 18:18:16,597 909 INFO wave4_aml_p63 odoo.modules.loading: loading website/views/snippets/s_text_cover.xml 
2026-09-02 18:18:16,622 909 INFO wave4_aml_p63 odoo.modules.loading: loading website/views/snippets/s_image_text_box.xml 
2026-09-02 18:18:16,644 909 INFO wave4_aml_p63 odoo.modules.loading: loading website/views/snippets/s_striped_top.xml 
2026-09-02 18:18:16,666 909 INFO wave4_aml_p63 odoo.modules.loading: loading website/views/snippets/s_text_image.xml 
2026-09-02 18:18:16,686 909 INFO wave4_aml_p63 odoo.modules.loading: loading website/views/snippets/s_image_text.xml 
2026-09-02 18:18:16,710 909 INFO wave4_aml_p63 odoo.modules.loading: loading website/views/snippets/s_mockup_image.xml 
2026-09-02 18:18:16,730 909 INFO wave4_aml_p63 odoo.modules.loading: loading website/views/snippets/s_instagram_page.xml 
2026-09-02 18:18:16,753 909 INFO wave4_aml_p63 odoo.modules.loading: loading website/views/snippets/s_image_text_overlap.xml 
2026-09-02 18:18:16,772 909 INFO wave4_aml_p63 odoo.modules.loading: loading website/views/snippets/s_banner.xml 
2026-09-02 18:18:16,798 909 INFO wave4_aml_p63 odoo.modules.loading: loading website/views/snippets/s_bento_block.xml 
2026-09-02 18:18:16,824 909 INFO wave4_aml_p63 odoo.modules.loading: loading website/views/snippets/s_snippet_group.xml 
2026-09-02 18:18:16,840 909 INFO wave4_aml_p63 odoo.modules.loading: loading website/views/snippets/s_text_block.xml 
2026-09-02 18:18:16,860 909 INFO wave4_aml_p63 odoo.modules.loading: loading website/views/snippets/s_features.xml 
2026-09-02 18:18:16,885 909 INFO wave4_aml_p63 odoo.modules.loading: loading website/views/snippets/s_features_wall.xml 
2026-09-02 18:18:16,905 909 INFO wave4_aml_p63 odoo.modules.loading: loading website/views/snippets/s_three_columns.xml 
2026-09-02 18:18:16,938 909 INFO wave4_aml_p63 odoo.modules.loading: loading website/views/snippets/s_key_benefits.xml 
2026-09-02 18:18:16,963 909 INFO wave4_aml_p63 odoo.modules.loading: loading website/views/snippets/s_picture.xml 
2026-09-02 18:18:16,985 909 INFO wave4_aml_p63 odoo.modules.loading: loading website/views/snippets/s_image_punchy.xml 
2026-09-02 18:18:17,009 909 INFO wave4_aml_p63 odoo.modules.loading: loading website/views/snippets/s_bento_grid.xml 
2026-09-02 18:18:17,035 909 INFO wave4_aml_p63 odoo.modules.loading: loading website/views/snippets/s_carousel.xml 
2026-09-02 18:18:17,070 909 INFO wave4_aml_p63 odoo.modules.loading: loading website/views/snippets/s_carousel_intro.xml 
2026-09-02 18:18:17,106 909 INFO wave4_aml_p63 odoo.modules.loading: loading website/views/snippets/s_carousel_cards.xml 
2026-09-02 18:18:17,148 909 INFO wave4_aml_p63 odoo.modules.loading: loading website/views/snippets/s_alert.xml 
2026-09-02 18:18:17,187 909 INFO wave4_aml_p63 odoo.modules.loading: loading website/views/snippets/s_motto.xml 
2026-09-02 18:18:17,205 909 INFO wave4_aml_p63 odoo.modules.loading: loading website/views/snippets/s_card.xml 
2026-09-02 18:18:17,228 909 INFO wave4_aml_p63 odoo.modules.loading: loading website/views/snippets/s_cards_grid.xml 
2026-09-02 18:18:17,243 909 INFO wave4_aml_p63 odoo.modules.loading: loading website/views/snippets/s_cards_soft.xml 
2026-09-02 18:18:17,256 909 INFO wave4_aml_p63 odoo.modules.loading: loading website/views/snippets/s_share.xml 
2026-09-02 18:18:17,281 909 INFO wave4_aml_p63 odoo.modules.loading: loading website/views/snippets/s_social_media.xml 
2026-09-02 18:18:17,305 909 INFO wave4_aml_p63 odoo.modules.loading: loading website/views/snippets/s_rating.xml 
2026-09-02 18:18:17,338 909 INFO wave4_aml_p63 odoo.modules.loading: loading website/views/snippets/s_hr.xml 
2026-09-02 18:18:17,355 909 INFO wave4_aml_p63 odoo.modules.loading: loading website/views/snippets/s_closer_look.xml 
2026-09-02 18:18:17,378 909 INFO wave4_aml_p63 odoo.modules.loading: loading website/views/snippets/s_facebook_page.xml 
2026-09-02 18:18:17,405 909 INFO wave4_aml_p63 odoo.modules.loading: loading website/views/snippets/s_image_gallery.xml 
2026-09-02 18:18:17,490 909 INFO wave4_aml_p63 odoo.modules.loading: loading website/views/snippets/s_countdown.xml 
2026-09-02 18:18:17,555 909 INFO wave4_aml_p63 odoo.modules.loading: loading website/views/snippets/s_product_catalog.xml 
2026-09-02 18:18:17,638 909 INFO wave4_aml_p63 odoo.modules.loading: loading website/views/snippets/s_comparisons.xml 
2026-09-02 18:18:17,705 909 INFO wave4_aml_p63 odoo.modules.loading: loading website/views/snippets/s_comparisons_horizontal.xml 
2026-09-02 18:18:17,749 909 INFO wave4_aml_p63 odoo.modules.loading: loading website/views/snippets/s_company_team.xml 
2026-09-02 18:18:17,781 909 INFO wave4_aml_p63 odoo.modules.loading: loading website/views/snippets/s_company_team_basic.xml 
2026-09-02 18:18:17,803 909 INFO wave4_aml_p63 odoo.modules.loading: loading website/views/snippets/s_company_team_shapes.xml 
2026-09-02 18:18:17,832 909 INFO wave4_aml_p63 odoo.modules.loading: loading website/views/snippets/s_company_team_detail.xml 
2026-09-02 18:18:17,872 909 INFO wave4_aml_p63 odoo.modules.loading: loading website/views/snippets/s_company_team_spotlight.xml 
2026-09-02 18:18:17,904 909 INFO wave4_aml_p63 odoo.modules.loading: loading website/views/snippets/s_company_team_grid.xml 
2026-09-02 18:18:17,946 909 INFO wave4_aml_p63 odoo.modules.loading: loading website/views/snippets/s_company_team_card.xml 
2026-09-02 18:18:17,988 909 INFO wave4_aml_p63 odoo.modules.loading: loading website/views/snippets/s_call_to_action.xml 
2026-09-02 18:18:18,025 909 INFO wave4_aml_p63 odoo.modules.loading: loading website/views/snippets/s_references.xml 
2026-09-02 18:18:18,055 909 INFO wave4_aml_p63 odoo.modules.loading: loading website/views/snippets/s_references_social.xml 
2026-09-02 18:18:18,098 909 INFO wave4_aml_p63 odoo.modules.loading: loading website/views/snippets/s_references_grid.xml 
2026-09-02 18:18:18,146 909 INFO wave4_aml_p63 odoo.modules.loading: loading website/views/snippets/s_popup.xml 
2026-09-02 18:18:18,203 909 INFO wave4_aml_p63 odoo.modules.loading: loading website/views/snippets/s_faq_list.xml 
2026-09-02 18:18:18,229 909 INFO wave4_aml_p63 odoo.modules.loading: loading website/views/snippets/s_faq_collapse.xml 
2026-09-02 18:18:18,249 909 INFO wave4_aml_p63 odoo.modules.loading: loading website/views/snippets/s_features_grid.xml 
2026-09-02 18:18:18,293 909 INFO wave4_aml_p63 odoo.modules.loading: loading website/views/snippets/s_features_wave.xml 
2026-09-02 18:18:18,357 909 INFO wave4_aml_p63 odoo.modules.loading: loading website/views/snippets/s_tabs.xml 
2026-09-02 18:18:18,420 909 INFO wave4_aml_p63 odoo.modules.loading: loading website/views/snippets/s_tabs_images.xml 
2026-09-02 18:18:18,468 909 INFO wave4_aml_p63 odoo.modules.loading: loading website/views/snippets/s_table_of_content.xml 
2026-09-02 18:18:18,520 909 INFO wave4_aml_p63 odoo.modules.loading: loading website/views/snippets/s_images_constellation.xml 
2026-09-02 18:18:18,550 909 INFO wave4_aml_p63 odoo.modules.loading: loading website/views/snippets/s_chart.xml 
2026-09-02 18:18:18,581 909 INFO wave4_aml_p63 odoo.modules.loading: loading website/views/snippets/s_parallax.xml 
2026-09-02 18:18:18,621 909 INFO wave4_aml_p63 odoo.modules.loading: loading website/views/snippets/s_quotes_carousel.xml 
2026-09-02 18:18:18,689 909 INFO wave4_aml_p63 odoo.modules.loading: loading website/views/snippets/s_numbers_grid.xml 
2026-09-02 18:18:18,723 909 INFO wave4_aml_p63 odoo.modules.loading: loading website/views/snippets/s_quotes_carousel_minimal.xml 
2026-09-02 18:18:18,754 909 INFO wave4_aml_p63 odoo.modules.loading: loading website/views/snippets/s_quotes_carousel_compact.xml 
2026-09-02 18:18:18,791 909 INFO wave4_aml_p63 odoo.modules.loading: loading website/views/snippets/s_numbers.xml 
2026-09-02 18:18:18,825 909 INFO wave4_aml_p63 odoo.modules.loading: loading website/views/snippets/s_contact_info.xml 
2026-09-02 18:18:18,852 909 INFO wave4_aml_p63 odoo.modules.loading: loading website/views/snippets/s_numbers_boxed.xml 
2026-09-02 18:18:18,882 909 INFO wave4_aml_p63 odoo.modules.loading: loading website/views/snippets/s_cta_box.xml 
2026-09-02 18:18:18,928 909 INFO wave4_aml_p63 odoo.modules.loading: loading website/views/snippets/s_numbers_framed.xml 
2026-09-02 18:18:18,951 909 INFO wave4_aml_p63 odoo.modules.loading: loading website/views/snippets/s_masonry_block.xml 
2026-09-02 18:18:19,194 909 INFO wave4_aml_p63 odoo.modules.loading: loading website/views/snippets/s_sidegrid.xml 
2026-09-02 18:18:19,231 909 INFO wave4_aml_p63 odoo.modules.loading: loading website/views/snippets/s_media_list.xml 
2026-09-02 18:18:19,281 909 INFO wave4_aml_p63 odoo.modules.loading: loading website/views/snippets/s_showcase.xml 
2026-09-02 18:18:19,372 909 INFO wave4_aml_p63 odoo.modules.loading: loading website/views/snippets/s_faq_horizontal.xml 
2026-09-02 18:18:19,411 909 INFO wave4_aml_p63 odoo.modules.loading: loading website/views/snippets/s_floating_blocks.xml 
2026-09-02 18:18:19,451 909 INFO wave4_aml_p63 odoo.modules.loading: loading website/views/snippets/s_opening_hours.xml 
2026-09-02 18:18:19,487 909 INFO wave4_aml_p63 odoo.modules.loading: loading website/views/snippets/s_timeline.xml 
2026-09-02 18:18:19,561 909 INFO wave4_aml_p63 odoo.modules.loading: loading website/views/snippets/s_timeline_images.xml 
2026-09-02 18:18:19,587 909 INFO wave4_aml_p63 odoo.modules.loading: loading website/views/snippets/s_timeline_list.xml 
2026-09-02 18:18:19,623 909 INFO wave4_aml_p63 odoo.modules.loading: loading website/views/snippets/s_process_steps.xml 
2026-09-02 18:18:19,665 909 INFO wave4_aml_p63 odoo.modules.loading: loading website/views/snippets/s_accordion.xml 
2026-09-02 18:18:19,688 909 INFO wave4_aml_p63 odoo.modules.loading: loading website/views/snippets/s_website_form_info.xml 
2026-09-02 18:18:19,703 909 INFO wave4_aml_p63 odoo.modules.loading: loading website/views/snippets/s_numbers_showcase.xml 
2026-09-02 18:18:19,728 909 INFO wave4_aml_p63 odoo.modules.loading: loading website/views/snippets/s_numbers_charts.xml 
2026-09-02 18:18:19,753 909 INFO wave4_aml_p63 odoo.modules.loading: loading website/views/snippets/s_accordion_image.xml 
2026-09-02 18:18:19,773 909 INFO wave4_aml_p63 odoo.modules.loading: loading website/views/snippets/s_pricelist_boxed.xml 
2026-09-02 18:18:19,811 909 INFO wave4_aml_p63 odoo.modules.loading: loading website/views/snippets/s_adventure.xml 
2026-09-02 18:18:19,827 909 INFO wave4_aml_p63 odoo.modules.loading: loading website/views/snippets/s_image_title.xml 
2026-09-02 18:18:19,843 909 INFO wave4_aml_p63 odoo.modules.loading: loading website/views/snippets/s_key_images.xml 
2026-09-02 18:18:19,865 909 INFO wave4_aml_p63 odoo.modules.loading: loading website/views/snippets/s_kickoff.xml 
2026-09-02 18:18:19,881 909 INFO wave4_aml_p63 odoo.modules.loading: loading website/views/snippets/s_discovery.xml 
2026-09-02 18:18:19,897 909 INFO wave4_aml_p63 odoo.modules.loading: loading website/views/snippets/s_bento_banner.xml 
2026-09-02 18:18:19,917 909 INFO wave4_aml_p63 odoo.modules.loading: loading website/views/snippets/s_striped.xml 
2026-09-02 18:18:19,932 909 INFO wave4_aml_p63 odoo.modules.loading: loading website/views/snippets/s_intro_pill.xml 
2026-09-02 18:18:19,952 909 INFO wave4_aml_p63 odoo.modules.loading: loading website/views/snippets/s_big_number.xml 
2026-09-02 18:18:19,970 909 INFO wave4_aml_p63 odoo.modules.loading: loading website/views/snippets/s_wavy_grid.xml 
2026-09-02 18:18:19,989 909 INFO wave4_aml_p63 odoo.modules.loading: loading website/views/snippets/s_images_mosaic.xml 
2026-09-02 18:18:20,010 909 INFO wave4_aml_p63 odoo.modules.loading: loading website/views/snippets/s_shape_image.xml 
2026-09-02 18:18:20,048 909 INFO wave4_aml_p63 odoo.modules.loading: loading website/views/snippets/s_empowerment.xml 
2026-09-02 18:18:20,084 909 INFO wave4_aml_p63 odoo.modules.loading: loading website/views/snippets/s_split_intro.xml 
2026-09-02 18:18:20,107 909 INFO wave4_aml_p63 odoo.modules.loading: loading website/views/snippets/s_text_highlight.xml 
2026-09-02 18:18:20,135 909 INFO wave4_aml_p63 odoo.modules.loading: loading website/views/snippets/s_pricelist_cafe.xml 
2026-09-02 18:18:20,188 909 INFO wave4_aml_p63 odoo.modules.loading: loading website/views/snippets/s_progress_bar.xml 
2026-09-02 18:18:20,213 909 INFO wave4_aml_p63 odoo.modules.loading: loading website/views/snippets/s_blockquote.xml 
2026-09-02 18:18:20,244 909 INFO wave4_aml_p63 odoo.modules.loading: loading website/views/snippets/s_badge.xml 
2026-09-02 18:18:20,269 909 INFO wave4_aml_p63 odoo.modules.loading: loading website/views/snippets/s_color_blocks_2.xml 
2026-09-02 18:18:20,290 909 INFO wave4_aml_p63 odoo.modules.loading: loading website/views/snippets/s_attributes_horizontal.xml 
2026-09-02 18:18:20,322 909 INFO wave4_aml_p63 odoo.modules.loading: loading website/views/snippets/s_attributes_vertical.xml 
2026-09-02 18:18:20,368 909 INFO wave4_aml_p63 odoo.modules.loading: loading website/views/snippets/s_product_list.xml 
2026-09-02 18:18:20,403 909 INFO wave4_aml_p63 odoo.modules.loading: loading website/views/snippets/s_mega_menu_multi_menus.xml 
2026-09-02 18:18:20,426 909 INFO wave4_aml_p63 odoo.modules.loading: loading website/views/snippets/s_mega_menu_menu_image_menu.xml 
2026-09-02 18:18:20,444 909 INFO wave4_aml_p63 odoo.modules.loading: loading website/views/snippets/s_mega_menu_thumbnails.xml 
2026-09-02 18:18:20,475 909 INFO wave4_aml_p63 odoo.modules.loading: loading website/views/snippets/s_mega_menu_little_icons.xml 
2026-09-02 18:18:20,501 909 INFO wave4_aml_p63 odoo.modules.loading: loading website/views/snippets/s_mega_menu_images_subtitles.xml 
2026-09-02 18:18:20,544 909 INFO wave4_aml_p63 odoo.modules.loading: loading website/views/snippets/s_mega_menu_menus_logos.xml 
2026-09-02 18:18:20,570 909 INFO wave4_aml_p63 odoo.modules.loading: loading website/views/snippets/s_mega_menu_odoo_menu.xml 
2026-09-02 18:18:20,592 909 INFO wave4_aml_p63 odoo.modules.loading: loading website/views/snippets/s_mega_menu_big_icons_subtitles.xml 
2026-09-02 18:18:20,626 909 INFO wave4_aml_p63 odoo.modules.loading: loading website/views/snippets/s_mega_menu_cards.xml 
2026-09-02 18:18:20,667 909 INFO wave4_aml_p63 odoo.modules.loading: loading website/views/snippets/s_google_map.xml 
2026-09-02 18:18:20,685 909 INFO wave4_aml_p63 odoo.modules.loading: loading website/views/snippets/s_cta_mockups.xml 
2026-09-02 18:18:20,702 909 INFO wave4_aml_p63 odoo.modules.loading: loading website/views/snippets/s_map.xml 
2026-09-02 18:18:20,720 909 INFO wave4_aml_p63 odoo.modules.loading: loading website/views/snippets/s_dynamic_snippet.xml 
2026-09-02 18:18:20,757 909 INFO wave4_aml_p63 odoo.modules.loading: loading website/views/snippets/s_dynamic_snippet_carousel.xml 
2026-09-02 18:18:20,796 909 INFO wave4_aml_p63 odoo.modules.loading: loading website/views/snippets/s_banner_product.xml 
2026-09-02 18:18:20,833 909 INFO wave4_aml_p63 odoo.modules.loading: loading website/views/snippets/s_embed_code.xml 
2026-09-02 18:18:20,884 909 INFO wave4_aml_p63 odoo.modules.loading: loading website/views/snippets/s_website_form.xml 
2026-09-02 18:18:20,976 909 INFO wave4_aml_p63 odoo.modules.loading: loading website/views/snippets/s_website_form_overlay.xml 
2026-09-02 18:18:21,024 909 INFO wave4_aml_p63 odoo.modules.loading: loading website/views/snippets/s_title_form.xml 
2026-09-02 18:18:21,062 909 INFO wave4_aml_p63 odoo.modules.loading: loading website/views/snippets/s_searchbar.xml 
2026-09-02 18:18:21,143 909 INFO wave4_aml_p63 odoo.modules.loading: loading website/views/snippets/s_inline_text.xml 
2026-09-02 18:18:21,185 909 INFO wave4_aml_p63 odoo.modules.loading: loading website/views/snippets/s_button.xml 
2026-09-02 18:18:21,220 909 INFO wave4_aml_p63 odoo.modules.loading: loading website/views/snippets/s_freegrid.xml 
2026-09-02 18:18:21,255 909 INFO wave4_aml_p63 odoo.modules.loading: loading website/views/snippets/s_card_offset.xml 
2026-09-02 18:18:21,304 909 INFO wave4_aml_p63 odoo.modules.loading: loading website/views/snippets/s_image.xml 
2026-09-02 18:18:21,334 909 INFO wave4_aml_p63 odoo.modules.loading: loading website/views/snippets/s_video.xml 
2026-09-02 18:18:21,391 909 INFO wave4_aml_p63 odoo.modules.loading: loading website/views/snippets/s_cta_badge.xml 
2026-09-02 18:18:21,444 909 INFO wave4_aml_p63 odoo.modules.loading: loading website/views/snippets/s_unveil.xml 
2026-09-02 18:18:21,477 909 INFO wave4_aml_p63 odoo.modules.loading: loading website/views/snippets/s_image_hexagonal.xml 
2026-09-02 18:18:21,496 909 INFO wave4_aml_p63 odoo.modules.loading: loading website/views/snippets/s_striped_center_top.xml 
2026-09-02 18:18:21,512 909 INFO wave4_aml_p63 odoo.modules.loading: loading website/views/snippets/s_numbers_list.xml 
2026-09-02 18:18:21,529 909 INFO wave4_aml_p63 odoo.modules.loading: loading website/views/snippets/s_quadrant.xml 
2026-09-02 18:18:21,554 909 INFO wave4_aml_p63 odoo.modules.loading: loading website/views/snippets/s_cta_card.xml 
2026-09-02 18:18:21,571 909 INFO wave4_aml_p63 odoo.modules.loading: loading website/views/snippets/s_image_frame.xml 
2026-09-02 18:18:21,587 909 INFO wave4_aml_p63 odoo.modules.loading: loading website/views/snippets/s_cta_mobile.xml 
2026-09-02 18:18:21,603 909 INFO wave4_aml_p63 odoo.modules.loading: loading website/views/snippets/s_reviews_wall.xml 
2026-09-02 18:18:21,637 909 INFO wave4_aml_p63 odoo.modules.loading: loading website/views/snippets/s_website_form_cover.xml 
2026-09-02 18:18:21,657 909 INFO wave4_aml_p63 odoo.modules.loading: loading website/views/snippets/s_form_aside.xml 
2026-09-02 18:18:21,673 909 INFO wave4_aml_p63 odoo.modules.loading: loading website/views/snippets/s_banner_connected.xml 
2026-09-02 18:18:21,691 909 INFO wave4_aml_p63 odoo.modules.loading: loading website/views/snippets/s_ecomm_categories_showcase.xml 
2026-09-02 18:18:21,713 909 INFO wave4_aml_p63 odoo.modules.loading: loading website/views/snippets/s_banner_categories.xml 
2026-09-02 18:18:21,737 909 INFO wave4_aml_p63 odoo.modules.loading: loading website/views/new_page_template_templates.xml 
2026-09-02 18:18:26,207 909 INFO wave4_aml_p63 odoo.addons.website.models.ir_module_module: Generated 227 primary snippet templates for 'website' 
2026-09-02 18:18:26,444 909 INFO wave4_aml_p63 odoo.addons.website.models.ir_module_module: Generated 39 primary page templates for 'website' 
2026-09-02 18:18:26,445 909 INFO wave4_aml_p63 odoo.modules.loading: loading website/views/website_views.xml 
2026-09-02 18:18:26,950 909 INFO wave4_aml_p63 odoo.modules.loading: loading website/views/website_pages_views.xml 
2026-09-02 18:18:27,135 909 INFO wave4_aml_p63 odoo.modules.loading: loading website/views/website_controller_pages_views.xml 
2026-09-02 18:18:27,233 909 INFO wave4_aml_p63 odoo.modules.loading: loading website/views/website_visitor_views.xml 
2026-09-02 18:18:27,462 909 INFO wave4_aml_p63 odoo.modules.loading: loading website/views/res_config_settings_views.xml 
2026-09-02 18:18:27,671 909 INFO wave4_aml_p63 odoo.modules.loading: loading website/views/website_rewrite.xml 
2026-09-02 18:18:27,751 909 INFO wave4_aml_p63 odoo.modules.loading: loading website/views/ir_actions_server_views.xml 
2026-09-02 18:18:27,830 909 INFO wave4_aml_p63 odoo.modules.loading: loading website/views/ir_asset_views.xml 
2026-09-02 18:18:27,892 909 INFO wave4_aml_p63 odoo.modules.loading: loading website/views/ir_attachment_views.xml 
2026-09-02 18:18:27,953 909 INFO wave4_aml_p63 odoo.modules.loading: loading website/views/ir_model_views.xml 
2026-09-02 18:18:28,034 909 INFO wave4_aml_p63 odoo.modules.loading: loading website/views/res_partner_views.xml 
2026-09-02 18:18:28,096 909 INFO wave4_aml_p63 odoo.modules.loading: loading website/views/neutralize_views.xml 
2026-09-02 18:18:28,117 909 INFO wave4_aml_p63 odoo.modules.loading: loading website/wizard/base_language_install_views.xml 
2026-09-02 18:18:28,136 909 INFO wave4_aml_p63 odoo.modules.loading: loading website/wizard/blocked_third_party_domains.xml 
2026-09-02 18:18:28,150 909 INFO wave4_aml_p63 odoo.modules.loading: loading website/wizard/website_robots.xml 
2026-09-02 18:18:28,164 909 INFO wave4_aml_p63 odoo.modules.loading: loading website/data/update_theme_images.xml 
2026-09-02 18:18:28,301 909 INFO wave4_aml_p63 odoo.modules.loading: loading website/views/website_templates_svg.xml 
2026-09-02 18:18:28,514 909 INFO wave4_aml_p63 odoo.modules.loading: Module website loaded in 25.34s, 8700 queries (+8700 other) 
2026-09-02 18:18:28,514 909 INFO wave4_aml_p63 odoo.modules.loading: Loading module account_add_gln (53/69) 
2026-09-02 18:18:28,587 909 INFO wave4_aml_p63 odoo.registry: module account_add_gln: creating or updating database tables 
2026-09-02 18:18:28,892 909 INFO wave4_aml_p63 odoo.modules.loading: loading account_add_gln/views/res_partner_views.xml 
2026-09-02 18:18:28,991 909 INFO wave4_aml_p63 odoo.modules.loading: Module account_add_gln loaded in 0.48s, 109 queries (+109 other) 
2026-09-02 18:18:28,991 909 INFO wave4_aml_p63 odoo.modules.loading: Loading module account_edi_ubl_cii (54/69) 
2026-09-02 18:18:29,093 909 INFO wave4_aml_p63 odoo.registry: module account_edi_ubl_cii: creating or updating database tables 
2026-09-02 18:18:29,151 909 INFO wave4_aml_p63 odoo.models: Prepare computation of res.partner.peppol_endpoint 
2026-09-02 18:18:29,151 909 INFO wave4_aml_p63 odoo.models: Prepare computation of res.partner.peppol_eas 
2026-09-02 18:18:29,555 909 INFO wave4_aml_p63 odoo.modules.loading: loading account_edi_ubl_cii/data/cii_22_templates.xml 
2026-09-02 18:18:29,618 909 INFO wave4_aml_p63 odoo.modules.loading: loading account_edi_ubl_cii/data/ir_config_parameter_data.xml 
2026-09-02 18:18:29,629 909 INFO wave4_aml_p63 odoo.modules.loading: loading account_edi_ubl_cii/views/account_tax_views.xml 
2026-09-02 18:18:29,674 909 INFO wave4_aml_p63 odoo.modules.loading: loading account_edi_ubl_cii/views/account_move_views.xml 
2026-09-02 18:18:29,711 909 INFO wave4_aml_p63 odoo.modules.loading: loading account_edi_ubl_cii/views/res_partner_views.xml 
2026-09-02 18:18:29,742 909 INFO wave4_aml_p63 odoo.modules.loading: loading account_edi_ubl_cii/report/account_edi_ubl_cii_report_templates.xml 
2026-09-02 18:18:29,920 909 INFO wave4_aml_p63 odoo.modules.loading: Module account_edi_ubl_cii loaded in 0.93s, 383 queries (+383 other) 
2026-09-02 18:18:29,920 909 INFO wave4_aml_p63 odoo.modules.loading: Loading module account_payment (55/69) 
2026-09-02 18:18:30,012 909 INFO wave4_aml_p63 odoo.registry: module account_payment: creating or updating database tables 
2026-09-02 18:18:30,444 909 INFO wave4_aml_p63 odoo.modules.loading: loading account_payment/data/ir_config_parameter.xml 
2026-09-02 18:18:30,455 909 INFO wave4_aml_p63 odoo.modules.loading: loading account_payment/security/ir.model.access.csv 
2026-09-02 18:18:30,481 909 INFO wave4_aml_p63 odoo.modules.loading: loading account_payment/security/ir_rules.xml 
2026-09-02 18:18:30,510 909 INFO wave4_aml_p63 odoo.modules.loading: loading account_payment/views/account_payment_menus.xml 
2026-09-02 18:18:30,570 909 INFO wave4_aml_p63 odoo.modules.loading: loading account_payment/views/account_portal_templates.xml 
2026-09-02 18:18:30,767 909 INFO wave4_aml_p63 odoo.modules.loading: loading account_payment/views/account_move_views.xml 
2026-09-02 18:18:30,821 909 INFO wave4_aml_p63 odoo.modules.loading: loading account_payment/views/account_journal_views.xml 
2026-09-02 18:18:30,852 909 INFO wave4_aml_p63 odoo.modules.loading: loading account_payment/views/account_payment_views.xml 
2026-09-02 18:18:30,912 909 INFO wave4_aml_p63 odoo.modules.loading: loading account_payment/views/payment_form_templates.xml 
2026-09-02 18:18:30,949 909 INFO wave4_aml_p63 odoo.modules.loading: loading account_payment/views/payment_provider_views.xml 
2026-09-02 18:18:30,994 909 INFO wave4_aml_p63 odoo.modules.loading: loading account_payment/views/payment_transaction_views.xml 
2026-09-02 18:18:31,022 909 INFO wave4_aml_p63 odoo.modules.loading: loading account_payment/wizards/account_payment_register_views.xml 
2026-09-02 18:18:31,049 909 INFO wave4_aml_p63 odoo.modules.loading: loading account_payment/wizards/payment_link_wizard_views.xml 
2026-09-02 18:18:31,097 909 INFO wave4_aml_p63 odoo.modules.loading: loading account_payment/wizards/payment_refund_wizard_views.xml 
2026-09-02 18:18:31,119 909 INFO wave4_aml_p63 odoo.modules.loading: loading account_payment/wizards/res_config_settings_views.xml 
2026-09-02 18:18:31,215 909 INFO wave4_aml_p63 odoo.modules.loading: Module account_payment loaded in 1.30s, 584 queries (+584 other) 
2026-09-02 18:18:31,216 909 INFO wave4_aml_p63 odoo.modules.loading: Loading module crm_sms (56/69) 
2026-09-02 18:18:31,247 909 INFO wave4_aml_p63 odoo.modules.loading: loading crm_sms/views/crm_lead_views.xml 
2026-09-02 18:18:31,360 909 INFO wave4_aml_p63 odoo.modules.loading: loading crm_sms/security/ir.model.access.csv 
2026-09-02 18:18:31,372 909 INFO wave4_aml_p63 odoo.modules.loading: loading crm_sms/security/sms_security.xml 
2026-09-02 18:18:31,427 909 INFO wave4_aml_p63 odoo.modules.loading: Module crm_sms loaded in 0.21s, 91 queries (+91 other) 
2026-09-02 18:18:31,428 909 INFO wave4_aml_p63 odoo.modules.loading: Loading module iap_crm (57/69) 
2026-09-02 18:18:31,459 909 INFO wave4_aml_p63 odoo.registry: module iap_crm: creating or updating database tables 
2026-09-02 18:18:31,625 909 INFO wave4_aml_p63 odoo.modules.loading: Module iap_crm loaded in 0.20s, 72 queries (+72 other) 
2026-09-02 18:18:31,625 909 INFO wave4_aml_p63 odoo.modules.loading: Loading module kyc_management (58/69) 
2026-09-02 18:18:31,915 909 INFO wave4_aml_p63 odoo.registry: module kyc_management: creating or updating database tables 
2026-09-02 18:18:32,075 909 INFO wave4_aml_p63 odoo.models: Prepare computation of res.partner.x_is_pep 
2026-09-02 18:18:32,157 909 WARNING wave4_aml_p63 odoo.addons.base.models.ir_model: Two fields (x_currency_id, currency_id) of res.partner() have the same label: Currency. [Modules: kyc_management and account] 
2026-09-02 18:18:32,157 909 WARNING wave4_aml_p63 odoo.addons.base.models.ir_model: Two fields (x_currency_id, currency_id) of res.users() have the same label: Currency. [Modules: None and None] 
<string>:8: (WARNING/2) Line block ends without a blank line.
<string>:8: (ERROR/3) Undefined substitution referenced: "-------".
2026-09-02 18:18:32,827 909 INFO wave4_aml_p63 odoo.modules.loading: loading kyc_management/security/groups.xml 
2026-09-02 18:18:32,894 909 INFO wave4_aml_p63 odoo.modules.loading: loading kyc_management/security/ir.model.access.csv 
2026-09-02 18:18:32,931 909 INFO wave4_aml_p63 odoo.modules.loading: loading kyc_management/security/ir_rules.xml 
2026-09-02 18:18:32,956 909 INFO wave4_aml_p63 odoo.modules.loading: loading kyc_management/data/legacy_security_compat.xml 
2026-09-02 18:18:32,962 909 INFO wave4_aml_p63 odoo.modules.loading: loading kyc_management/data/crm_data.xml 
2026-09-02 18:18:32,986 909 INFO wave4_aml_p63 odoo.modules.loading: loading kyc_management/reports/kyc_application_report.xml 
2026-09-02 18:18:33,025 909 INFO wave4_aml_p63 odoo.modules.loading: loading kyc_management/reports/kyc_approvals_summary_report.xml 
2026-09-02 18:18:33,062 909 INFO wave4_aml_p63 odoo.modules.loading: loading kyc_management/wizard/kyc_wizard_views.xml 
2026-09-02 18:18:33,137 909 INFO wave4_aml_p63 odoo.modules.loading: loading kyc_management/views/kyc_application_views.xml 
2026-09-02 18:18:33,222 909 INFO wave4_aml_p63 odoo.modules.loading: loading kyc_management/views/kyc_approval_views.xml 
2026-09-02 18:18:33,303 909 INFO wave4_aml_p63 odoo.modules.loading: loading kyc_management/views/kyc_notification_views.xml 
2026-09-02 18:18:33,397 909 INFO wave4_aml_p63 odoo.modules.loading: loading kyc_management/views/kyc_menu.xml 
2026-09-02 18:18:33,613 909 INFO wave4_aml_p63 odoo.modules.loading: loading kyc_management/views/portal_kyc_templates.xml 
2026-09-02 18:18:33,816 909 INFO wave4_aml_p63 odoo.modules.loading: Module kyc_management loaded in 2.19s, 1005 queries (+1005 other) 
2026-09-02 18:18:33,816 909 INFO wave4_aml_p63 odoo.modules.loading: Loading module snailmail_account (59/69) 
2026-09-02 18:18:33,910 909 INFO wave4_aml_p63 odoo.registry: module snailmail_account: creating or updating database tables 
2026-09-02 18:18:33,982 909 WARNING wave4_aml_p63 odoo.addons.base.models.ir_model: Two fields (x_currency_id, currency_id) of res.partner() have the same label: Currency. [Modules: kyc_management and account] 
2026-09-02 18:18:33,983 909 WARNING wave4_aml_p63 odoo.addons.base.models.ir_model: Two fields (x_currency_id, currency_id) of res.users() have the same label: Currency. [Modules: None and None] 
2026-09-02 18:18:34,159 909 INFO wave4_aml_p63 odoo.modules.loading: loading snailmail_account/views/res_config_settings_views.xml 
2026-09-02 18:18:34,252 909 INFO wave4_aml_p63 odoo.modules.loading: Module snailmail_account loaded in 0.44s, 199 queries (+199 other) 
2026-09-02 18:18:34,253 909 INFO wave4_aml_p63 odoo.modules.loading: Loading module spreadsheet_account (60/69) 
2026-09-02 18:18:34,295 909 INFO wave4_aml_p63 odoo.registry: module spreadsheet_account: creating or updating database tables 
2026-09-02 18:18:34,487 909 INFO wave4_aml_p63 odoo.modules.loading: Module spreadsheet_account loaded in 0.23s, 58 queries (+58 other) 
2026-09-02 18:18:34,487 909 INFO wave4_aml_p63 odoo.modules.loading: Loading module spreadsheet_dashboard_account (61/69) 
2026-09-02 18:18:34,520 909 INFO wave4_aml_p63 odoo.modules.loading: loading spreadsheet_dashboard_account/data/dashboards.xml 
2026-09-02 18:18:34,613 909 INFO wave4_aml_p63 odoo.modules.loading: Module spreadsheet_dashboard_account loaded in 0.13s, 29 queries (+29 other) 
2026-09-02 18:18:34,613 909 INFO wave4_aml_p63 odoo.modules.loading: Loading module website_crm (62/69) 
2026-09-02 18:18:34,642 909 INFO wave4_aml_p63 odoo.registry: module website_crm: creating or updating database tables 
2026-09-02 18:18:34,806 909 INFO wave4_aml_p63 odoo.modules.loading: loading website_crm/security/ir.model.access.csv 
2026-09-02 18:18:34,820 909 INFO wave4_aml_p63 odoo.modules.loading: loading website_crm/data/crm_lead_merge_template.xml 
2026-09-02 18:18:34,838 909 INFO wave4_aml_p63 odoo.modules.loading: loading website_crm/data/ir_actions_data.xml 
2026-09-02 18:18:34,854 909 INFO wave4_aml_p63 odoo.modules.loading: loading website_crm/data/ir_model_data.xml 
2026-09-02 18:18:34,874 909 INFO wave4_aml_p63 odoo.modules.loading: loading website_crm/views/crm_lead_views.xml 
2026-09-02 18:18:34,919 909 INFO wave4_aml_p63 odoo.modules.loading: loading website_crm/views/website_visitor_views.xml 
2026-09-02 18:18:34,978 909 INFO wave4_aml_p63 odoo.modules.loading: loading website_crm/views/website_templates_contactus.xml 
2026-09-02 18:18:35,019 909 INFO wave4_aml_p63 odoo.modules.loading: Module website_crm loaded in 0.41s, 232 queries (+232 other) 
2026-09-02 18:18:35,019 909 INFO wave4_aml_p63 odoo.modules.loading: Loading module website_mail (63/69) 
2026-09-02 18:18:35,036 909 INFO wave4_aml_p63 odoo.registry: module website_mail: creating or updating database tables 
2026-09-02 18:18:35,059 909 INFO wave4_aml_p63 odoo.modules.loading: loading website_mail/views/website_mail_templates.xml 
2026-09-02 18:18:35,136 909 INFO wave4_aml_p63 odoo.modules.loading: Module website_mail loaded in 0.12s, 35 queries (+35 other) 
2026-09-02 18:18:35,136 909 INFO wave4_aml_p63 odoo.modules.loading: Loading module website_sms (64/69) 
2026-09-02 18:18:35,155 909 INFO wave4_aml_p63 odoo.registry: module website_sms: creating or updating database tables 
2026-09-02 18:18:35,189 909 INFO wave4_aml_p63 odoo.modules.loading: loading website_sms/views/website_visitor_views.xml 
2026-09-02 18:18:35,319 909 INFO wave4_aml_p63 odoo.modules.loading: Module website_sms loaded in 0.18s, 80 queries (+80 other) 
2026-09-02 18:18:35,319 909 INFO wave4_aml_p63 odoo.modules.loading: Loading module aml_compliance (65/69) 
2026-09-02 18:18:35,720 909 INFO wave4_aml_p63 odoo.registry: module aml_compliance: creating or updating database tables 
2026-09-02 18:18:35,810 909 INFO wave4_aml_p63 odoo.models: Prepare computation of res.partner.aml_requires_edd 
2026-09-02 18:18:36,092 909 WARNING wave4_aml_p63 odoo.addons.base.models.ir_model: Two fields (x_currency_id, currency_id) of res.partner() have the same label: Currency. [Modules: kyc_management and account] 
2026-09-02 18:18:36,093 909 WARNING wave4_aml_p63 odoo.addons.base.models.ir_model: Two fields (x_currency_id, currency_id) of res.users() have the same label: Currency. [Modules: None and None] 
2026-09-02 18:18:37,086 909 INFO wave4_aml_p63 odoo.modules.loading: loading aml_compliance/security/aml_groups.xml 
2026-09-02 18:18:37,134 909 INFO wave4_aml_p63 odoo.modules.loading: loading aml_compliance/security/ir.model.access.csv 
2026-09-02 18:18:37,171 909 INFO wave4_aml_p63 odoo.modules.loading: loading aml_compliance/security/security.xml 
2026-09-02 18:18:37,228 909 INFO wave4_aml_p63 odoo.modules.loading: loading aml_compliance/data/sequence_data.xml 
2026-09-02 18:18:37,255 909 INFO wave4_aml_p63 odoo.modules.loading: loading aml_compliance/data/sequence_phase2_data.xml 
2026-09-02 18:18:37,274 909 INFO wave4_aml_p63 odoo.modules.loading: loading aml_compliance/data/edd_enquiry_data.xml 
2026-09-02 18:18:37,298 909 INFO wave4_aml_p63 odoo.modules.loading: loading aml_compliance/data/risk_factor_data.xml 
2026-09-02 18:18:37,334 909 INFO wave4_aml_p63 odoo.modules.loading: loading aml_compliance/data/fatf_jurisdiction_data.xml 
2026-09-02 18:18:37,420 909 INFO wave4_aml_p63 odoo.modules.loading: loading aml_compliance/data/monitoring_rule_data.xml 
2026-09-02 18:18:37,455 909 INFO wave4_aml_p63 odoo.modules.loading: loading aml_compliance/data/cron_data.xml 
2026-09-02 18:18:37,677 909 INFO wave4_aml_p63 odoo.modules.loading: loading aml_compliance/reports/risk_assessment_report.xml 
2026-09-02 18:18:37,701 909 INFO wave4_aml_p63 odoo.modules.loading: loading aml_compliance/reports/goaml_report_print.xml 
2026-09-02 18:18:37,722 909 INFO wave4_aml_p63 odoo.modules.loading: loading aml_compliance/reports/screening_certificate.xml 
2026-09-02 18:18:37,753 909 INFO wave4_aml_p63 odoo.modules.loading: loading aml_compliance/reports/consolidated_kyc_report.xml 
2026-09-02 18:18:37,788 909 INFO wave4_aml_p63 odoo.modules.loading: loading aml_compliance/views/risk_assessment_views.xml 
2026-09-02 18:18:37,865 909 INFO wave4_aml_p63 odoo.modules.loading: loading aml_compliance/views/risk_factor_views.xml 
2026-09-02 18:18:37,945 909 INFO wave4_aml_p63 odoo.modules.loading: loading aml_compliance/views/goaml_report_views.xml 
2026-09-02 18:18:38,027 909 INFO wave4_aml_p63 odoo.modules.loading: loading aml_compliance/views/transaction_monitoring_views.xml 
2026-09-02 18:18:38,273 909 INFO wave4_aml_p63 odoo.modules.loading: loading aml_compliance/views/sanctions_screening_views.xml 
2026-09-02 18:18:38,490 909 INFO wave4_aml_p63 odoo.modules.loading: loading aml_compliance/views/opensanctions_views.xml 
2026-09-02 18:18:38,553 909 WARNING wave4_aml_p63 odoo.addons.base.models.ir_ui_view: A <i> with fa class (fa fa-check-circle me-2) must have title in its tag, parents, descendants or have text
View error context:
{'file': '/mnt/extra-addons/aml_compliance/views/opensanctions_views.xml',
 'line': 5,
 'name': 'aml.opensanctions.config.form',
 'view': ir.ui.view(1815,),
 'view.model': 'aml.opensanctions.config',
 'view.parent': ir.ui.view(),
 'xmlid': 'view_opensanctions_config_form'} 
2026-09-02 18:18:38,554 909 WARNING wave4_aml_p63 odoo.addons.base.models.ir_ui_view: A <i> with fa class (fa fa-times-circle me-2) must have title in its tag, parents, descendants or have text
View error context:
{'file': '/mnt/extra-addons/aml_compliance/views/opensanctions_views.xml',
 'line': 16,
 'name': 'aml.opensanctions.config.form',
 'view': ir.ui.view(1815,),
 'view.model': 'aml.opensanctions.config',
 'view.parent': ir.ui.view(),
 'xmlid': 'view_opensanctions_config_form'} 
2026-09-02 18:18:38,609 909 INFO wave4_aml_p63 odoo.modules.loading: loading aml_compliance/views/dashboard_views.xml 
2026-09-02 18:18:39,112 909 INFO wave4_aml_p63 odoo.modules.loading: loading aml_compliance/views/kyc_application_views.xml 
2026-09-02 18:18:39,188 909 INFO wave4_aml_p63 odoo.modules.loading: loading aml_compliance/views/res_partner_views.xml 
2026-09-02 18:18:39,279 909 INFO wave4_aml_p63 odoo.modules.loading: loading aml_compliance/views/edd_workflow_views.xml 
2026-09-02 18:18:39,414 909 INFO wave4_aml_p63 odoo.modules.loading: loading aml_compliance/views/investigation_case_views.xml 
2026-09-02 18:18:39,521 909 INFO wave4_aml_p63 odoo.modules.loading: loading aml_compliance/views/aml_menu.xml 
2026-09-02 18:18:39,899 909 INFO wave4_aml_p63 odoo.modules.loading: loading aml_compliance/wizard/risk_override_wizard_views.xml 
2026-09-02 18:18:39,956 909 INFO wave4_aml_p63 odoo.modules.loading: loading aml_compliance/wizard/goaml_filing_wizard_views.xml 
2026-09-02 18:18:40,342 909 INFO wave4_aml_p63 odoo.modules.loading: Module aml_compliance loaded in 5.02s, 1906 queries (+1906 other) 
2026-09-02 18:18:40,342 909 INFO wave4_aml_p63 odoo.modules.loading: Loading module crm_iap_enrich (66/69) 
2026-09-02 18:18:40,385 909 INFO wave4_aml_p63 odoo.registry: module crm_iap_enrich: creating or updating database tables 
2026-09-02 18:18:40,580 909 INFO wave4_aml_p63 odoo.modules.loading: loading crm_iap_enrich/data/ir_cron.xml 
2026-09-02 18:18:40,667 909 INFO wave4_aml_p63 odoo.modules.loading: loading crm_iap_enrich/data/ir_action.xml 
2026-09-02 18:18:40,690 909 INFO wave4_aml_p63 odoo.modules.loading: loading crm_iap_enrich/data/mail_templates.xml 
2026-09-02 18:18:40,720 909 INFO wave4_aml_p63 odoo.modules.loading: loading crm_iap_enrich/views/crm_lead_views.xml 
2026-09-02 18:18:40,780 909 INFO wave4_aml_p63 odoo.modules.loading: loading crm_iap_enrich/views/res_config_settings_view.xml 
2026-09-02 18:18:40,913 909 INFO wave4_aml_p63 odoo.modules.loading: Module crm_iap_enrich loaded in 0.57s, 174 queries (+174 other) 
2026-09-02 18:18:40,914 909 INFO wave4_aml_p63 odoo.modules.loading: Loading module crm_iap_mine (67/69) 
2026-09-02 18:18:40,970 909 INFO wave4_aml_p63 odoo.registry: module crm_iap_mine: creating or updating database tables 
2026-09-02 18:18:41,585 909 INFO wave4_aml_p63 odoo.modules.loading: loading crm_iap_mine/data/crm.iap.lead.industry.csv 
2026-09-02 18:18:41,617 909 INFO wave4_aml_p63 odoo.modules.loading: loading crm_iap_mine/data/crm.iap.lead.role.csv 
2026-09-02 18:18:41,632 909 INFO wave4_aml_p63 odoo.modules.loading: loading crm_iap_mine/data/crm.iap.lead.seniority.csv 
2026-09-02 18:18:41,641 909 INFO wave4_aml_p63 odoo.modules.loading: loading crm_iap_mine/data/mail_template_data.xml 
2026-09-02 18:18:41,655 909 INFO wave4_aml_p63 odoo.modules.loading: loading crm_iap_mine/data/ir_sequence_data.xml 
2026-09-02 18:18:41,662 909 INFO wave4_aml_p63 odoo.modules.loading: loading crm_iap_mine/security/ir.model.access.csv 
2026-09-02 18:18:41,681 909 INFO wave4_aml_p63 odoo.modules.loading: loading crm_iap_mine/views/crm_lead_views.xml 
2026-09-02 18:18:41,774 909 INFO wave4_aml_p63 odoo.modules.loading: loading crm_iap_mine/views/crm_iap_lead_mining_request_views.xml 
2026-09-02 18:18:41,823 909 INFO wave4_aml_p63 odoo.modules.loading: loading crm_iap_mine/views/res_config_settings_views.xml 
2026-09-02 18:18:41,867 909 INFO wave4_aml_p63 odoo.modules.loading: loading crm_iap_mine/views/mail_templates.xml 
2026-09-02 18:18:41,887 909 INFO wave4_aml_p63 odoo.modules.loading: loading crm_iap_mine/views/crm_menus.xml 
2026-09-02 18:18:41,940 909 INFO wave4_aml_p63 odoo.modules.loading: Module crm_iap_mine loaded in 1.03s, 430 queries (+430 other) 
2026-09-02 18:18:41,940 909 INFO wave4_aml_p63 odoo.modules.loading: Loading module website_crm_sms (68/69) 
2026-09-02 18:18:41,961 909 INFO wave4_aml_p63 odoo.registry: module website_crm_sms: creating or updating database tables 
2026-09-02 18:18:42,154 909 INFO wave4_aml_p63 odoo.modules.loading: Module website_crm_sms loaded in 0.21s, 35 queries (+35 other) 
2026-09-02 18:18:42,155 909 INFO wave4_aml_p63 odoo.modules.loading: Loading module website_payment (69/69) 
2026-09-02 18:18:42,200 909 INFO wave4_aml_p63 odoo.registry: module website_payment: creating or updating database tables 
2026-09-02 18:18:42,537 909 INFO wave4_aml_p63 odoo.modules.loading: loading website_payment/data/mail_templates.xml 
2026-09-02 18:18:42,576 909 INFO wave4_aml_p63 odoo.modules.loading: loading website_payment/views/payment_form_templates.xml 
2026-09-02 18:18:42,654 909 INFO wave4_aml_p63 odoo.modules.loading: loading website_payment/views/payment_provider.xml 
2026-09-02 18:18:42,707 909 INFO wave4_aml_p63 odoo.modules.loading: loading website_payment/views/res_config_settings_views.xml 
2026-09-02 18:18:42,811 909 INFO wave4_aml_p63 odoo.modules.loading: loading website_payment/views/snippets/snippets.xml 
2026-09-02 18:18:42,888 909 INFO wave4_aml_p63 odoo.modules.loading: loading website_payment/views/snippets/s_donation.xml 
2026-09-02 18:18:42,940 909 INFO wave4_aml_p63 odoo.modules.loading: loading website_payment/views/snippets/s_supported_payment_methods.xml 
2026-09-02 18:18:42,994 909 INFO wave4_aml_p63 odoo.modules.loading: Module website_payment loaded in 0.84s, 205 queries (+205 other) 
2026-09-02 18:18:42,994 909 INFO wave4_aml_p63 odoo.modules.loading: 69 modules loaded in 104.87s, 47583 queries (+47584 extra) 
2026-09-02 18:18:44,346 909 INFO wave4_aml_p63 odoo.modules.loading: Modules loaded. 
2026-09-02 18:18:45,995 909 INFO wave4_aml_p63 odoo.registry: Registry changed, signaling through the database 
2026-09-02 18:18:45,998 909 INFO wave4_aml_p63 odoo.registry: Registry loaded in 128.345s 
2026-09-02 18:18:45,999 909 INFO wave4_aml_p63 odoo.service.server: Initiating shutdown 
2026-09-02 18:18:45,999 909 INFO wave4_aml_p63 odoo.service.server: Hit CTRL-C again or send a second signal to force the shutdown. 
2026-09-02 18:18:45,999 909 INFO wave4_aml_p63 odoo.sql_db: ConnectionPool(read/write;used=0/count=0/max=64): Closed 1 connections  
