
2026-09-02 19:42:48,288 1751 INFO ? odoo: Odoo version 19.0-20260817 
2026-09-02 19:42:48,289 1751 INFO ? odoo: Using configuration file at /etc/odoo/odoo.conf 
2026-09-02 19:42:48,289 1751 INFO ? odoo: addons paths: _NamespacePath(['/usr/lib/python3/dist-packages/odoo/addons', '/var/lib/odoo/addons/19.0', '/mnt/extra-addons', '/usr/lib/python3/dist-packages/addons']) 
2026-09-02 19:42:48,289 1751 INFO ? odoo: database: odoo@wave4_pg:default 
2026-09-02 19:42:49,063 1751 INFO wave4_aml_v4_final odoo.modules.loading: Initializing database wave4_aml_v4_final 
2026-09-02 19:42:52,410 1751 WARNING wave4_aml_v4_final odoo.modules.module: Missing `author` key in manifest for 'sgc_brochure_leadcapture', defaulting to '' 
2026-09-02 19:42:52,416 1751 WARNING wave4_aml_v4_final odoo.modules.module: Missing `author` key in manifest for 'sgc_brochure_leadcapture', defaulting to '' 
2026-09-02 19:42:52,761 1751 WARNING wave4_aml_v4_final odoo.modules.module: Missing `author` key in manifest for 'sgc_llm_router', defaulting to '' 
2026-09-02 19:42:52,767 1751 WARNING wave4_aml_v4_final odoo.modules.module: Missing `author` key in manifest for 'sgc_llm_router', defaulting to '' 
2026-09-02 19:42:53,932 1751 INFO wave4_aml_v4_final odoo.modules.loading: loading 1 modules... 
2026-09-02 19:42:53,932 1751 INFO wave4_aml_v4_final odoo.modules.loading: Loading module base (1/1) 
2026-09-02 19:42:53,979 1751 INFO wave4_aml_v4_final odoo.registry: module base: creating or updating database tables 
2026-09-02 19:42:55,044 1751 INFO wave4_aml_v4_final odoo.models: Prepare computation of ir.module.module.menus_by_module 
2026-09-02 19:42:55,044 1751 INFO wave4_aml_v4_final odoo.models: Prepare computation of ir.module.module.reports_by_module 
2026-09-02 19:42:55,044 1751 INFO wave4_aml_v4_final odoo.models: Prepare computation of ir.module.module.views_by_module 
2026-09-02 19:42:55,394 1751 INFO wave4_aml_v4_final odoo.models: Prepare computation of res.partner.user_id 
2026-09-02 19:42:55,394 1751 INFO wave4_aml_v4_final odoo.models: Prepare computation of res.partner.commercial_partner_id 
2026-09-02 19:42:55,394 1751 INFO wave4_aml_v4_final odoo.models: Prepare computation of res.partner.complete_name 
2026-09-02 19:42:55,395 1751 INFO wave4_aml_v4_final odoo.models: Prepare computation of res.partner.lang 
2026-09-02 19:42:55,395 1751 INFO wave4_aml_v4_final odoo.models: Prepare computation of res.partner.company_registry 
2026-09-02 19:42:55,395 1751 INFO wave4_aml_v4_final odoo.models: Prepare computation of res.partner.commercial_company_name 
2026-09-02 19:42:55,395 1751 INFO wave4_aml_v4_final odoo.models: Prepare computation of res.partner.properties 
2026-09-02 19:42:55,395 1751 INFO wave4_aml_v4_final odoo.models: Prepare computation of res.partner.partner_share 
2026-09-02 19:42:55,483 1751 INFO wave4_aml_v4_final odoo.models: Prepare computation of res.currency.decimal_places 
2026-09-02 19:42:55,543 1751 INFO wave4_aml_v4_final odoo.models: Prepare computation of res.company.uses_default_logo 
2026-09-02 19:42:55,543 1751 INFO wave4_aml_v4_final odoo.models: Prepare computation of res.company.logo_web 
2026-09-02 19:42:55,557 1751 INFO wave4_aml_v4_final odoo.models: Computing parent_path for table res_company... 
2026-09-02 19:42:55,636 1751 INFO wave4_aml_v4_final odoo.models: Prepare computation of res.users.signature 
2026-09-02 19:42:55,636 1751 INFO wave4_aml_v4_final odoo.models: Prepare computation of res.users.share 
2026-09-02 19:42:58,860 1751 INFO wave4_aml_v4_final odoo.modules.loading: loading base/data/res_bank.xml 
2026-09-02 19:42:58,867 1751 INFO wave4_aml_v4_final odoo.modules.loading: loading base/data/res.lang.csv 
2026-09-02 19:42:58,933 1751 INFO wave4_aml_v4_final odoo.modules.loading: loading base/data/res_lang_data.xml 
2026-09-02 19:42:59,003 1751 INFO wave4_aml_v4_final odoo.modules.loading: loading base/data/res_partner_data.xml 
2026-09-02 19:42:59,136 1751 INFO wave4_aml_v4_final odoo.modules.loading: loading base/data/res_currency_data.xml 
2026-09-02 19:43:00,056 1751 INFO wave4_aml_v4_final odoo.modules.loading: loading base/data/res_company_data.xml 
2026-09-02 19:43:00,077 1751 INFO wave4_aml_v4_final odoo.modules.loading: loading base/data/res_users_data.xml 
2026-09-02 19:43:01,474 1751 INFO wave4_aml_v4_final odoo.modules.loading: loading base/data/report_paperformat_data.xml 
2026-09-02 19:43:01,491 1751 INFO wave4_aml_v4_final odoo.modules.loading: loading base/data/res_country_data.xml 
2026-09-02 19:43:02,561 1751 INFO wave4_aml_v4_final odoo.modules.loading: loading base/data/ir_demo_data.xml 
2026-09-02 19:43:02,592 1751 INFO wave4_aml_v4_final odoo.modules.loading: loading base/security/base_groups.xml 
2026-09-02 19:43:02,888 1751 INFO wave4_aml_v4_final odoo.modules.loading: loading base/security/base_security.xml 
2026-09-02 19:43:03,209 1751 INFO wave4_aml_v4_final odoo.modules.loading: loading base/wizard/wizard_ir_model_menu_create_views.xml 
2026-09-02 19:43:03,230 1751 INFO wave4_aml_v4_final odoo.modules.loading: loading base/views/base_menus.xml 
2026-09-02 19:43:03,340 1751 INFO wave4_aml_v4_final odoo.modules.loading: loading base/views/decimal_precision_views.xml 
2026-09-02 19:43:03,364 1751 INFO wave4_aml_v4_final odoo.modules.loading: loading base/views/res_config_views.xml 
2026-09-02 19:43:03,373 1751 INFO wave4_aml_v4_final odoo.modules.loading: loading base/data/res.country.state.csv 
2026-09-02 19:43:03,843 1751 INFO wave4_aml_v4_final odoo.modules.loading: loading base/views/ir_actions_views.xml 
2026-09-02 19:43:04,100 1751 INFO wave4_aml_v4_final odoo.modules.loading: loading base/views/ir_asset_views.xml 
2026-09-02 19:43:04,142 1751 INFO wave4_aml_v4_final odoo.modules.loading: loading base/views/ir_config_parameter_views.xml 
2026-09-02 19:43:04,170 1751 INFO wave4_aml_v4_final odoo.modules.loading: loading base/views/ir_cron_views.xml 
2026-09-02 19:43:04,225 1751 INFO wave4_aml_v4_final odoo.modules.loading: loading base/views/ir_cron_trigger_views.xml 
2026-09-02 19:43:04,254 1751 INFO wave4_aml_v4_final odoo.modules.loading: loading base/views/ir_filters_views.xml 
2026-09-02 19:43:04,287 1751 INFO wave4_aml_v4_final odoo.modules.loading: loading base/views/ir_mail_server_views.xml 
2026-09-02 19:43:04,328 1751 INFO wave4_aml_v4_final odoo.modules.loading: loading base/views/ir_model_views.xml 
2026-09-02 19:43:04,572 1751 INFO wave4_aml_v4_final odoo.modules.loading: loading base/views/ir_attachment_views.xml 
2026-09-02 19:43:04,604 1751 INFO wave4_aml_v4_final odoo.modules.loading: loading base/views/ir_rule_views.xml 
2026-09-02 19:43:04,646 1751 INFO wave4_aml_v4_final odoo.modules.loading: loading base/views/ir_sequence_views.xml 
2026-09-02 19:43:04,678 1751 INFO wave4_aml_v4_final odoo.modules.loading: loading base/views/ir_ui_menu_views.xml 
2026-09-02 19:43:04,712 1751 INFO wave4_aml_v4_final odoo.modules.loading: loading base/views/ir_ui_view_views.xml 
2026-09-02 19:43:04,788 1751 INFO wave4_aml_v4_final odoo.modules.loading: loading base/views/ir_default_views.xml 
2026-09-02 19:43:04,824 1751 INFO wave4_aml_v4_final odoo.modules.loading: loading base/data/ir_config_parameter_data.xml 
2026-09-02 19:43:04,828 1751 INFO wave4_aml_v4_final odoo.modules.loading: loading base/data/ir_cron_data.xml 
2026-09-02 19:43:04,849 1751 INFO wave4_aml_v4_final odoo.modules.loading: loading base/report/ir_model_report.xml 
2026-09-02 19:43:04,855 1751 INFO wave4_aml_v4_final odoo.modules.loading: loading base/report/ir_model_templates.xml 
2026-09-02 19:43:04,882 1751 INFO wave4_aml_v4_final odoo.modules.loading: loading base/views/ir_logging_views.xml 
2026-09-02 19:43:04,909 1751 INFO wave4_aml_v4_final odoo.modules.loading: loading base/views/ir_qweb_widget_templates.xml 
2026-09-02 19:43:04,930 1751 INFO wave4_aml_v4_final odoo.modules.loading: loading base/views/ir_module_views.xml 
2026-09-02 19:43:05,036 1751 INFO wave4_aml_v4_final odoo.modules.loading: loading base/data/ir_module_category_data.xml 
2026-09-02 19:43:05,216 1751 INFO wave4_aml_v4_final odoo.modules.loading: loading base/data/ir_module_module.xml 
2026-09-02 19:43:05,341 1751 INFO wave4_aml_v4_final odoo.modules.loading: loading base/report/ir_module_reports.xml 
2026-09-02 19:43:05,347 1751 INFO wave4_aml_v4_final odoo.modules.loading: loading base/report/ir_module_report_templates.xml 
2026-09-02 19:43:05,356 1751 INFO wave4_aml_v4_final odoo.modules.loading: loading base/wizard/base_module_update_views.xml 
2026-09-02 19:43:05,378 1751 INFO wave4_aml_v4_final odoo.modules.loading: loading base/wizard/base_language_install_views.xml 
2026-09-02 19:43:05,405 1751 INFO wave4_aml_v4_final odoo.modules.loading: loading base/wizard/base_import_language_views.xml 
2026-09-02 19:43:05,431 1751 INFO wave4_aml_v4_final odoo.modules.loading: loading base/wizard/base_module_upgrade_views.xml 
2026-09-02 19:43:05,455 1751 INFO wave4_aml_v4_final odoo.modules.loading: loading base/wizard/base_module_uninstall_views.xml 
2026-09-02 19:43:05,472 1751 INFO wave4_aml_v4_final odoo.modules.loading: loading base/wizard/base_export_language_views.xml 
2026-09-02 19:43:05,498 1751 INFO wave4_aml_v4_final odoo.modules.loading: loading base/wizard/base_partner_merge_views.xml 
2026-09-02 19:43:05,476 1751 INFO wave4_aml_v4_final odoo.modules.loading: loading base/data/ir_demo_failure_data.xml 
2026-09-02 19:43:05,501 1751 INFO wave4_aml_v4_final odoo.modules.loading: loading base/views/ir_profile_views.xml 
2026-09-02 19:43:05,546 1751 INFO wave4_aml_v4_final odoo.modules.loading: loading base/views/res_company_views.xml 
2026-09-02 19:43:05,578 1751 INFO wave4_aml_v4_final odoo.modules.loading: loading base/views/res_lang_views.xml 
2026-09-02 19:43:05,622 1751 INFO wave4_aml_v4_final odoo.modules.loading: loading base/views/res_partner_views.xml 
2026-09-02 19:43:05,758 1751 INFO wave4_aml_v4_final odoo.modules.loading: loading base/views/res_bank_views.xml 
2026-09-02 19:43:05,811 1751 INFO wave4_aml_v4_final odoo.modules.loading: loading base/views/res_country_views.xml 
2026-09-02 19:43:05,883 1751 INFO wave4_aml_v4_final odoo.modules.loading: loading base/views/res_currency_views.xml 
2026-09-02 19:43:05,949 1751 INFO wave4_aml_v4_final odoo.modules.loading: loading base/views/res_groups_views.xml 
2026-09-02 19:43:06,034 1751 INFO wave4_aml_v4_final odoo.modules.loading: loading base/views/res_users_views.xml 
2026-09-02 19:43:06,183 1751 INFO wave4_aml_v4_final odoo.modules.loading: loading base/views/res_users_apikeys_views.xml 
2026-09-02 19:43:06,211 1751 INFO wave4_aml_v4_final odoo.modules.loading: loading base/views/res_device_views.xml 
2026-09-02 19:43:06,260 1751 INFO wave4_aml_v4_final odoo.modules.loading: loading base/views/res_users_identitycheck_views.xml 
2026-09-02 19:43:06,278 1751 INFO wave4_aml_v4_final odoo.modules.loading: loading base/views/res_config_settings_views.xml 
2026-09-02 19:43:06,297 1751 INFO wave4_aml_v4_final odoo.modules.loading: loading base/views/report_paperformat_views.xml 
2026-09-02 19:43:06,329 1751 INFO wave4_aml_v4_final odoo.modules.loading: loading base/security/ir.model.access.csv 
2026-09-02 19:43:06,512 1751 INFO wave4_aml_v4_final odoo.modules.loading: Module base loaded in 12.58s, 8455 queries (+8455 other) 
2026-09-02 19:43:06,512 1751 INFO wave4_aml_v4_final odoo.modules.loading: 1 modules loaded in 12.58s, 8455 queries (+8455 extra) 
2026-09-02 19:43:06,518 1751 INFO wave4_aml_v4_final odoo.modules.loading: updating modules list 
2026-09-02 19:43:06,520 1751 INFO wave4_aml_v4_final odoo.addons.base.models.ir_module: ALLOW access to module.update_list on [] to user __system__ #1 via n/a 
2026-09-02 19:43:08,220 1751 WARNING wave4_aml_v4_final odoo.modules.module: Missing `author` key in manifest for 'sgc_brochure_leadcapture', defaulting to '' 
2026-09-02 19:43:08,276 1751 WARNING wave4_aml_v4_final odoo.modules.module: Missing `author` key in manifest for 'sgc_llm_router', defaulting to '' 
2026-09-02 19:43:08,658 1751 INFO wave4_aml_v4_final odoo.addons.base.models.ir_module: ALLOW access to module.button_install on ['AML Compliance & goAML'] to user __system__ #1 via n/a 
2026-09-02 19:43:08,861 1751 INFO wave4_aml_v4_final odoo.modules.loading: loading 69 modules... 
2026-09-02 19:43:08,861 1751 INFO wave4_aml_v4_final odoo.modules.loading: Loading module rpc (2/69) 
2026-09-02 19:43:08,882 1751 INFO wave4_aml_v4_final odoo.modules.loading: Module rpc loaded in 0.02s, 9 queries (+9 other) 
2026-09-02 19:43:08,882 1751 INFO wave4_aml_v4_final odoo.modules.loading: Loading module social_media (3/69) 
2026-09-02 19:43:08,891 1751 INFO wave4_aml_v4_final odoo.registry: module social_media: creating or updating database tables 
2026-09-02 19:43:08,962 1751 INFO wave4_aml_v4_final odoo.modules.loading: loading social_media/views/res_company_views.xml 
2026-09-02 19:43:08,992 1751 INFO wave4_aml_v4_final odoo.modules.loading: Module social_media loaded in 0.11s, 75 queries (+75 other) 
2026-09-02 19:43:08,993 1751 INFO wave4_aml_v4_final odoo.modules.loading: Loading module uom (4/69) 
2026-09-02 19:43:09,000 1751 INFO wave4_aml_v4_final odoo.registry: module uom: creating or updating database tables 
2026-09-02 19:43:09,088 1751 INFO wave4_aml_v4_final odoo.modules.loading: loading uom/data/uom_data.xml 
2026-09-02 19:43:09,193 1751 INFO wave4_aml_v4_final odoo.modules.loading: loading uom/security/uom_security.xml 
2026-09-02 19:43:09,200 1751 INFO wave4_aml_v4_final odoo.modules.loading: loading uom/security/ir.model.access.csv 
2026-09-02 19:43:09,216 1751 INFO wave4_aml_v4_final odoo.modules.loading: loading uom/views/uom_uom_views.xml 
2026-09-02 19:43:09,261 1751 INFO wave4_aml_v4_final odoo.modules.loading: Module uom loaded in 0.27s, 230 queries (+230 other) 
2026-09-02 19:43:09,262 1751 INFO wave4_aml_v4_final odoo.modules.loading: Loading module web (5/69) 
2026-09-02 19:43:09,335 1751 INFO wave4_aml_v4_final odoo.registry: module web: creating or updating database tables 
2026-09-02 19:43:10,351 1751 INFO wave4_aml_v4_final odoo.modules.loading: loading web/security/ir.model.access.csv 
2026-09-02 19:43:10,377 1751 INFO wave4_aml_v4_final odoo.modules.loading: loading web/security/web_security.xml 
2026-09-02 19:43:10,427 1751 INFO wave4_aml_v4_final odoo.modules.loading: loading web/views/webclient_templates.xml 
2026-09-02 19:43:10,554 1751 INFO wave4_aml_v4_final odoo.modules.loading: loading web/views/report_templates.xml 
2026-09-02 19:43:10,736 1751 INFO wave4_aml_v4_final odoo.modules.loading: loading web/views/base_document_layout_views.xml 
2026-09-02 19:43:10,765 1751 INFO wave4_aml_v4_final odoo.modules.loading: loading web/views/partner_view.xml 
2026-09-02 19:43:10,788 1751 INFO wave4_aml_v4_final odoo.modules.loading: loading web/views/speedscope_template.xml 
2026-09-02 19:43:10,795 1751 INFO wave4_aml_v4_final odoo.modules.loading: loading web/views/memory_template.xml 
2026-09-02 19:43:10,804 1751 INFO wave4_aml_v4_final odoo.modules.loading: loading web/views/speedscope_config_wizard.xml 
2026-09-02 19:43:10,814 1751 INFO wave4_aml_v4_final odoo.modules.loading: loading web/views/neutralize_views.xml 
2026-09-02 19:43:10,827 1751 INFO wave4_aml_v4_final odoo.modules.loading: loading web/views/ir_ui_view_views.xml 
2026-09-02 19:43:10,848 1751 INFO wave4_aml_v4_final odoo.modules.loading: loading web/data/ir_attachment.xml 
2026-09-02 19:43:10,857 1751 INFO wave4_aml_v4_final odoo.modules.loading: loading web/data/report_layout.xml 
2026-09-02 19:43:10,946 1751 INFO wave4_aml_v4_final odoo.modules.loading: Module web loaded in 1.68s, 1239 queries (+1239 other) 
2026-09-02 19:43:10,946 1751 INFO wave4_aml_v4_final odoo.modules.loading: Loading module api_doc (6/69) 
2026-09-02 19:43:10,955 1751 INFO wave4_aml_v4_final odoo.registry: module api_doc: creating or updating database tables 
2026-09-02 19:43:10,989 1751 INFO wave4_aml_v4_final odoo.modules.loading: loading api_doc/security/res_groups.xml 
2026-09-02 19:43:11,019 1751 INFO wave4_aml_v4_final odoo.modules.loading: loading api_doc/views/docclient.xml 
2026-09-02 19:43:11,061 1751 INFO wave4_aml_v4_final odoo.modules.loading: Module api_doc loaded in 0.11s, 63 queries (+63 other) 
2026-09-02 19:43:11,061 1751 INFO wave4_aml_v4_final odoo.modules.loading: Loading module auth_totp (7/69) 
2026-09-02 19:43:11,081 1751 INFO wave4_aml_v4_final odoo.registry: module auth_totp: creating or updating database tables 
2026-09-02 19:43:11,204 1751 INFO wave4_aml_v4_final odoo.modules.loading: loading auth_totp/security/security.xml 
2026-09-02 19:43:11,240 1751 INFO wave4_aml_v4_final odoo.modules.loading: loading auth_totp/security/ir.model.access.csv 
2026-09-02 19:43:11,260 1751 INFO wave4_aml_v4_final odoo.modules.loading: loading auth_totp/data/ir_action_data.xml 
2026-09-02 19:43:11,270 1751 INFO wave4_aml_v4_final odoo.modules.loading: loading auth_totp/views/res_users_views.xml 
2026-09-02 19:43:11,318 1751 INFO wave4_aml_v4_final odoo.modules.loading: loading auth_totp/views/templates.xml 
2026-09-02 19:43:11,325 1751 INFO wave4_aml_v4_final odoo.modules.loading: loading auth_totp/wizard/auth_totp_wizard_views.xml 
2026-09-02 19:43:11,354 1751 INFO wave4_aml_v4_final odoo.modules.loading: Module auth_totp loaded in 0.29s, 218 queries (+218 other) 
2026-09-02 19:43:11,354 1751 INFO wave4_aml_v4_final odoo.modules.loading: Loading module base_import (8/69) 
2026-09-02 19:43:11,427 1751 INFO wave4_aml_v4_final odoo.registry: module base_import: creating or updating database tables 
2026-09-02 19:43:12,194 1751 INFO wave4_aml_v4_final odoo.modules.loading: loading base_import/security/ir.model.access.csv 
2026-09-02 19:43:12,217 1751 INFO wave4_aml_v4_final odoo.modules.loading: Module base_import loaded in 0.86s, 966 queries (+966 other) 
2026-09-02 19:43:12,217 1751 INFO wave4_aml_v4_final odoo.modules.loading: Loading module base_import_module (9/69) 
2026-09-02 19:43:12,229 1751 INFO wave4_aml_v4_final odoo.registry: module base_import_module: creating or updating database tables 
2026-09-02 19:43:12,332 1751 INFO wave4_aml_v4_final odoo.modules.loading: loading base_import_module/security/ir.model.access.csv 
2026-09-02 19:43:12,347 1751 INFO wave4_aml_v4_final odoo.modules.loading: loading base_import_module/views/base_import_module_view.xml 
2026-09-02 19:43:12,382 1751 INFO wave4_aml_v4_final odoo.modules.loading: loading base_import_module/views/ir_module_views.xml 
2026-09-02 19:43:12,506 1751 INFO wave4_aml_v4_final odoo.modules.loading: Module base_import_module loaded in 0.29s, 172 queries (+172 other) 
2026-09-02 19:43:12,507 1751 INFO wave4_aml_v4_final odoo.modules.loading: Loading module base_setup (10/69) 
2026-09-02 19:43:12,523 1751 INFO wave4_aml_v4_final odoo.registry: module base_setup: creating or updating database tables 
2026-09-02 19:43:12,608 1751 INFO wave4_aml_v4_final odoo.modules.loading: loading base_setup/data/base_setup_data.xml 
2026-09-02 19:43:12,617 1751 INFO wave4_aml_v4_final odoo.modules.loading: loading base_setup/views/res_config_settings_views.xml 
2026-09-02 19:43:12,681 1751 INFO wave4_aml_v4_final odoo.modules.loading: loading base_setup/views/res_partner_views.xml 
2026-09-02 19:43:12,728 1751 INFO wave4_aml_v4_final odoo.modules.loading: Module base_setup loaded in 0.22s, 152 queries (+152 other) 
2026-09-02 19:43:12,728 1751 INFO wave4_aml_v4_final odoo.modules.loading: Loading module bus (11/69) 
2026-09-02 19:43:12,773 1751 INFO wave4_aml_v4_final odoo.registry: module bus: creating or updating database tables 
2026-09-02 19:43:12,932 1751 INFO wave4_aml_v4_final odoo.modules.loading: loading bus/security/ir.model.access.csv 
2026-09-02 19:43:12,952 1751 INFO wave4_aml_v4_final odoo.modules.loading: Module bus loaded in 0.22s, 159 queries (+159 other) 
2026-09-02 19:43:12,952 1751 INFO wave4_aml_v4_final odoo.modules.loading: Loading module http_routing (12/69) 
2026-09-02 19:43:12,963 1751 INFO wave4_aml_v4_final odoo.registry: module http_routing: creating or updating database tables 
2026-09-02 19:43:12,997 1751 INFO wave4_aml_v4_final odoo.modules.loading: loading http_routing/views/http_routing_template.xml 
2026-09-02 19:43:13,057 1751 INFO wave4_aml_v4_final odoo.modules.loading: loading http_routing/views/res_lang_views.xml 
2026-09-02 19:43:13,103 1751 INFO wave4_aml_v4_final odoo.modules.loading: Module http_routing loaded in 0.15s, 114 queries (+114 other) 
2026-09-02 19:43:13,104 1751 INFO wave4_aml_v4_final odoo.modules.loading: Loading module onboarding (13/69) 
2026-09-02 19:43:13,113 1751 INFO wave4_aml_v4_final odoo.registry: module onboarding: creating or updating database tables 
2026-09-02 19:43:13,336 1751 INFO wave4_aml_v4_final odoo.modules.loading: loading onboarding/views/onboarding_templates.xml 
2026-09-02 19:43:13,360 1751 INFO wave4_aml_v4_final odoo.modules.loading: loading onboarding/views/onboarding_views.xml 
2026-09-02 19:43:13,419 1751 INFO wave4_aml_v4_final odoo.modules.loading: loading onboarding/views/onboarding_menus.xml 
2026-09-02 19:43:13,432 1751 INFO wave4_aml_v4_final odoo.modules.loading: loading onboarding/security/ir.model.access.csv 
2026-09-02 19:43:13,465 1751 INFO wave4_aml_v4_final odoo.modules.loading: Module onboarding loaded in 0.36s, 246 queries (+246 other) 
2026-09-02 19:43:13,465 1751 INFO wave4_aml_v4_final odoo.modules.loading: Loading module resource (14/69) 
2026-09-02 19:43:13,487 1751 INFO wave4_aml_v4_final odoo.registry: module resource: creating or updating database tables 
2026-09-02 19:43:13,751 1751 INFO wave4_aml_v4_final odoo.modules.loading: loading resource/data/resource_data.xml 
2026-09-02 19:43:13,785 1751 INFO wave4_aml_v4_final odoo.modules.loading: loading resource/security/ir.model.access.csv 
2026-09-02 19:43:13,810 1751 INFO wave4_aml_v4_final odoo.modules.loading: loading resource/security/resource_security.xml 
2026-09-02 19:43:13,872 1751 INFO wave4_aml_v4_final odoo.modules.loading: loading resource/views/resource_resource_views.xml 
2026-09-02 19:43:13,905 1751 INFO wave4_aml_v4_final odoo.modules.loading: loading resource/views/resource_calendar_leaves_views.xml 
2026-09-02 19:43:13,942 1751 INFO wave4_aml_v4_final odoo.modules.loading: loading resource/views/resource_calendar_attendance_views.xml 
2026-09-02 19:43:13,967 1751 INFO wave4_aml_v4_final odoo.modules.loading: loading resource/views/resource_calendar_views.xml 
2026-09-02 19:43:14,017 1751 INFO wave4_aml_v4_final odoo.modules.loading: loading resource/views/menuitems.xml 
2026-09-02 19:43:14,062 1751 INFO wave4_aml_v4_final odoo.modules.loading: Module resource loaded in 0.60s, 414 queries (+414 other) 
2026-09-02 19:43:14,062 1751 INFO wave4_aml_v4_final odoo.modules.loading: Loading module utm (15/69) 
2026-09-02 19:43:14,078 1751 INFO wave4_aml_v4_final odoo.registry: module utm: creating or updating database tables 
2026-09-02 19:43:14,267 1751 INFO wave4_aml_v4_final odoo.modules.loading: loading utm/data/utm_medium_data.xml 
2026-09-02 19:43:14,300 1751 INFO wave4_aml_v4_final odoo.modules.loading: loading utm/data/utm_source_data.xml 
2026-09-02 19:43:14,334 1751 INFO wave4_aml_v4_final odoo.modules.loading: loading utm/data/utm_stage_data.xml 
2026-09-02 19:43:14,340 1751 INFO wave4_aml_v4_final odoo.modules.loading: loading utm/data/utm_tag_data.xml 
2026-09-02 19:43:14,347 1751 INFO wave4_aml_v4_final odoo.modules.loading: loading utm/views/utm_campaign_views.xml 
2026-09-02 19:43:14,406 1751 INFO wave4_aml_v4_final odoo.modules.loading: loading utm/views/utm_medium_views.xml 
2026-09-02 19:43:14,432 1751 INFO wave4_aml_v4_final odoo.modules.loading: loading utm/views/utm_source_views.xml 
2026-09-02 19:43:14,450 1751 INFO wave4_aml_v4_final odoo.modules.loading: loading utm/views/utm_stage_views.xml 
2026-09-02 19:43:14,488 1751 INFO wave4_aml_v4_final odoo.modules.loading: loading utm/views/utm_tag_views.xml 
2026-09-02 19:43:14,502 1751 INFO wave4_aml_v4_final odoo.modules.loading: loading utm/views/utm_menus.xml 
2026-09-02 19:43:14,536 1751 INFO wave4_aml_v4_final odoo.modules.loading: loading utm/security/ir.model.access.csv 
2026-09-02 19:43:14,570 1751 INFO wave4_aml_v4_final odoo.modules.loading: Module utm loaded in 0.51s, 410 queries (+410 other) 
2026-09-02 19:43:14,570 1751 INFO wave4_aml_v4_final odoo.modules.loading: Loading module web_tour (16/69) 
2026-09-02 19:43:14,592 1751 INFO wave4_aml_v4_final odoo.registry: module web_tour: creating or updating database tables 
2026-09-02 19:43:14,605 1751 INFO wave4_aml_v4_final odoo.models: Prepare computation of res.users.tour_enabled 
2026-09-02 19:43:14,751 1751 INFO wave4_aml_v4_final odoo.modules.loading: loading web_tour/security/ir.model.access.csv 
2026-09-02 19:43:14,765 1751 INFO wave4_aml_v4_final odoo.modules.loading: loading web_tour/views/tour_views.xml 
2026-09-02 19:43:14,851 1751 INFO wave4_aml_v4_final odoo.modules.loading: Module web_tour loaded in 0.28s, 180 queries (+180 other) 
2026-09-02 19:43:14,851 1751 INFO wave4_aml_v4_final odoo.modules.loading: Loading module auth_passkey (17/69) 
2026-09-02 19:43:14,928 1751 INFO wave4_aml_v4_final odoo.registry: module auth_passkey: creating or updating database tables 
2026-09-02 19:43:15,049 1751 INFO wave4_aml_v4_final odoo.modules.loading: loading auth_passkey/views/auth_passkey_key_views.xml 
2026-09-02 19:43:15,088 1751 INFO wave4_aml_v4_final odoo.modules.loading: loading auth_passkey/views/auth_passkey_login_templates.xml 
2026-09-02 19:43:15,108 1751 INFO wave4_aml_v4_final odoo.modules.loading: loading auth_passkey/views/res_users_identitycheck_views.xml 
2026-09-02 19:43:15,122 1751 INFO wave4_aml_v4_final odoo.modules.loading: loading auth_passkey/views/res_users_views.xml 
2026-09-02 19:43:15,160 1751 INFO wave4_aml_v4_final odoo.modules.loading: loading auth_passkey/security/ir.model.access.csv 
2026-09-02 19:43:15,172 1751 INFO wave4_aml_v4_final odoo.modules.loading: loading auth_passkey/security/security.xml 
2026-09-02 19:43:15,230 1751 INFO wave4_aml_v4_final odoo.modules.loading: Module auth_passkey loaded in 0.38s, 218 queries (+218 other) 
2026-09-02 19:43:15,230 1751 INFO wave4_aml_v4_final odoo.modules.loading: Loading module google_recaptcha (18/69) 
2026-09-02 19:43:15,241 1751 INFO wave4_aml_v4_final odoo.registry: module google_recaptcha: creating or updating database tables 
2026-09-02 19:43:15,277 1751 INFO wave4_aml_v4_final odoo.modules.loading: loading google_recaptcha/views/res_config_settings_view.xml 
2026-09-02 19:43:15,321 1751 INFO wave4_aml_v4_final odoo.modules.loading: Module google_recaptcha loaded in 0.09s, 64 queries (+64 other) 
2026-09-02 19:43:15,321 1751 INFO wave4_aml_v4_final odoo.modules.loading: Loading module html_editor (19/69) 
2026-09-02 19:43:15,591 1751 INFO wave4_aml_v4_final odoo.registry: module html_editor: creating or updating database tables 
2026-09-02 19:43:16,524 1751 INFO wave4_aml_v4_final odoo.modules.loading: loading html_editor/security/ir.model.access.csv 
2026-09-02 19:43:16,550 1751 INFO wave4_aml_v4_final odoo.modules.loading: Module html_editor loaded in 1.23s, 1160 queries (+1160 other) 
2026-09-02 19:43:16,550 1751 INFO wave4_aml_v4_final odoo.modules.loading: Loading module iap (20/69) 
2026-09-02 19:43:16,557 1751 INFO wave4_aml_v4_final odoo.registry: module iap: creating or updating database tables 
2026-09-02 19:43:16,696 1751 INFO wave4_aml_v4_final odoo.modules.loading: loading iap/data/services.xml 
2026-09-02 19:43:16,708 1751 INFO wave4_aml_v4_final odoo.modules.loading: loading iap/security/ir.model.access.csv 
2026-09-02 19:43:16,720 1751 INFO wave4_aml_v4_final odoo.modules.loading: loading iap/security/ir_rule.xml 
2026-09-02 19:43:16,731 1751 INFO wave4_aml_v4_final odoo.modules.loading: loading iap/views/iap_views.xml 
2026-09-02 19:43:16,778 1751 INFO wave4_aml_v4_final odoo.modules.loading: loading iap/views/res_config_settings.xml 
2026-09-02 19:43:16,825 1751 INFO wave4_aml_v4_final odoo.modules.loading: Module iap loaded in 0.27s, 184 queries (+184 other) 
2026-09-02 19:43:16,825 1751 INFO wave4_aml_v4_final odoo.modules.loading: Loading module mail (21/69) 
2026-09-02 19:43:16,927 1751 INFO wave4_aml_v4_final odoo.registry: module mail: creating or updating database tables 
2026-09-02 19:43:17,727 1751 INFO wave4_aml_v4_final odoo.models: Prepare computation of ir.actions.server.partner_ids 
2026-09-02 19:43:17,728 1751 INFO wave4_aml_v4_final odoo.models: Prepare computation of ir.actions.server.activity_user_id 
2026-09-02 19:43:17,728 1751 INFO wave4_aml_v4_final odoo.models: Prepare computation of ir.actions.server.activity_type_id 
2026-09-02 19:43:17,728 1751 INFO wave4_aml_v4_final odoo.models: Prepare computation of ir.actions.server.template_id 
2026-09-02 19:43:17,728 1751 INFO wave4_aml_v4_final odoo.models: Prepare computation of ir.actions.server.activity_date_deadline_range 
2026-09-02 19:43:17,728 1751 INFO wave4_aml_v4_final odoo.models: Prepare computation of ir.actions.server.activity_summary 
2026-09-02 19:43:17,728 1751 INFO wave4_aml_v4_final odoo.models: Prepare computation of ir.actions.server.followers_type 
2026-09-02 19:43:17,729 1751 INFO wave4_aml_v4_final odoo.models: Prepare computation of ir.actions.server.followers_partner_field_name 
2026-09-02 19:43:17,729 1751 INFO wave4_aml_v4_final odoo.models: Prepare computation of ir.actions.server.mail_post_method 
2026-09-02 19:43:17,729 1751 INFO wave4_aml_v4_final odoo.models: Prepare computation of ir.actions.server.activity_date_deadline_range_type 
2026-09-02 19:43:17,729 1751 INFO wave4_aml_v4_final odoo.models: Prepare computation of ir.actions.server.activity_user_type 
2026-09-02 19:43:17,729 1751 INFO wave4_aml_v4_final odoo.models: Prepare computation of ir.actions.server.activity_user_field_name 
2026-09-02 19:43:17,729 1751 INFO wave4_aml_v4_final odoo.models: Prepare computation of ir.actions.server.activity_note 
2026-09-02 19:43:17,730 1751 INFO wave4_aml_v4_final odoo.models: Prepare computation of ir.actions.server.mail_post_autofollow 
2026-09-02 19:43:17,872 1751 INFO wave4_aml_v4_final odoo.models: Prepare computation of res.users.notification_type 
2026-09-02 19:43:18,051 1751 INFO wave4_aml_v4_final odoo.models: Prepare computation of res.partner.email_normalized 
<string>:38: (ERROR/3) Unexpected indentation.
<string>:43: (WARNING/2) Block quote ends without a blank line; unexpected unindent.
2026-09-02 19:43:20,948 1751 INFO wave4_aml_v4_final odoo.modules.loading: loading mail/data/mail_groups.xml 
2026-09-02 19:43:20,981 1751 INFO wave4_aml_v4_final odoo.modules.loading: loading mail/wizard/mail_activity_schedule_views.xml 
2026-09-02 19:43:21,000 1751 INFO wave4_aml_v4_final odoo.modules.loading: loading mail/wizard/mail_blacklist_remove_views.xml 
2026-09-02 19:43:21,011 1751 INFO wave4_aml_v4_final odoo.modules.loading: loading mail/wizard/mail_compose_message_views.xml 
2026-09-02 19:43:21,045 1751 INFO wave4_aml_v4_final odoo.modules.loading: loading mail/wizard/mail_template_preview_views.xml 
2026-09-02 19:43:21,068 1751 INFO wave4_aml_v4_final odoo.modules.loading: loading mail/wizard/mail_followers_edit_views.xml 
2026-09-02 19:43:21,088 1751 INFO wave4_aml_v4_final odoo.modules.loading: loading mail/wizard/mail_template_reset_views.xml 
2026-09-02 19:43:21,107 1751 INFO wave4_aml_v4_final odoo.modules.loading: loading mail/views/fetchmail_views.xml 
2026-09-02 19:43:21,146 1751 INFO wave4_aml_v4_final odoo.modules.loading: loading mail/views/ir_cron_views.xml 
2026-09-02 19:43:21,161 1751 INFO wave4_aml_v4_final odoo.modules.loading: loading mail/views/ir_filters_views.xml 
2026-09-02 19:43:21,183 1751 INFO wave4_aml_v4_final odoo.modules.loading: loading mail/views/ir_mail_server_views.xml 
2026-09-02 19:43:21,196 1751 INFO wave4_aml_v4_final odoo.modules.loading: loading mail/views/mail_message_subtype_views.xml 
2026-09-02 19:43:21,221 1751 INFO wave4_aml_v4_final odoo.modules.loading: loading mail/views/mail_tracking_value_views.xml 
2026-09-02 19:43:21,244 1751 INFO wave4_aml_v4_final odoo.modules.loading: loading mail/views/mail_notification_views.xml 
2026-09-02 19:43:21,266 1751 INFO wave4_aml_v4_final odoo.modules.loading: loading mail/views/mail_message_views.xml 
2026-09-02 19:43:21,313 1751 INFO wave4_aml_v4_final odoo.modules.loading: loading mail/views/mail_message_schedule_views.xml 
2026-09-02 19:43:21,352 1751 INFO wave4_aml_v4_final odoo.modules.loading: loading mail/views/mail_mail_views.xml 
2026-09-02 19:43:21,389 1751 INFO wave4_aml_v4_final odoo.modules.loading: loading mail/views/mail_followers_views.xml 
2026-09-02 19:43:21,418 1751 INFO wave4_aml_v4_final odoo.modules.loading: loading mail/views/mail_ice_server_views.xml 
2026-09-02 19:43:21,499 1751 INFO wave4_aml_v4_final odoo.modules.loading: loading mail/views/discuss_channel_member_views.xml 
2026-09-02 19:43:21,517 1751 INFO wave4_aml_v4_final odoo.modules.loading: loading mail/views/discuss_channel_rtc_session_views.xml 
2026-09-02 19:43:21,546 1751 INFO wave4_aml_v4_final odoo.modules.loading: loading mail/views/mail_link_preview_views.xml 
2026-09-02 19:43:21,595 1751 INFO wave4_aml_v4_final odoo.modules.loading: loading mail/views/discuss/discuss_gif_favorite_views.xml 
2026-09-02 19:43:21,612 1751 INFO wave4_aml_v4_final odoo.modules.loading: loading mail/views/discuss_channel_views.xml 
2026-09-02 19:43:21,676 1751 INFO wave4_aml_v4_final odoo.modules.loading: loading mail/views/mail_canned_response_views.xml 
2026-09-02 19:43:21,716 1751 INFO wave4_aml_v4_final odoo.modules.loading: loading mail/views/res_role_views.xml 
2026-09-02 19:43:21,747 1751 INFO wave4_aml_v4_final odoo.modules.loading: loading mail/views/mail_activity_views.xml 
2026-09-02 19:43:21,912 1751 INFO wave4_aml_v4_final odoo.modules.loading: loading mail/views/mail_activity_plan_views.xml 
2026-09-02 19:43:21,968 1751 INFO wave4_aml_v4_final odoo.modules.loading: loading mail/views/mail_activity_plan_template_views.xml 
2026-09-02 19:43:21,987 1751 INFO wave4_aml_v4_final odoo.modules.loading: loading mail/views/res_config_settings_views.xml 
2026-09-02 19:43:22,037 1751 INFO wave4_aml_v4_final odoo.modules.loading: loading mail/data/ir_config_parameter_data.xml 
2026-09-02 19:43:22,049 1751 INFO wave4_aml_v4_final odoo.modules.loading: loading mail/data/res_partner_data.xml 
2026-09-02 19:43:22,160 1751 INFO wave4_aml_v4_final odoo.modules.loading: loading mail/data/mail_message_subtype_data.xml 
2026-09-02 19:43:22,173 1751 INFO wave4_aml_v4_final odoo.modules.loading: loading mail/data/mail_templates_chatter.xml 
2026-09-02 19:43:22,201 1751 INFO wave4_aml_v4_final odoo.modules.loading: loading mail/data/mail_templates_email_layouts.xml 
2026-09-02 19:43:22,235 1751 INFO wave4_aml_v4_final odoo.modules.loading: loading mail/data/mail_templates_mailgateway.xml 
2026-09-02 19:43:22,259 1751 INFO wave4_aml_v4_final odoo.modules.loading: loading mail/data/discuss_channel_data.xml 
2026-09-02 19:43:22,319 1751 INFO wave4_aml_v4_final odoo.modules.loading: loading mail/data/mail_activity_type_data.xml 
2026-09-02 19:43:22,336 1751 INFO wave4_aml_v4_final odoo.modules.loading: loading mail/data/security_notifications_templates.xml 
2026-09-02 19:43:22,344 1751 INFO wave4_aml_v4_final odoo.modules.loading: loading mail/data/ir_cron_data.xml 
2026-09-02 19:43:22,503 1751 INFO wave4_aml_v4_final odoo.modules.loading: loading mail/data/ir_actions_client.xml 
2026-09-02 19:43:22,522 1751 INFO wave4_aml_v4_final odoo.modules.loading: loading mail/security/mail_security.xml 
2026-09-02 19:43:22,804 1751 INFO wave4_aml_v4_final odoo.modules.loading: loading mail/security/ir.model.access.csv 
2026-09-02 19:43:22,874 1751 INFO wave4_aml_v4_final odoo.modules.loading: loading mail/views/discuss_public_templates.xml 
2026-09-02 19:43:22,883 1751 INFO wave4_aml_v4_final odoo.modules.loading: loading mail/views/mail_alias_domain_views.xml 
2026-09-02 19:43:22,916 1751 INFO wave4_aml_v4_final odoo.modules.loading: loading mail/views/mail_alias_views.xml 
2026-09-02 19:43:22,949 1751 INFO wave4_aml_v4_final odoo.modules.loading: loading mail/views/mail_gateway_allowed_views.xml 
2026-09-02 19:43:22,967 1751 INFO wave4_aml_v4_final odoo.modules.loading: loading mail/views/mail_guest_views.xml 
2026-09-02 19:43:22,984 1751 INFO wave4_aml_v4_final odoo.modules.loading: loading mail/views/mail_message_reaction_views.xml 
2026-09-02 19:43:23,011 1751 INFO wave4_aml_v4_final odoo.modules.loading: loading mail/views/mail_templates_public.xml 
2026-09-02 19:43:23,023 1751 INFO wave4_aml_v4_final odoo.modules.loading: loading mail/views/res_users_views.xml 
2026-09-02 19:43:23,059 1751 INFO wave4_aml_v4_final odoo.modules.loading: loading mail/views/res_users_settings_views.xml 
2026-09-02 19:43:23,089 1751 INFO wave4_aml_v4_final odoo.modules.loading: loading mail/views/mail_template_views.xml 
2026-09-02 19:43:23,120 1751 INFO wave4_aml_v4_final odoo.modules.loading: loading mail/views/ir_actions_server_views.xml 
2026-09-02 19:43:23,146 1751 INFO wave4_aml_v4_final odoo.modules.loading: loading mail/views/ir_model_views.xml 
2026-09-02 19:43:23,198 1751 INFO wave4_aml_v4_final odoo.modules.loading: loading mail/views/res_partner_views.xml 
2026-09-02 19:43:23,271 1751 INFO wave4_aml_v4_final odoo.modules.loading: loading mail/views/mail_blacklist_views.xml 
2026-09-02 19:43:23,296 1751 INFO wave4_aml_v4_final odoo.modules.loading: loading mail/views/mail_menus.xml 
2026-09-02 19:43:23,509 1751 INFO wave4_aml_v4_final odoo.modules.loading: loading mail/views/discuss/discuss_menus.xml 
2026-09-02 19:43:23,516 1751 INFO wave4_aml_v4_final odoo.modules.loading: loading mail/views/discuss/discuss_call_history_views.xml 
2026-09-02 19:43:23,542 1751 INFO wave4_aml_v4_final odoo.modules.loading: loading mail/views/res_company_views.xml 
2026-09-02 19:43:23,564 1751 INFO wave4_aml_v4_final odoo.modules.loading: loading mail/views/mail_scheduled_message_views.xml 
2026-09-02 19:43:23,574 1751 INFO wave4_aml_v4_final odoo.modules.loading: loading mail/data/mail_canned_response_data.xml 
2026-09-02 19:43:23,587 1751 INFO wave4_aml_v4_final odoo.modules.loading: loading mail/data/mail_templates_invite.xml 
2026-09-02 19:43:23,613 1751 INFO wave4_aml_v4_final odoo.modules.loading: loading mail/data/web_tour_tour.xml 
2026-09-02 19:43:23,726 1751 INFO wave4_aml_v4_final odoo.modules.loading: Module mail loaded in 6.90s, 5105 queries (+5106 other) 
2026-09-02 19:43:23,726 1751 INFO wave4_aml_v4_final odoo.modules.loading: Loading module web_unsplash (22/69) 
2026-09-02 19:43:23,748 1751 INFO wave4_aml_v4_final odoo.registry: module web_unsplash: creating or updating database tables 
2026-09-02 19:43:23,816 1751 INFO wave4_aml_v4_final odoo.modules.loading: loading web_unsplash/views/res_config_settings_view.xml 
2026-09-02 19:43:23,895 1751 INFO wave4_aml_v4_final odoo.modules.loading: Module web_unsplash loaded in 0.17s, 103 queries (+103 other) 
2026-09-02 19:43:23,895 1751 INFO wave4_aml_v4_final odoo.modules.loading: Loading module analytic (23/69) 
2026-09-02 19:43:23,909 1751 INFO wave4_aml_v4_final odoo.registry: module analytic: creating or updating database tables 
2026-09-02 19:43:24,202 1751 INFO wave4_aml_v4_final odoo.modules.loading: loading analytic/security/analytic_security.xml 
2026-09-02 19:43:24,230 1751 INFO wave4_aml_v4_final odoo.modules.loading: loading analytic/security/ir.model.access.csv 
2026-09-02 19:43:24,253 1751 INFO wave4_aml_v4_final odoo.modules.loading: loading analytic/views/analytic_line_views.xml 
2026-09-02 19:43:24,299 1751 INFO wave4_aml_v4_final odoo.modules.loading: loading analytic/views/analytic_account_views.xml 
2026-09-02 19:43:24,350 1751 INFO wave4_aml_v4_final odoo.modules.loading: loading analytic/views/analytic_plan_views.xml 
2026-09-02 19:43:24,373 1751 INFO wave4_aml_v4_final odoo.modules.loading: loading analytic/views/analytic_distribution_model_views.xml 
2026-09-02 19:43:24,390 1751 INFO wave4_aml_v4_final odoo.modules.loading: loading analytic/data/analytic_data.xml 
2026-09-02 19:43:24,453 1751 INFO wave4_aml_v4_final odoo.modules.loading: Module analytic loaded in 0.56s, 425 queries (+425 other) 
2026-09-02 19:43:24,454 1751 INFO wave4_aml_v4_final odoo.modules.loading: Loading module auth_signup (24/69) 
2026-09-02 19:43:24,474 1751 INFO wave4_aml_v4_final odoo.registry: module auth_signup: creating or updating database tables 
2026-09-02 19:43:24,575 1751 INFO wave4_aml_v4_final odoo.modules.loading: loading auth_signup/data/ir_config_parameter_data.xml 
2026-09-02 19:43:24,582 1751 INFO wave4_aml_v4_final odoo.modules.loading: loading auth_signup/data/ir_cron_data.xml 
2026-09-02 19:43:24,622 1751 INFO wave4_aml_v4_final odoo.modules.loading: loading auth_signup/data/mail_template_data.xml 
2026-09-02 19:43:24,747 1751 INFO wave4_aml_v4_final odoo.modules.loading: loading auth_signup/views/res_config_settings_views.xml 
2026-09-02 19:43:24,775 1751 INFO wave4_aml_v4_final odoo.modules.loading: loading auth_signup/views/res_users_views.xml 
2026-09-02 19:43:24,810 1751 INFO wave4_aml_v4_final odoo.modules.loading: loading auth_signup/views/auth_signup_login_templates.xml 
2026-09-02 19:43:24,846 1751 INFO wave4_aml_v4_final odoo.modules.loading: loading auth_signup/views/auth_signup_templates_email.xml 
2026-09-02 19:43:24,857 1751 INFO wave4_aml_v4_final odoo.modules.loading: loading auth_signup/views/webclient_templates.xml 
2026-09-02 19:43:24,894 1751 INFO wave4_aml_v4_final odoo.modules.loading: Module auth_signup loaded in 0.44s, 255 queries (+255 other) 
2026-09-02 19:43:24,895 1751 INFO wave4_aml_v4_final odoo.modules.loading: Loading module auth_totp_mail (25/69) 
2026-09-02 19:43:24,917 1751 INFO wave4_aml_v4_final odoo.registry: module auth_totp_mail: creating or updating database tables 
2026-09-02 19:43:24,977 1751 INFO wave4_aml_v4_final odoo.modules.loading: loading auth_totp_mail/data/ir_action_data.xml 
2026-09-02 19:43:25,015 1751 INFO wave4_aml_v4_final odoo.modules.loading: loading auth_totp_mail/data/mail_template_data.xml 
2026-09-02 19:43:25,074 1751 INFO wave4_aml_v4_final odoo.modules.loading: loading auth_totp_mail/data/security_notifications_template.xml 
2026-09-02 19:43:25,084 1751 INFO wave4_aml_v4_final odoo.modules.loading: loading auth_totp_mail/views/res_config_settings_views.xml 
2026-09-02 19:43:25,107 1751 INFO wave4_aml_v4_final odoo.modules.loading: loading auth_totp_mail/views/res_users_views.xml 
2026-09-02 19:43:25,135 1751 INFO wave4_aml_v4_final odoo.modules.loading: loading auth_totp_mail/views/templates.xml 
2026-09-02 19:43:25,173 1751 INFO wave4_aml_v4_final odoo.modules.loading: Module auth_totp_mail loaded in 0.28s, 189 queries (+189 other) 
2026-09-02 19:43:25,173 1751 INFO wave4_aml_v4_final odoo.modules.loading: Loading module base_install_request (26/69) 
2026-09-02 19:43:25,183 1751 INFO wave4_aml_v4_final odoo.registry: module base_install_request: creating or updating database tables 
2026-09-02 19:43:25,277 1751 INFO wave4_aml_v4_final odoo.modules.loading: loading base_install_request/security/ir.model.access.csv 
2026-09-02 19:43:25,290 1751 INFO wave4_aml_v4_final odoo.modules.loading: loading base_install_request/wizard/base_module_install_request_views.xml 
2026-09-02 19:43:25,322 1751 INFO wave4_aml_v4_final odoo.modules.loading: loading base_install_request/data/mail_template_data.xml 
2026-09-02 19:43:25,330 1751 INFO wave4_aml_v4_final odoo.modules.loading: loading base_install_request/data/mail_templates_module_install.xml 
2026-09-02 19:43:25,337 1751 INFO wave4_aml_v4_final odoo.modules.loading: loading base_install_request/views/ir_module_module_views.xml 
2026-09-02 19:43:25,370 1751 INFO wave4_aml_v4_final odoo.modules.loading: Module base_install_request loaded in 0.20s, 154 queries (+154 other) 
2026-09-02 19:43:25,370 1751 INFO wave4_aml_v4_final odoo.modules.loading: Loading module calendar (27/69) 
2026-09-02 19:43:25,429 1751 INFO wave4_aml_v4_final odoo.registry: module calendar: creating or updating database tables 
2026-09-02 19:43:25,996 1751 INFO wave4_aml_v4_final odoo.modules.loading: loading calendar/security/ir.model.access.csv 
2026-09-02 19:43:26,017 1751 INFO wave4_aml_v4_final odoo.modules.loading: loading calendar/security/calendar_security.xml 
2026-09-02 19:43:26,043 1751 INFO wave4_aml_v4_final odoo.modules.loading: loading calendar/data/calendar_cron.xml 
2026-09-02 19:43:26,084 1751 INFO wave4_aml_v4_final odoo.modules.loading: loading calendar/data/mail_template_data.xml 
2026-09-02 19:43:26,116 1751 INFO wave4_aml_v4_final odoo.modules.loading: loading calendar/data/calendar_data.xml 
2026-09-02 19:43:26,140 1751 INFO wave4_aml_v4_final odoo.modules.loading: loading calendar/data/mail_activity_type_data.xml 
2026-09-02 19:43:26,146 1751 INFO wave4_aml_v4_final odoo.modules.loading: loading calendar/data/mail_message_subtype_data.xml 
2026-09-02 19:43:26,152 1751 INFO wave4_aml_v4_final odoo.modules.loading: loading calendar/views/mail_activity_views.xml 
2026-09-02 19:43:26,180 1751 INFO wave4_aml_v4_final odoo.modules.loading: loading calendar/views/calendar_templates.xml 
2026-09-02 19:43:26,189 1751 INFO wave4_aml_v4_final odoo.modules.loading: loading calendar/views/calendar_views.xml 
2026-09-02 19:43:26,362 1751 INFO wave4_aml_v4_final odoo.modules.loading: loading calendar/views/res_config_settings_views.xml 
2026-09-02 19:43:26,385 1751 INFO wave4_aml_v4_final odoo.modules.loading: loading calendar/views/res_partner_views.xml 
2026-09-02 19:43:26,408 1751 INFO wave4_aml_v4_final odoo.modules.loading: loading calendar/views/res_users_views.xml 
2026-09-02 19:43:26,435 1751 INFO wave4_aml_v4_final odoo.modules.loading: loading calendar/wizard/calendar_provider_config.xml 
2026-09-02 19:43:26,445 1751 INFO wave4_aml_v4_final odoo.modules.loading: loading calendar/wizard/calendar_popover_delete_wizard.xml 
2026-09-02 19:43:26,462 1751 INFO wave4_aml_v4_final odoo.modules.loading: loading calendar/wizard/mail_activity_schedule_views.xml 
2026-09-02 19:43:26,527 1751 INFO wave4_aml_v4_final odoo.modules.loading: Module calendar loaded in 1.16s, 883 queries (+883 other) 
2026-09-02 19:43:26,527 1751 INFO wave4_aml_v4_final odoo.modules.loading: Loading module contacts (28/69) 
2026-09-02 19:43:26,548 1751 INFO wave4_aml_v4_final odoo.registry: module contacts: creating or updating database tables 
2026-09-02 19:43:26,644 1751 INFO wave4_aml_v4_final odoo.modules.loading: loading contacts/views/contact_views.xml 
2026-09-02 19:43:26,759 1751 INFO wave4_aml_v4_final odoo.modules.loading: Module contacts loaded in 0.23s, 209 queries (+209 other) 
2026-09-02 19:43:26,759 1751 INFO wave4_aml_v4_final odoo.modules.loading: Loading module google_gmail (29/69) 
2026-09-02 19:43:26,776 1751 INFO wave4_aml_v4_final odoo.registry: module google_gmail: creating or updating database tables 
2026-09-02 19:43:26,872 1751 INFO wave4_aml_v4_final odoo.modules.loading: loading google_gmail/views/fetchmail_server_views.xml 
2026-09-02 19:43:26,905 1751 INFO wave4_aml_v4_final odoo.modules.loading: loading google_gmail/views/ir_mail_server_views.xml 
2026-09-02 19:43:26,926 1751 INFO wave4_aml_v4_final odoo.modules.loading: loading google_gmail/views/res_config_settings_views.xml 
2026-09-02 19:43:26,954 1751 INFO wave4_aml_v4_final odoo.modules.loading: loading google_gmail/views/templates.xml 
2026-09-02 19:43:26,976 1751 INFO wave4_aml_v4_final odoo.modules.loading: Module google_gmail loaded in 0.22s, 155 queries (+155 other) 
2026-09-02 19:43:26,976 1751 INFO wave4_aml_v4_final odoo.modules.loading: Loading module html_builder (30/69) 
2026-09-02 19:43:27,020 1751 INFO wave4_aml_v4_final odoo.modules.loading: Module html_builder loaded in 0.04s, 10 queries (+10 other) 
2026-09-02 19:43:27,020 1751 INFO wave4_aml_v4_final odoo.modules.loading: Loading module iap_mail (31/69) 
2026-09-02 19:43:27,033 1751 INFO wave4_aml_v4_final odoo.registry: module iap_mail: creating or updating database tables 
2026-09-02 19:43:27,094 1751 INFO wave4_aml_v4_final odoo.modules.loading: loading iap_mail/data/mail_templates.xml 
2026-09-02 19:43:27,116 1751 INFO wave4_aml_v4_final odoo.modules.loading: loading iap_mail/views/iap_views.xml 
2026-09-02 19:43:27,152 1751 INFO wave4_aml_v4_final odoo.modules.loading: Module iap_mail loaded in 0.13s, 70 queries (+70 other) 
2026-09-02 19:43:27,152 1751 INFO wave4_aml_v4_final odoo.modules.loading: Loading module mail_bot (32/69) 
2026-09-02 19:43:27,166 1751 INFO wave4_aml_v4_final odoo.registry: module mail_bot: creating or updating database tables 
2026-09-02 19:43:27,237 1751 INFO wave4_aml_v4_final odoo.modules.loading: loading mail_bot/views/res_users_views.xml 
2026-09-02 19:43:27,261 1751 INFO wave4_aml_v4_final odoo.modules.loading: loading mail_bot/data/mailbot_data.xml 
2026-09-02 19:43:27,283 1751 INFO wave4_aml_v4_final odoo.modules.loading: Module mail_bot loaded in 0.13s, 109 queries (+109 other) 
2026-09-02 19:43:27,283 1751 INFO wave4_aml_v4_final odoo.modules.loading: Loading module microsoft_outlook (33/69) 
2026-09-02 19:43:27,306 1751 INFO wave4_aml_v4_final odoo.registry: module microsoft_outlook: creating or updating database tables 
2026-09-02 19:43:27,454 1751 INFO wave4_aml_v4_final odoo.modules.loading: loading microsoft_outlook/views/fetchmail_server_views.xml 
2026-09-02 19:43:27,479 1751 INFO wave4_aml_v4_final odoo.modules.loading: loading microsoft_outlook/views/ir_mail_server_views.xml 
2026-09-02 19:43:27,495 1751 INFO wave4_aml_v4_final odoo.modules.loading: loading microsoft_outlook/views/res_config_settings_views.xml 
2026-09-02 19:43:27,532 1751 INFO wave4_aml_v4_final odoo.modules.loading: loading microsoft_outlook/views/templates.xml 
2026-09-02 19:43:27,548 1751 INFO wave4_aml_v4_final odoo.modules.loading: Module microsoft_outlook loaded in 0.27s, 158 queries (+158 other) 
2026-09-02 19:43:27,548 1751 INFO wave4_aml_v4_final odoo.modules.loading: Loading module phone_validation (34/69) 
2026-09-02 19:43:27,692 1751 INFO wave4_aml_v4_final odoo.registry: module phone_validation: creating or updating database tables 
2026-09-02 19:43:27,732 1751 INFO wave4_aml_v4_final odoo.models: Prepare computation of res.partner.phone_sanitized 
2026-09-02 19:43:29,079 1751 INFO wave4_aml_v4_final odoo.modules.loading: loading phone_validation/security/ir.model.access.csv 
2026-09-02 19:43:29,098 1751 INFO wave4_aml_v4_final odoo.modules.loading: loading phone_validation/views/phone_blacklist_views.xml 
2026-09-02 19:43:29,136 1751 INFO wave4_aml_v4_final odoo.modules.loading: loading phone_validation/views/res_partner_views.xml 
2026-09-02 19:43:29,154 1751 INFO wave4_aml_v4_final odoo.modules.loading: loading phone_validation/wizard/phone_blacklist_remove_view.xml 
2026-09-02 19:43:29,183 1751 INFO wave4_aml_v4_final odoo.modules.loading: Module phone_validation loaded in 1.63s, 1856 queries (+1856 other) 
2026-09-02 19:43:29,183 1751 INFO wave4_aml_v4_final odoo.modules.loading: Loading module privacy_lookup (35/69) 
2026-09-02 19:43:29,204 1751 INFO wave4_aml_v4_final odoo.registry: module privacy_lookup: creating or updating database tables 
2026-09-02 19:43:29,399 1751 INFO wave4_aml_v4_final odoo.modules.loading: loading privacy_lookup/wizard/privacy_lookup_wizard_views.xml 
2026-09-02 19:43:29,479 1751 INFO wave4_aml_v4_final odoo.modules.loading: loading privacy_lookup/views/privacy_log_views.xml 
2026-09-02 19:43:29,508 1751 INFO wave4_aml_v4_final odoo.modules.loading: loading privacy_lookup/security/ir.model.access.csv 
2026-09-02 19:43:29,544 1751 INFO wave4_aml_v4_final odoo.modules.loading: loading privacy_lookup/data/ir_actions_server_data.xml 
2026-09-02 19:43:29,626 1751 INFO wave4_aml_v4_final odoo.modules.loading: Module privacy_lookup loaded in 0.44s, 296 queries (+296 other) 
2026-09-02 19:43:29,627 1751 INFO wave4_aml_v4_final odoo.modules.loading: Loading module product (36/69) 
2026-09-02 19:43:29,701 1751 INFO wave4_aml_v4_final odoo.registry: module product: creating or updating database tables 
2026-09-02 19:43:31,048 1751 INFO wave4_aml_v4_final odoo.modules.loading: loading product/data/product_data.xml 
2026-09-02 19:43:31,086 1751 INFO wave4_aml_v4_final odoo.modules.loading: loading product/security/product_security.xml 
2026-09-02 19:43:31,194 1751 INFO wave4_aml_v4_final odoo.modules.loading: loading product/security/ir.model.access.csv 
2026-09-02 19:43:31,232 1751 INFO wave4_aml_v4_final odoo.modules.loading: loading product/wizard/product_label_layout_views.xml 
2026-09-02 19:43:31,247 1751 INFO wave4_aml_v4_final odoo.modules.loading: loading product/wizard/update_product_attribute_value_views.xml 
2026-09-02 19:43:31,256 1751 INFO wave4_aml_v4_final odoo.modules.loading: loading product/views/product_tag_views.xml 
2026-09-02 19:43:31,273 1751 INFO wave4_aml_v4_final odoo.modules.loading: loading product/views/product_views.xml 
2026-09-02 19:43:31,456 1751 INFO wave4_aml_v4_final odoo.modules.loading: loading product/views/res_config_settings_views.xml 
2026-09-02 19:43:31,484 1751 INFO wave4_aml_v4_final odoo.modules.loading: loading product/views/product_attribute_views.xml 
2026-09-02 19:43:31,537 1751 INFO wave4_aml_v4_final odoo.modules.loading: loading product/views/product_attribute_value_views.xml 
2026-09-02 19:43:31,547 1751 INFO wave4_aml_v4_final odoo.modules.loading: loading product/views/product_category_views.xml 
2026-09-02 19:43:31,576 1751 INFO wave4_aml_v4_final odoo.modules.loading: loading product/views/product_combo_views.xml 
2026-09-02 19:43:31,596 1751 INFO wave4_aml_v4_final odoo.modules.loading: loading product/views/product_document_views.xml 
2026-09-02 19:43:31,631 1751 INFO wave4_aml_v4_final odoo.modules.loading: loading product/views/product_pricelist_item_views.xml 
2026-09-02 19:43:31,686 1751 INFO wave4_aml_v4_final odoo.modules.loading: loading product/views/product_pricelist_views.xml 
2026-09-02 19:43:31,729 1751 INFO wave4_aml_v4_final odoo.modules.loading: loading product/views/product_supplierinfo_views.xml 
2026-09-02 19:43:31,761 1751 INFO wave4_aml_v4_final odoo.modules.loading: loading product/views/product_template_attribute_line_views.xml 
2026-09-02 19:43:31,769 1751 INFO wave4_aml_v4_final odoo.modules.loading: loading product/views/product_template_views.xml 
2026-09-02 19:43:31,854 1751 INFO wave4_aml_v4_final odoo.modules.loading: loading product/views/res_country_group_views.xml 
2026-09-02 19:43:31,877 1751 INFO wave4_aml_v4_final odoo.modules.loading: loading product/views/res_partner_views.xml 
2026-09-02 19:43:31,894 1751 INFO wave4_aml_v4_final odoo.modules.loading: loading product/views/uom_views.xml 
2026-09-02 19:43:31,916 1751 INFO wave4_aml_v4_final odoo.modules.loading: loading product/report/product_reports.xml 
2026-09-02 19:43:31,958 1751 INFO wave4_aml_v4_final odoo.modules.loading: loading product/report/product_product_templates.xml 
2026-09-02 19:43:31,999 1751 INFO wave4_aml_v4_final odoo.modules.loading: loading product/report/product_template_templates.xml 
2026-09-02 19:43:32,039 1751 INFO wave4_aml_v4_final odoo.modules.loading: loading product/report/product_packaging.xml 
2026-09-02 19:43:32,046 1751 INFO wave4_aml_v4_final odoo.modules.loading: loading product/report/product_pricelist_report_templates.xml 
2026-09-02 19:43:32,106 1751 INFO wave4_aml_v4_final odoo.modules.loading: Module product loaded in 2.48s, 1637 queries (+1637 other) 
2026-09-02 19:43:32,106 1751 INFO wave4_aml_v4_final odoo.modules.loading: Loading module resource_mail (37/69) 
2026-09-02 19:43:32,119 1751 INFO wave4_aml_v4_final odoo.registry: module resource_mail: creating or updating database tables 
2026-09-02 19:43:32,187 1751 INFO wave4_aml_v4_final odoo.modules.loading: Module resource_mail loaded in 0.08s, 36 queries (+36 other) 
2026-09-02 19:43:32,188 1751 INFO wave4_aml_v4_final odoo.modules.loading: Loading module sales_team (38/69) 
2026-09-02 19:43:32,208 1751 INFO wave4_aml_v4_final odoo.registry: module sales_team: creating or updating database tables 
2026-09-02 19:43:32,289 1751 INFO wave4_aml_v4_final odoo.models: Prepare computation of res.users.sale_team_id 
2026-09-02 19:43:32,484 1751 INFO wave4_aml_v4_final odoo.modules.loading: loading sales_team/security/sales_team_security.xml 
2026-09-02 19:43:32,550 1751 INFO wave4_aml_v4_final odoo.modules.loading: loading sales_team/security/ir.model.access.csv 
2026-09-02 19:43:32,562 1751 INFO wave4_aml_v4_final odoo.modules.loading: loading sales_team/data/crm_team_data.xml 
2026-09-02 19:43:32,619 1751 INFO wave4_aml_v4_final odoo.modules.loading: loading sales_team/views/crm_tag_views.xml 
2026-09-02 19:43:32,642 1751 INFO wave4_aml_v4_final odoo.modules.loading: loading sales_team/views/crm_team_views.xml 
2026-09-02 19:43:32,694 1751 INFO wave4_aml_v4_final odoo.modules.loading: loading sales_team/views/crm_team_member_views.xml 
2026-09-02 19:43:32,747 1751 INFO wave4_aml_v4_final odoo.modules.loading: loading sales_team/views/mail_activity_views.xml 
2026-09-02 19:43:32,769 1751 INFO wave4_aml_v4_final odoo.modules.loading: Module sales_team loaded in 0.58s, 365 queries (+365 other) 
2026-09-02 19:43:32,769 1751 INFO wave4_aml_v4_final odoo.modules.loading: Loading module partner_autocomplete (39/69) 
2026-09-02 19:43:32,803 1751 INFO wave4_aml_v4_final odoo.registry: module partner_autocomplete: creating or updating database tables 
2026-09-02 19:43:32,929 1751 INFO wave4_aml_v4_final odoo.modules.loading: loading partner_autocomplete/views/res_company_views.xml 
2026-09-02 19:43:32,956 1751 INFO wave4_aml_v4_final odoo.modules.loading: loading partner_autocomplete/views/res_config_settings_views.xml 
2026-09-02 19:43:32,990 1751 INFO wave4_aml_v4_final odoo.modules.loading: loading partner_autocomplete/data/iap_service_data.xml 
2026-09-02 19:43:33,009 1751 INFO wave4_aml_v4_final odoo.modules.loading: Module partner_autocomplete loaded in 0.24s, 144 queries (+144 other) 
2026-09-02 19:43:33,009 1751 INFO wave4_aml_v4_final odoo.modules.loading: Loading module portal (40/69) 
2026-09-02 19:43:33,076 1751 INFO wave4_aml_v4_final odoo.registry: module portal: creating or updating database tables 
2026-09-02 19:43:33,498 1751 INFO wave4_aml_v4_final odoo.modules.loading: loading portal/security/ir.model.access.csv 
2026-09-02 19:43:33,510 1751 INFO wave4_aml_v4_final odoo.modules.loading: loading portal/data/mail_templates.xml 
2026-09-02 19:43:33,519 1751 INFO wave4_aml_v4_final odoo.modules.loading: loading portal/views/address_templates.xml 
2026-09-02 19:43:33,572 1751 INFO wave4_aml_v4_final odoo.modules.loading: loading portal/views/mail_templates_public.xml 
2026-09-02 19:43:33,582 1751 INFO wave4_aml_v4_final odoo.modules.loading: loading portal/views/portal_templates.xml 
2026-09-02 19:43:33,750 1751 INFO wave4_aml_v4_final odoo.modules.loading: loading portal/views/res_config_settings_views.xml 
2026-09-02 19:43:33,781 1751 INFO wave4_aml_v4_final odoo.modules.loading: loading portal/wizard/portal_share_views.xml 
2026-09-02 19:43:33,806 1751 INFO wave4_aml_v4_final odoo.modules.loading: loading portal/wizard/portal_wizard_views.xml 
2026-09-02 19:43:33,876 1751 INFO wave4_aml_v4_final odoo.modules.loading: Module portal loaded in 0.87s, 625 queries (+625 other) 
2026-09-02 19:43:33,876 1751 INFO wave4_aml_v4_final odoo.modules.loading: Loading module sms (41/69) 
2026-09-02 19:43:34,036 1751 INFO wave4_aml_v4_final odoo.registry: module sms: creating or updating database tables 
2026-09-02 19:43:34,052 1751 INFO wave4_aml_v4_final odoo.models: Prepare computation of ir.actions.server.sms_template_id 
2026-09-02 19:43:34,052 1751 INFO wave4_aml_v4_final odoo.models: Prepare computation of ir.actions.server.sms_method 
2026-09-02 19:43:35,891 1751 INFO wave4_aml_v4_final odoo.modules.loading: loading sms/data/iap_service_data.xml 
2026-09-02 19:43:35,899 1751 INFO wave4_aml_v4_final odoo.modules.loading: loading sms/data/ir_cron_data.xml 
2026-09-02 19:43:35,941 1751 INFO wave4_aml_v4_final odoo.modules.loading: loading sms/wizard/sms_account_code_views.xml 
2026-09-02 19:43:35,958 1751 INFO wave4_aml_v4_final odoo.modules.loading: loading sms/wizard/sms_account_phone_views.xml 
2026-09-02 19:43:35,968 1751 INFO wave4_aml_v4_final odoo.modules.loading: loading sms/wizard/sms_account_sender_views.xml 
2026-09-02 19:43:35,977 1751 INFO wave4_aml_v4_final odoo.modules.loading: loading sms/wizard/sms_composer_views.xml 
2026-09-02 19:43:36,002 1751 INFO wave4_aml_v4_final odoo.modules.loading: loading sms/wizard/sms_template_preview_views.xml 
2026-09-02 19:43:36,018 1751 INFO wave4_aml_v4_final odoo.modules.loading: loading sms/wizard/sms_template_reset_views.xml 
2026-09-02 19:43:36,033 1751 INFO wave4_aml_v4_final odoo.modules.loading: loading sms/views/ir_actions_server_views.xml 
2026-09-02 19:43:36,056 1751 INFO wave4_aml_v4_final odoo.modules.loading: loading sms/views/mail_notification_views.xml 
2026-09-02 19:43:36,086 1751 INFO wave4_aml_v4_final odoo.modules.loading: loading sms/views/res_config_settings_views.xml 
2026-09-02 19:43:36,105 1751 INFO wave4_aml_v4_final odoo.modules.loading: loading sms/views/res_partner_views.xml 
2026-09-02 19:43:36,130 1751 INFO wave4_aml_v4_final odoo.modules.loading: loading sms/views/iap_account_views.xml 
2026-09-02 19:43:36,152 1751 INFO wave4_aml_v4_final odoo.modules.loading: loading sms/views/sms_sms_views.xml 
2026-09-02 19:43:36,193 1751 INFO wave4_aml_v4_final odoo.modules.loading: loading sms/views/sms_template_views.xml 
2026-09-02 19:43:36,231 1751 INFO wave4_aml_v4_final odoo.modules.loading: loading sms/security/ir.model.access.csv 
2026-09-02 19:43:36,262 1751 INFO wave4_aml_v4_final odoo.modules.loading: loading sms/security/sms_security.xml 
2026-09-02 19:43:36,296 1751 INFO wave4_aml_v4_final odoo.modules.loading: Module sms loaded in 2.42s, 2488 queries (+2488 other) 
2026-09-02 19:43:36,296 1751 INFO wave4_aml_v4_final odoo.modules.loading: Loading module snailmail (42/69) 
2026-09-02 19:43:36,468 1751 INFO wave4_aml_v4_final odoo.registry: module snailmail: creating or updating database tables 
2026-09-02 19:43:36,870 1751 INFO wave4_aml_v4_final odoo.modules.loading: loading snailmail/data/iap_service_data.xml 
2026-09-02 19:43:36,878 1751 INFO wave4_aml_v4_final odoo.modules.loading: loading snailmail/data/snailmail_data.xml 
2026-09-02 19:43:36,921 1751 INFO wave4_aml_v4_final odoo.modules.loading: loading snailmail/views/report_assets.xml 
2026-09-02 19:43:36,940 1751 INFO wave4_aml_v4_final odoo.modules.loading: loading snailmail/views/snailmail_views.xml 
2026-09-02 19:43:36,972 1751 INFO wave4_aml_v4_final odoo.modules.loading: loading snailmail/security/ir.model.access.csv 
2026-09-02 19:43:37,017 1751 INFO wave4_aml_v4_final odoo.modules.loading: Module snailmail loaded in 0.72s, 491 queries (+491 other) 
2026-09-02 19:43:37,017 1751 INFO wave4_aml_v4_final odoo.modules.loading: Loading module auth_passkey_portal (43/69) 
2026-09-02 19:43:37,036 1751 INFO wave4_aml_v4_final odoo.modules.loading: loading auth_passkey_portal/views/templates.xml 
2026-09-02 19:43:37,085 1751 INFO wave4_aml_v4_final odoo.modules.loading: Module auth_passkey_portal loaded in 0.07s, 22 queries (+22 other) 
2026-09-02 19:43:37,085 1751 INFO wave4_aml_v4_final odoo.modules.loading: Loading module auth_totp_portal (44/69) 
2026-09-02 19:43:37,102 1751 INFO wave4_aml_v4_final odoo.registry: module auth_totp_portal: creating or updating database tables 
2026-09-02 19:43:37,146 1751 INFO wave4_aml_v4_final odoo.modules.loading: loading auth_totp_portal/security/security.xml 
2026-09-02 19:43:37,165 1751 INFO wave4_aml_v4_final odoo.modules.loading: loading auth_totp_portal/views/templates.xml 
2026-09-02 19:43:37,194 1751 INFO wave4_aml_v4_final odoo.modules.loading: Module auth_totp_portal loaded in 0.11s, 70 queries (+70 other) 
2026-09-02 19:43:37,194 1751 INFO wave4_aml_v4_final odoo.modules.loading: Loading module calendar_sms (45/69) 
2026-09-02 19:43:37,210 1751 INFO wave4_aml_v4_final odoo.registry: module calendar_sms: creating or updating database tables 
2026-09-02 19:43:37,219 1751 INFO wave4_aml_v4_final odoo.models: Prepare computation of calendar.alarm.sms_template_id 
2026-09-02 19:43:37,279 1751 INFO wave4_aml_v4_final odoo.modules.loading: loading calendar_sms/data/sms_data.xml 
2026-09-02 19:43:37,291 1751 INFO wave4_aml_v4_final odoo.modules.loading: loading calendar_sms/views/calendar_views.xml 
2026-09-02 19:43:37,353 1751 INFO wave4_aml_v4_final odoo.modules.loading: Module calendar_sms loaded in 0.16s, 106 queries (+106 other) 
2026-09-02 19:43:37,353 1751 INFO wave4_aml_v4_final odoo.modules.loading: Loading module digest (46/69) 
2026-09-02 19:43:37,385 1751 INFO wave4_aml_v4_final odoo.registry: module digest: creating or updating database tables 
2026-09-02 19:43:37,546 1751 INFO wave4_aml_v4_final odoo.modules.loading: loading digest/security/ir.model.access.csv 
2026-09-02 19:43:37,556 1751 INFO wave4_aml_v4_final odoo.modules.loading: loading digest/data/digest_data.xml 
2026-09-02 19:43:37,587 1751 INFO wave4_aml_v4_final odoo.modules.loading: loading digest/data/digest_tips_data.xml 
2026-09-02 19:43:37,633 1751 INFO wave4_aml_v4_final odoo.modules.loading: loading digest/data/ir_cron_data.xml 
2026-09-02 19:43:37,676 1751 INFO wave4_aml_v4_final odoo.modules.loading: loading digest/data/res_config_settings_data.xml 
2026-09-02 19:43:37,691 1751 INFO wave4_aml_v4_final odoo.modules.loading: loading digest/views/digest_views.xml 
2026-09-02 19:43:37,757 1751 INFO wave4_aml_v4_final odoo.modules.loading: loading digest/views/digest_templates.xml 
2026-09-02 19:43:37,768 1751 INFO wave4_aml_v4_final odoo.modules.loading: loading digest/views/res_config_settings_views.xml 
2026-09-02 19:43:37,822 1751 INFO wave4_aml_v4_final odoo.modules.loading: Module digest loaded in 0.47s, 326 queries (+326 other) 
2026-09-02 19:43:37,822 1751 INFO wave4_aml_v4_final odoo.modules.loading: Loading module payment (47/69) 
2026-09-02 19:43:37,872 1751 INFO wave4_aml_v4_final odoo.registry: module payment: creating or updating database tables 
2026-09-02 19:43:38,448 1751 INFO wave4_aml_v4_final odoo.modules.loading: loading payment/data/ir_actions_server_data.xml 
2026-09-02 19:43:38,477 1751 INFO wave4_aml_v4_final odoo.modules.loading: loading payment/data/payment_method_data.xml 
2026-09-02 19:43:41,168 1751 INFO wave4_aml_v4_final odoo.modules.loading: loading payment/data/payment_provider_data.xml 
2026-09-02 19:43:41,508 1751 INFO wave4_aml_v4_final odoo.modules.loading: loading payment/data/payment_cron.xml 
2026-09-02 19:43:41,546 1751 INFO wave4_aml_v4_final odoo.modules.loading: loading payment/views/express_checkout_templates.xml 
2026-09-02 19:43:41,556 1751 INFO wave4_aml_v4_final odoo.modules.loading: loading payment/views/payment_form_templates.xml 
2026-09-02 19:43:41,632 1751 INFO wave4_aml_v4_final odoo.modules.loading: loading payment/views/portal_templates.xml 
2026-09-02 19:43:41,699 1751 INFO wave4_aml_v4_final odoo.modules.loading: loading payment/views/payment_provider_views.xml 
2026-09-02 19:43:41,746 1751 INFO wave4_aml_v4_final odoo.modules.loading: loading payment/views/payment_method_views.xml 
2026-09-02 19:43:41,792 1751 INFO wave4_aml_v4_final odoo.modules.loading: loading payment/views/payment_transaction_views.xml 
2026-09-02 19:43:41,862 1751 INFO wave4_aml_v4_final odoo.modules.loading: loading payment/views/payment_token_views.xml 
2026-09-02 19:43:41,891 1751 INFO wave4_aml_v4_final odoo.modules.loading: loading payment/views/res_partner_views.xml 
2026-09-02 19:43:41,935 1751 INFO wave4_aml_v4_final odoo.modules.loading: loading payment/security/ir.model.access.csv 
2026-09-02 19:43:42,935 1751 INFO wave4_aml_v4_final odoo.modules.loading: loading payment/security/payment_security.xml 
2026-09-02 19:43:42,967 1751 INFO wave4_aml_v4_final odoo.modules.loading: loading payment/wizards/payment_capture_wizard_views.xml 
2026-09-02 19:43:42,990 1751 INFO wave4_aml_v4_final odoo.modules.loading: loading payment/wizards/payment_link_wizard_views.xml 
2026-09-02 19:43:43,052 1751 INFO wave4_aml_v4_final odoo.modules.loading: Module payment loaded in 5.23s, 2517 queries (+2517 other) 
2026-09-02 19:43:43,052 1751 INFO wave4_aml_v4_final odoo.modules.loading: Loading module spreadsheet (48/69) 
2026-09-02 19:43:43,082 1751 INFO wave4_aml_v4_final odoo.registry: module spreadsheet: creating or updating database tables 
2026-09-02 19:43:43,166 1751 INFO wave4_aml_v4_final odoo.modules.loading: loading spreadsheet/views/public_readonly_spreadsheet_templates.xml 
2026-09-02 19:43:43,225 1751 INFO wave4_aml_v4_final odoo.modules.loading: Module spreadsheet loaded in 0.17s, 93 queries (+93 other) 
2026-09-02 19:43:43,225 1751 INFO wave4_aml_v4_final odoo.modules.loading: Loading module account (49/69) 
2026-09-02 19:43:43,441 1751 INFO wave4_aml_v4_final odoo.registry: module account: creating or updating database tables 
2026-09-02 19:43:43,909 1751 INFO wave4_aml_v4_final odoo.models: Prepare computation of res.company.domestic_fiscal_position_id 
2026-09-02 19:43:43,909 1751 INFO wave4_aml_v4_final odoo.models: Prepare computation of res.company.account_fiscal_country_id 
2026-09-02 19:43:43,909 1751 INFO wave4_aml_v4_final odoo.models: Prepare computation of res.company.invoice_terms_html 
2026-09-02 19:43:43,909 1751 INFO wave4_aml_v4_final odoo.models: Prepare computation of res.company.account_storno 
2026-09-02 19:43:48,199 1751 INFO wave4_aml_v4_final odoo.modules.loading: loading account/security/account_security.xml 
2026-09-02 19:43:48,542 1751 INFO wave4_aml_v4_final odoo.modules.loading: loading account/security/ir.model.access.csv 
2026-09-02 19:43:48,609 1751 INFO wave4_aml_v4_final odoo.modules.loading: loading account/data/account_data.xml 
2026-09-02 19:43:48,734 1751 INFO wave4_aml_v4_final odoo.modules.loading: loading account/data/digest_data.xml 
2026-09-02 19:43:48,751 1751 INFO wave4_aml_v4_final odoo.modules.loading: loading account/views/account_report.xml 
2026-09-02 19:43:48,783 1751 INFO wave4_aml_v4_final odoo.modules.loading: loading account/data/mail_template_data.xml 
2026-09-02 19:43:48,854 1751 INFO wave4_aml_v4_final odoo.modules.loading: loading account/data/onboarding_data.xml 
2026-09-02 19:43:48,893 1751 INFO wave4_aml_v4_final odoo.modules.loading: loading account/data/account_tour.xml 
2026-09-02 19:43:48,900 1751 INFO wave4_aml_v4_final odoo.modules.loading: loading account/data/ir_sequence.xml 
2026-09-02 19:43:48,908 1751 INFO wave4_aml_v4_final odoo.modules.loading: loading account/data/res_country_group.xml 
2026-09-02 19:43:48,933 1751 INFO wave4_aml_v4_final odoo.modules.loading: loading account/views/account_payment_view.xml 
2026-09-02 19:43:49,049 1751 INFO wave4_aml_v4_final odoo.modules.loading: loading account/wizard/account_automatic_entry_wizard_views.xml 
2026-09-02 19:43:49,066 1751 INFO wave4_aml_v4_final odoo.modules.loading: loading account/wizard/account_autopost_bills_wizard.xml 
2026-09-02 19:43:49,078 1751 INFO wave4_aml_v4_final odoo.modules.loading: loading account/wizard/account_unreconcile_view.xml 
2026-09-02 19:43:49,092 1751 INFO wave4_aml_v4_final odoo.modules.loading: loading account/wizard/account_move_reversal_view.xml 
2026-09-02 19:43:49,109 1751 INFO wave4_aml_v4_final odoo.modules.loading: loading account/wizard/account_resequence_views.xml 
2026-09-02 19:43:49,126 1751 INFO wave4_aml_v4_final odoo.modules.loading: loading account/wizard/account_payment_register_views.xml 
2026-09-02 19:43:49,147 1751 INFO wave4_aml_v4_final odoo.modules.loading: loading account/views/account_move_views.xml 
2026-09-02 19:43:50,027 1751 INFO wave4_aml_v4_final odoo.modules.loading: loading account/wizard/setup_wizards_view.xml 
2026-09-02 19:43:50,060 1751 INFO wave4_aml_v4_final odoo.modules.loading: loading account/views/account_account_views.xml 
2026-09-02 19:43:50,154 1751 INFO wave4_aml_v4_final odoo.modules.loading: loading account/views/account_group_views.xml 
2026-09-02 19:43:50,179 1751 INFO wave4_aml_v4_final odoo.modules.loading: loading account/views/account_journal_views.xml 
2026-09-02 19:43:50,299 1751 INFO wave4_aml_v4_final odoo.modules.loading: loading account/views/account_account_tag_views.xml 
2026-09-02 19:43:50,353 1751 INFO wave4_aml_v4_final odoo.modules.loading: loading account/views/account_bank_statement_views.xml 
2026-09-02 19:43:50,416 1751 INFO wave4_aml_v4_final odoo.modules.loading: loading account/views/account_reconcile_model_views.xml 
2026-09-02 19:43:50,470 1751 INFO wave4_aml_v4_final odoo.modules.loading: loading account/views/account_tax_views.xml 
2026-09-02 19:43:50,610 1751 INFO wave4_aml_v4_final odoo.modules.loading: loading account/views/account_full_reconcile_views.xml 
2026-09-02 19:43:50,620 1751 INFO wave4_aml_v4_final odoo.modules.loading: loading account/views/account_payment_term_views.xml 
2026-09-02 19:43:50,671 1751 INFO wave4_aml_v4_final odoo.modules.loading: loading account/views/account_payment_method.xml 
2026-09-02 19:43:50,688 1751 INFO wave4_aml_v4_final odoo.modules.loading: loading account/views/res_partner_bank_views.xml 
2026-09-02 19:43:50,729 1751 INFO wave4_aml_v4_final odoo.modules.loading: loading account/views/report_statement.xml 
2026-09-02 19:43:50,763 1751 INFO wave4_aml_v4_final odoo.modules.loading: loading account/views/terms_template.xml 
2026-09-02 19:43:50,784 1751 INFO wave4_aml_v4_final odoo.modules.loading: loading account/wizard/account_validate_move_view.xml 
2026-09-02 19:43:50,814 1751 INFO wave4_aml_v4_final odoo.modules.loading: loading account/views/res_company_views.xml 
2026-09-02 19:43:50,860 1751 INFO wave4_aml_v4_final odoo.modules.loading: loading account/views/product_view.xml 
2026-09-02 19:43:50,945 1751 INFO wave4_aml_v4_final odoo.modules.loading: loading account/views/account_analytic_plan_views.xml 
2026-09-02 19:43:50,969 1751 INFO wave4_aml_v4_final odoo.modules.loading: loading account/views/account_analytic_account_views.xml 
2026-09-02 19:43:51,007 1751 INFO wave4_aml_v4_final odoo.modules.loading: loading account/views/account_analytic_distribution_model_views.xml 
2026-09-02 19:43:51,038 1751 INFO wave4_aml_v4_final odoo.modules.loading: loading account/views/account_analytic_line_views.xml 
2026-09-02 19:43:51,105 1751 INFO wave4_aml_v4_final odoo.modules.loading: loading account/views/report_invoice.xml 
2026-09-02 19:43:51,174 1751 INFO wave4_aml_v4_final odoo.modules.loading: loading account/report/account_invoice_report_view.xml 
2026-09-02 19:43:51,250 1751 INFO wave4_aml_v4_final odoo.modules.loading: loading account/views/account_cash_rounding_view.xml 
2026-09-02 19:43:51,275 1751 INFO wave4_aml_v4_final odoo.modules.loading: loading account/views/ir_actions_views.xml 
2026-09-02 19:43:51,298 1751 INFO wave4_aml_v4_final odoo.modules.loading: loading account/views/ir_module_views.xml 
2026-09-02 19:43:51,311 1751 INFO wave4_aml_v4_final odoo.modules.loading: loading account/views/base_document_layout_views.xml 
2026-09-02 19:43:51,329 1751 INFO wave4_aml_v4_final odoo.modules.loading: loading account/views/res_config_settings_views.xml 
2026-09-02 19:43:51,432 1751 INFO wave4_aml_v4_final odoo.modules.loading: loading account/views/partner_view.xml 
2026-09-02 19:43:51,538 1751 INFO wave4_aml_v4_final odoo.modules.loading: loading account/views/account_journal_dashboard_view.xml 
2026-09-02 19:43:51,587 1751 INFO wave4_aml_v4_final odoo.modules.loading: loading account/views/account_portal_templates.xml 
2026-09-02 19:43:51,674 1751 INFO wave4_aml_v4_final odoo.modules.loading: loading account/views/report_payment_receipt_templates.xml 
2026-09-02 19:43:51,688 1751 INFO wave4_aml_v4_final odoo.modules.loading: loading account/data/service_cron.xml 
2026-09-02 19:43:51,740 1751 INFO wave4_aml_v4_final odoo.modules.loading: loading account/views/account_incoterms_view.xml 
2026-09-02 19:43:51,762 1751 INFO wave4_aml_v4_final odoo.modules.loading: loading account/data/account_incoterms_data.xml 
2026-09-02 19:43:51,790 1751 INFO wave4_aml_v4_final odoo.modules.loading: loading account/views/digest_views.xml 
2026-09-02 19:43:51,816 1751 INFO wave4_aml_v4_final odoo.modules.loading: loading account/wizard/account_move_send_wizard.xml 
2026-09-02 19:43:51,827 1751 INFO wave4_aml_v4_final odoo.modules.loading: loading account/wizard/account_move_send_batch_wizard.xml 
2026-09-02 19:43:51,837 1751 INFO wave4_aml_v4_final odoo.modules.loading: loading account/report/account_hash_integrity_templates.xml 
2026-09-02 19:43:51,846 1751 INFO wave4_aml_v4_final odoo.modules.loading: loading account/views/res_currency.xml 
2026-09-02 19:43:51,864 1751 INFO wave4_aml_v4_final odoo.modules.loading: loading account/views/res_country_group_view.xml 
2026-09-02 19:43:51,887 1751 INFO wave4_aml_v4_final odoo.modules.loading: loading account/views/account_menuitem.xml 
2026-09-02 19:43:52,149 1751 INFO wave4_aml_v4_final odoo.modules.loading: loading account/wizard/account_secure_entries_wizard.xml 
2026-09-02 19:43:52,169 1751 INFO wave4_aml_v4_final odoo.modules.loading: loading account/views/mail_message_views.xml 
2026-09-02 19:43:52,206 1751 INFO wave4_aml_v4_final odoo.modules.loading: loading account/wizard/accrued_orders.xml 
2026-09-02 19:43:52,216 1751 INFO wave4_aml_v4_final odoo.modules.loading: loading account/views/bill_preview_template.xml 
2026-09-02 19:43:52,230 1751 INFO wave4_aml_v4_final odoo.modules.loading: loading account/data/account_reports_data.xml 
2026-09-02 19:43:52,290 1751 INFO wave4_aml_v4_final odoo.modules.loading: loading account/views/uom_uom_views.xml 
2026-09-02 19:43:52,304 1751 INFO wave4_aml_v4_final odoo.modules.loading: loading account/views/product_views.xml 
2026-09-02 19:43:52,328 1751 INFO wave4_aml_v4_final odoo.modules.loading: loading account/views/tests_shared_js_python.xml 
2026-09-02 19:43:52,335 1751 INFO wave4_aml_v4_final odoo.modules.loading: loading account/views/account_lock_exception_views.xml 
2026-09-02 19:43:52,349 1751 INFO wave4_aml_v4_final odoo.modules.loading: loading account/views/report_templates.xml 
2026-09-02 19:43:52,384 1751 INFO wave4_aml_v4_final odoo.modules.loading: loading account/wizard/account_merge_wizard_views.xml 
2026-09-02 19:43:52,407 1751 INFO wave4_aml_v4_final odoo.modules.loading: loading account/data/ir_config_parameter_data.xml 
2026-09-02 19:43:52,601 1751 INFO wave4_aml_v4_final odoo.modules.loading: Module account loaded in 9.38s, 5779 queries (+5779 other) 
2026-09-02 19:43:52,601 1751 INFO wave4_aml_v4_final odoo.modules.loading: Loading module crm (50/69) 
2026-09-02 19:43:52,726 1751 INFO wave4_aml_v4_final odoo.registry: module crm: creating or updating database tables 
2026-09-02 19:43:53,384 1751 INFO wave4_aml_v4_final odoo.addons.mail.models.mail_alias_mixin: Mail alias created for crm.team Sales (id 1) 
2026-09-02 19:43:53,388 1751 INFO wave4_aml_v4_final odoo.addons.mail.models.mail_alias_mixin: Mail alias created for crm.team Point of Sale (id 3) 
2026-09-02 19:43:53,391 1751 INFO wave4_aml_v4_final odoo.addons.mail.models.mail_alias_mixin: Mail alias created for crm.team Website (id 2) 
2026-09-02 19:43:53,841 1751 INFO wave4_aml_v4_final odoo.modules.loading: loading crm/security/crm_security.xml 
2026-09-02 19:43:53,909 1751 INFO wave4_aml_v4_final odoo.modules.loading: loading crm/security/ir.model.access.csv 
2026-09-02 19:43:53,942 1751 INFO wave4_aml_v4_final odoo.modules.loading: loading crm/data/crm_lead_merge_template.xml 
2026-09-02 19:43:53,958 1751 INFO wave4_aml_v4_final odoo.modules.loading: loading crm/data/crm_lead_prediction_data.xml 
2026-09-02 19:43:54,086 1751 INFO wave4_aml_v4_final odoo.modules.loading: loading crm/data/crm_lost_reason_data.xml 
2026-09-02 19:43:54,104 1751 INFO wave4_aml_v4_final odoo.modules.loading: loading crm/data/crm_stage_data.xml 
2026-09-02 19:43:54,119 1751 INFO wave4_aml_v4_final odoo.modules.loading: loading crm/data/crm_team_data.xml 
2026-09-02 19:43:54,153 1751 INFO wave4_aml_v4_final odoo.modules.loading: loading crm/data/digest_data.xml 
2026-09-02 19:43:54,185 1751 INFO wave4_aml_v4_final odoo.modules.loading: loading crm/data/ir_action_data.xml 
2026-09-02 19:43:54,210 1751 INFO wave4_aml_v4_final odoo.modules.loading: loading crm/data/ir_cron_data.xml 
2026-09-02 19:43:54,235 1751 INFO wave4_aml_v4_final odoo.modules.loading: loading crm/data/mail_message_subtype_data.xml 
2026-09-02 19:43:54,271 1751 INFO wave4_aml_v4_final odoo.modules.loading: loading crm/data/crm_recurring_plan_data.xml 
2026-09-02 19:43:54,282 1751 INFO wave4_aml_v4_final odoo.modules.loading: loading crm/data/crm_tour.xml 
2026-09-02 19:43:54,289 1751 INFO wave4_aml_v4_final odoo.modules.loading: loading crm/wizard/crm_lead_lost_views.xml 
2026-09-02 19:43:54,305 1751 INFO wave4_aml_v4_final odoo.modules.loading: loading crm/wizard/crm_lead_to_opportunity_views.xml 
2026-09-02 19:43:54,329 1751 INFO wave4_aml_v4_final odoo.modules.loading: loading crm/wizard/crm_lead_to_opportunity_mass_views.xml 
2026-09-02 19:43:54,347 1751 INFO wave4_aml_v4_final odoo.modules.loading: loading crm/wizard/crm_merge_opportunities_views.xml 
2026-09-02 19:43:54,360 1751 INFO wave4_aml_v4_final odoo.modules.loading: loading crm/wizard/crm_lead_pls_update_views.xml 
2026-09-02 19:43:54,374 1751 INFO wave4_aml_v4_final odoo.modules.loading: loading crm/views/calendar_views.xml 
2026-09-02 19:43:54,392 1751 INFO wave4_aml_v4_final odoo.modules.loading: loading crm/views/crm_recurring_plan_views.xml 
2026-09-02 19:43:54,419 1751 INFO wave4_aml_v4_final odoo.modules.loading: loading crm/views/crm_lost_reason_views.xml 
2026-09-02 19:43:54,443 1751 INFO wave4_aml_v4_final odoo.modules.loading: loading crm/views/crm_stage_views.xml 
2026-09-02 19:43:54,466 1751 INFO wave4_aml_v4_final odoo.modules.loading: loading crm/views/crm_lead_views.xml 
2026-09-02 19:43:54,779 1751 INFO wave4_aml_v4_final odoo.modules.loading: loading crm/views/crm_team_member_views.xml 
2026-09-02 19:43:54,852 1751 INFO wave4_aml_v4_final odoo.modules.loading: loading crm/views/digest_views.xml 
2026-09-02 19:43:54,885 1751 INFO wave4_aml_v4_final odoo.modules.loading: loading crm/views/mail_activity_plan_views.xml 
2026-09-02 19:43:54,891 1751 INFO wave4_aml_v4_final odoo.modules.loading: loading crm/views/mail_activity_views.xml 
2026-09-02 19:43:54,896 1751 INFO wave4_aml_v4_final odoo.modules.loading: loading crm/views/res_config_settings_views.xml 
2026-09-02 19:43:54,939 1751 INFO wave4_aml_v4_final odoo.modules.loading: loading crm/views/res_partner_views.xml 
2026-09-02 19:43:54,960 1751 INFO wave4_aml_v4_final odoo.modules.loading: loading crm/views/utm_campaign_views.xml 
2026-09-02 19:43:54,983 1751 INFO wave4_aml_v4_final odoo.modules.loading: loading crm/report/crm_activity_report_views.xml 
2026-09-02 19:43:55,030 1751 INFO wave4_aml_v4_final odoo.modules.loading: loading crm/report/crm_opportunity_report_views.xml 
2026-09-02 19:43:55,106 1751 INFO wave4_aml_v4_final odoo.modules.loading: loading crm/views/crm_team_views.xml 
2026-09-02 19:43:55,189 1751 INFO wave4_aml_v4_final odoo.modules.loading: loading crm/views/crm_menu_views.xml 
2026-09-02 19:43:55,337 1751 INFO wave4_aml_v4_final odoo.modules.loading: loading crm/views/crm_helper_templates.xml 
2026-09-02 19:43:55,405 1751 INFO wave4_aml_v4_final odoo.modules.loading: Module crm loaded in 2.80s, 1994 queries (+1994 other) 
2026-09-02 19:43:55,405 1751 INFO wave4_aml_v4_final odoo.modules.loading: Loading module spreadsheet_dashboard (51/69) 
2026-09-02 19:43:55,421 1751 INFO wave4_aml_v4_final odoo.registry: module spreadsheet_dashboard: creating or updating database tables 
2026-09-02 19:43:55,644 1751 INFO wave4_aml_v4_final odoo.modules.loading: loading spreadsheet_dashboard/security/security.xml 
2026-09-02 19:43:55,719 1751 INFO wave4_aml_v4_final odoo.modules.loading: loading spreadsheet_dashboard/security/ir.model.access.csv 
2026-09-02 19:43:55,731 1751 INFO wave4_aml_v4_final odoo.modules.loading: loading spreadsheet_dashboard/views/spreadsheet_dashboard_views.xml 
2026-09-02 19:43:55,765 1751 INFO wave4_aml_v4_final odoo.modules.loading: loading spreadsheet_dashboard/views/menu_views.xml 
2026-09-02 19:43:55,810 1751 INFO wave4_aml_v4_final odoo.modules.loading: loading spreadsheet_dashboard/data/dashboard.xml 
2026-09-02 19:43:55,861 1751 INFO wave4_aml_v4_final odoo.modules.loading: Module spreadsheet_dashboard loaded in 0.46s, 313 queries (+313 other) 
2026-09-02 19:43:55,861 1751 INFO wave4_aml_v4_final odoo.modules.loading: Loading module website (52/69) 
2026-09-02 19:43:56,165 1751 INFO wave4_aml_v4_final odoo.registry: module website: creating or updating database tables 
2026-09-02 19:43:56,363 1751 INFO wave4_aml_v4_final odoo.models: Prepare computation of ir.ui.view.is_seo_optimized 
2026-09-02 19:43:56,382 1751 INFO wave4_aml_v4_final odoo.models: Prepare computation of res.company.website_id 
2026-09-02 19:43:59,910 1751 INFO wave4_aml_v4_final odoo.modules.loading: loading website/security/website_security.xml 
2026-09-02 19:44:00,109 1751 INFO wave4_aml_v4_final odoo.modules.loading: loading website/security/ir.model.access.csv 
2026-09-02 19:44:00,167 1751 INFO wave4_aml_v4_final odoo.modules.loading: loading website/data/image_library.xml 
2026-09-02 19:44:00,924 1751 INFO wave4_aml_v4_final odoo.modules.loading: loading website/data/ir_asset.xml 
2026-09-02 19:44:00,937 1751 INFO wave4_aml_v4_final odoo.modules.loading: loading website/data/ir_cron_data.xml 
2026-09-02 19:44:00,989 1751 INFO wave4_aml_v4_final odoo.modules.loading: loading website/data/mail_mail_data.xml 
2026-09-02 19:44:00,999 1751 INFO wave4_aml_v4_final odoo.modules.loading: loading website/data/website_data.xml 
2026-09-02 19:44:01,203 1751 INFO wave4_aml_v4_final odoo.modules.loading: loading website/data/website_visitor_cron.xml 
2026-09-02 19:44:01,233 1751 INFO wave4_aml_v4_final odoo.modules.loading: loading website/data/digest_data.xml 
2026-09-02 19:44:01,249 1751 INFO wave4_aml_v4_final odoo.modules.loading: loading website/views/website_technical_views.xml 
2026-09-02 19:44:01,272 1751 INFO wave4_aml_v4_final odoo.modules.loading: loading website/views/website_templates.xml 
2026-09-02 19:44:03,198 1751 INFO wave4_aml_v4_final odoo.modules.loading: loading website/views/snippets/snippets.xml 
2026-09-02 19:44:03,245 1751 INFO wave4_aml_v4_final odoo.modules.loading: loading website/views/snippets/s_announcement_scroll.xml 
2026-09-02 19:44:03,256 1751 INFO wave4_aml_v4_final odoo.modules.loading: loading website/views/snippets/s_framed_intro.xml 
2026-09-02 19:44:03,265 1751 INFO wave4_aml_v4_final odoo.modules.loading: loading website/views/snippets/s_title.xml 
2026-09-02 19:44:03,275 1751 INFO wave4_aml_v4_final odoo.modules.loading: loading website/views/snippets/s_cover.xml 
2026-09-02 19:44:03,286 1751 INFO wave4_aml_v4_final odoo.modules.loading: loading website/views/snippets/s_text_cover.xml 
2026-09-02 19:44:03,309 1751 INFO wave4_aml_v4_final odoo.modules.loading: loading website/views/snippets/s_image_text_box.xml 
2026-09-02 19:44:03,325 1751 INFO wave4_aml_v4_final odoo.modules.loading: loading website/views/snippets/s_striped_top.xml 
2026-09-02 19:44:03,335 1751 INFO wave4_aml_v4_final odoo.modules.loading: loading website/views/snippets/s_text_image.xml 
2026-09-02 19:44:03,352 1751 INFO wave4_aml_v4_final odoo.modules.loading: loading website/views/snippets/s_image_text.xml 
2026-09-02 19:44:03,361 1751 INFO wave4_aml_v4_final odoo.modules.loading: loading website/views/snippets/s_mockup_image.xml 
2026-09-02 19:44:03,372 1751 INFO wave4_aml_v4_final odoo.modules.loading: loading website/views/snippets/s_instagram_page.xml 
2026-09-02 19:44:03,391 1751 INFO wave4_aml_v4_final odoo.modules.loading: loading website/views/snippets/s_image_text_overlap.xml 
2026-09-02 19:44:03,403 1751 INFO wave4_aml_v4_final odoo.modules.loading: loading website/views/snippets/s_banner.xml 
2026-09-02 19:44:03,413 1751 INFO wave4_aml_v4_final odoo.modules.loading: loading website/views/snippets/s_bento_block.xml 
2026-09-02 19:44:03,422 1751 INFO wave4_aml_v4_final odoo.modules.loading: loading website/views/snippets/s_snippet_group.xml 
2026-09-02 19:44:03,432 1751 INFO wave4_aml_v4_final odoo.modules.loading: loading website/views/snippets/s_text_block.xml 
2026-09-02 19:44:03,446 1751 INFO wave4_aml_v4_final odoo.modules.loading: loading website/views/snippets/s_features.xml 
2026-09-02 19:44:03,475 1751 INFO wave4_aml_v4_final odoo.modules.loading: loading website/views/snippets/s_features_wall.xml 
2026-09-02 19:44:03,491 1751 INFO wave4_aml_v4_final odoo.modules.loading: loading website/views/snippets/s_three_columns.xml 
2026-09-02 19:44:03,511 1751 INFO wave4_aml_v4_final odoo.modules.loading: loading website/views/snippets/s_key_benefits.xml 
2026-09-02 19:44:03,520 1751 INFO wave4_aml_v4_final odoo.modules.loading: loading website/views/snippets/s_picture.xml 
2026-09-02 19:44:03,532 1751 INFO wave4_aml_v4_final odoo.modules.loading: loading website/views/snippets/s_image_punchy.xml 
2026-09-02 19:44:03,549 1751 INFO wave4_aml_v4_final odoo.modules.loading: loading website/views/snippets/s_bento_grid.xml 
2026-09-02 19:44:03,561 1751 INFO wave4_aml_v4_final odoo.modules.loading: loading website/views/snippets/s_carousel.xml 
2026-09-02 19:44:03,579 1751 INFO wave4_aml_v4_final odoo.modules.loading: loading website/views/snippets/s_carousel_intro.xml 
2026-09-02 19:44:03,594 1751 INFO wave4_aml_v4_final odoo.modules.loading: loading website/views/snippets/s_carousel_cards.xml 
2026-09-02 19:44:03,616 1751 INFO wave4_aml_v4_final odoo.modules.loading: loading website/views/snippets/s_alert.xml 
2026-09-02 19:44:03,634 1751 INFO wave4_aml_v4_final odoo.modules.loading: loading website/views/snippets/s_motto.xml 
2026-09-02 19:44:03,644 1751 INFO wave4_aml_v4_final odoo.modules.loading: loading website/views/snippets/s_card.xml 
2026-09-02 19:44:03,657 1751 INFO wave4_aml_v4_final odoo.modules.loading: loading website/views/snippets/s_cards_grid.xml 
2026-09-02 19:44:03,669 1751 INFO wave4_aml_v4_final odoo.modules.loading: loading website/views/snippets/s_cards_soft.xml 
2026-09-02 19:44:03,683 1751 INFO wave4_aml_v4_final odoo.modules.loading: loading website/views/snippets/s_share.xml 
2026-09-02 19:44:03,702 1751 INFO wave4_aml_v4_final odoo.modules.loading: loading website/views/snippets/s_social_media.xml 
2026-09-02 19:44:03,715 1751 INFO wave4_aml_v4_final odoo.modules.loading: loading website/views/snippets/s_rating.xml 
2026-09-02 19:44:03,731 1751 INFO wave4_aml_v4_final odoo.modules.loading: loading website/views/snippets/s_hr.xml 
2026-09-02 19:44:03,743 1751 INFO wave4_aml_v4_final odoo.modules.loading: loading website/views/snippets/s_closer_look.xml 
2026-09-02 19:44:03,755 1751 INFO wave4_aml_v4_final odoo.modules.loading: loading website/views/snippets/s_facebook_page.xml 
2026-09-02 19:44:03,772 1751 INFO wave4_aml_v4_final odoo.modules.loading: loading website/views/snippets/s_image_gallery.xml 
2026-09-02 19:44:03,806 1751 INFO wave4_aml_v4_final odoo.modules.loading: loading website/views/snippets/s_countdown.xml 
2026-09-02 19:44:03,824 1751 INFO wave4_aml_v4_final odoo.modules.loading: loading website/views/snippets/s_product_catalog.xml 
2026-09-02 19:44:03,855 1751 INFO wave4_aml_v4_final odoo.modules.loading: loading website/views/snippets/s_comparisons.xml 
2026-09-02 19:44:03,870 1751 INFO wave4_aml_v4_final odoo.modules.loading: loading website/views/snippets/s_comparisons_horizontal.xml 
2026-09-02 19:44:03,881 1751 INFO wave4_aml_v4_final odoo.modules.loading: loading website/views/snippets/s_company_team.xml 
2026-09-02 19:44:03,896 1751 INFO wave4_aml_v4_final odoo.modules.loading: loading website/views/snippets/s_company_team_basic.xml 
2026-09-02 19:44:03,910 1751 INFO wave4_aml_v4_final odoo.modules.loading: loading website/views/snippets/s_company_team_shapes.xml 
2026-09-02 19:44:03,927 1751 INFO wave4_aml_v4_final odoo.modules.loading: loading website/views/snippets/s_company_team_detail.xml 
2026-09-02 19:44:03,941 1751 INFO wave4_aml_v4_final odoo.modules.loading: loading website/views/snippets/s_company_team_spotlight.xml 
2026-09-02 19:44:03,951 1751 INFO wave4_aml_v4_final odoo.modules.loading: loading website/views/snippets/s_company_team_grid.xml 
2026-09-02 19:44:03,963 1751 INFO wave4_aml_v4_final odoo.modules.loading: loading website/views/snippets/s_company_team_card.xml 
2026-09-02 19:44:03,975 1751 INFO wave4_aml_v4_final odoo.modules.loading: loading website/views/snippets/s_call_to_action.xml 
2026-09-02 19:44:03,986 1751 INFO wave4_aml_v4_final odoo.modules.loading: loading website/views/snippets/s_references.xml 
2026-09-02 19:44:04,009 1751 INFO wave4_aml_v4_final odoo.modules.loading: loading website/views/snippets/s_references_social.xml 
2026-09-02 19:44:04,021 1751 INFO wave4_aml_v4_final odoo.modules.loading: loading website/views/snippets/s_references_grid.xml 
2026-09-02 19:44:04,031 1751 INFO wave4_aml_v4_final odoo.modules.loading: loading website/views/snippets/s_popup.xml 
2026-09-02 19:44:04,045 1751 INFO wave4_aml_v4_final odoo.modules.loading: loading website/views/snippets/s_faq_list.xml 
2026-09-02 19:44:04,058 1751 INFO wave4_aml_v4_final odoo.modules.loading: loading website/views/snippets/s_faq_collapse.xml 
2026-09-02 19:44:04,078 1751 INFO wave4_aml_v4_final odoo.modules.loading: loading website/views/snippets/s_features_grid.xml 
2026-09-02 19:44:04,098 1751 INFO wave4_aml_v4_final odoo.modules.loading: loading website/views/snippets/s_features_wave.xml 
2026-09-02 19:44:04,111 1751 INFO wave4_aml_v4_final odoo.modules.loading: loading website/views/snippets/s_tabs.xml 
2026-09-02 19:44:04,128 1751 INFO wave4_aml_v4_final odoo.modules.loading: loading website/views/snippets/s_tabs_images.xml 
2026-09-02 19:44:04,143 1751 INFO wave4_aml_v4_final odoo.modules.loading: loading website/views/snippets/s_table_of_content.xml 
2026-09-02 19:44:04,161 1751 INFO wave4_aml_v4_final odoo.modules.loading: loading website/views/snippets/s_images_constellation.xml 
2026-09-02 19:44:04,168 1751 INFO wave4_aml_v4_final odoo.modules.loading: loading website/views/snippets/s_chart.xml 
2026-09-02 19:44:04,176 1751 INFO wave4_aml_v4_final odoo.modules.loading: loading website/views/snippets/s_parallax.xml 
2026-09-02 19:44:04,182 1751 INFO wave4_aml_v4_final odoo.modules.loading: loading website/views/snippets/s_quotes_carousel.xml 
2026-09-02 19:44:04,199 1751 INFO wave4_aml_v4_final odoo.modules.loading: loading website/views/snippets/s_numbers_grid.xml 
2026-09-02 19:44:04,210 1751 INFO wave4_aml_v4_final odoo.modules.loading: loading website/views/snippets/s_quotes_carousel_minimal.xml 
2026-09-02 19:44:04,227 1751 INFO wave4_aml_v4_final odoo.modules.loading: loading website/views/snippets/s_quotes_carousel_compact.xml 
2026-09-02 19:44:04,244 1751 INFO wave4_aml_v4_final odoo.modules.loading: loading website/views/snippets/s_numbers.xml 
2026-09-02 19:44:04,252 1751 INFO wave4_aml_v4_final odoo.modules.loading: loading website/views/snippets/s_contact_info.xml 
2026-09-02 19:44:04,260 1751 INFO wave4_aml_v4_final odoo.modules.loading: loading website/views/snippets/s_numbers_boxed.xml 
2026-09-02 19:44:04,268 1751 INFO wave4_aml_v4_final odoo.modules.loading: loading website/views/snippets/s_cta_box.xml 
2026-09-02 19:44:04,276 1751 INFO wave4_aml_v4_final odoo.modules.loading: loading website/views/snippets/s_numbers_framed.xml 
2026-09-02 19:44:04,286 1751 INFO wave4_aml_v4_final odoo.modules.loading: loading website/views/snippets/s_masonry_block.xml 
2026-09-02 19:44:04,347 1751 INFO wave4_aml_v4_final odoo.modules.loading: loading website/views/snippets/s_sidegrid.xml 
2026-09-02 19:44:04,356 1751 INFO wave4_aml_v4_final odoo.modules.loading: loading website/views/snippets/s_media_list.xml 
2026-09-02 19:44:04,372 1751 INFO wave4_aml_v4_final odoo.modules.loading: loading website/views/snippets/s_showcase.xml 
2026-09-02 19:44:04,399 1751 INFO wave4_aml_v4_final odoo.modules.loading: loading website/views/snippets/s_faq_horizontal.xml 
2026-09-02 19:44:04,412 1751 INFO wave4_aml_v4_final odoo.modules.loading: loading website/views/snippets/s_floating_blocks.xml 
2026-09-02 19:44:04,425 1751 INFO wave4_aml_v4_final odoo.modules.loading: loading website/views/snippets/s_opening_hours.xml 
2026-09-02 19:44:04,435 1751 INFO wave4_aml_v4_final odoo.modules.loading: loading website/views/snippets/s_timeline.xml 
2026-09-02 19:44:04,459 1751 INFO wave4_aml_v4_final odoo.modules.loading: loading website/views/snippets/s_timeline_images.xml 
2026-09-02 19:44:04,475 1751 INFO wave4_aml_v4_final odoo.modules.loading: loading website/views/snippets/s_timeline_list.xml 
2026-09-02 19:44:04,487 1751 INFO wave4_aml_v4_final odoo.modules.loading: loading website/views/snippets/s_process_steps.xml 
2026-09-02 19:44:04,504 1751 INFO wave4_aml_v4_final odoo.modules.loading: loading website/views/snippets/s_accordion.xml 
2026-09-02 19:44:04,524 1751 INFO wave4_aml_v4_final odoo.modules.loading: loading website/views/snippets/s_website_form_info.xml 
2026-09-02 19:44:04,546 1751 INFO wave4_aml_v4_final odoo.modules.loading: loading website/views/snippets/s_numbers_showcase.xml 
2026-09-02 19:44:04,564 1751 INFO wave4_aml_v4_final odoo.modules.loading: loading website/views/snippets/s_numbers_charts.xml 
2026-09-02 19:44:04,578 1751 INFO wave4_aml_v4_final odoo.modules.loading: loading website/views/snippets/s_accordion_image.xml 
2026-09-02 19:44:04,589 1751 INFO wave4_aml_v4_final odoo.modules.loading: loading website/views/snippets/s_pricelist_boxed.xml 
2026-09-02 19:44:04,607 1751 INFO wave4_aml_v4_final odoo.modules.loading: loading website/views/snippets/s_adventure.xml 
2026-09-02 19:44:04,622 1751 INFO wave4_aml_v4_final odoo.modules.loading: loading website/views/snippets/s_image_title.xml 
2026-09-02 19:44:04,631 1751 INFO wave4_aml_v4_final odoo.modules.loading: loading website/views/snippets/s_key_images.xml 
2026-09-02 19:44:04,642 1751 INFO wave4_aml_v4_final odoo.modules.loading: loading website/views/snippets/s_kickoff.xml 
2026-09-02 19:44:04,651 1751 INFO wave4_aml_v4_final odoo.modules.loading: loading website/views/snippets/s_discovery.xml 
2026-09-02 19:44:04,661 1751 INFO wave4_aml_v4_final odoo.modules.loading: loading website/views/snippets/s_bento_banner.xml 
2026-09-02 19:44:04,672 1751 INFO wave4_aml_v4_final odoo.modules.loading: loading website/views/snippets/s_striped.xml 
2026-09-02 19:44:04,683 1751 INFO wave4_aml_v4_final odoo.modules.loading: loading website/views/snippets/s_intro_pill.xml 
2026-09-02 19:44:04,700 1751 INFO wave4_aml_v4_final odoo.modules.loading: loading website/views/snippets/s_big_number.xml 
2026-09-02 19:44:04,711 1751 INFO wave4_aml_v4_final odoo.modules.loading: loading website/views/snippets/s_wavy_grid.xml 
2026-09-02 19:44:04,719 1751 INFO wave4_aml_v4_final odoo.modules.loading: loading website/views/snippets/s_images_mosaic.xml 
2026-09-02 19:44:04,730 1751 INFO wave4_aml_v4_final odoo.modules.loading: loading website/views/snippets/s_shape_image.xml 
2026-09-02 19:44:04,739 1751 INFO wave4_aml_v4_final odoo.modules.loading: loading website/views/snippets/s_empowerment.xml 
2026-09-02 19:44:04,750 1751 INFO wave4_aml_v4_final odoo.modules.loading: loading website/views/snippets/s_split_intro.xml 
2026-09-02 19:44:04,760 1751 INFO wave4_aml_v4_final odoo.modules.loading: loading website/views/snippets/s_text_highlight.xml 
2026-09-02 19:44:04,781 1751 INFO wave4_aml_v4_final odoo.modules.loading: loading website/views/snippets/s_pricelist_cafe.xml 
2026-09-02 19:44:04,801 1751 INFO wave4_aml_v4_final odoo.modules.loading: loading website/views/snippets/s_progress_bar.xml 
2026-09-02 19:44:04,813 1751 INFO wave4_aml_v4_final odoo.modules.loading: loading website/views/snippets/s_blockquote.xml 
2026-09-02 19:44:04,828 1751 INFO wave4_aml_v4_final odoo.modules.loading: loading website/views/snippets/s_badge.xml 
2026-09-02 19:44:04,848 1751 INFO wave4_aml_v4_final odoo.modules.loading: loading website/views/snippets/s_color_blocks_2.xml 
2026-09-02 19:44:04,862 1751 INFO wave4_aml_v4_final odoo.modules.loading: loading website/views/snippets/s_attributes_horizontal.xml 
2026-09-02 19:44:04,875 1751 INFO wave4_aml_v4_final odoo.modules.loading: loading website/views/snippets/s_attributes_vertical.xml 
2026-09-02 19:44:04,889 1751 INFO wave4_aml_v4_final odoo.modules.loading: loading website/views/snippets/s_product_list.xml 
2026-09-02 19:44:04,905 1751 INFO wave4_aml_v4_final odoo.modules.loading: loading website/views/snippets/s_mega_menu_multi_menus.xml 
2026-09-02 19:44:04,927 1751 INFO wave4_aml_v4_final odoo.modules.loading: loading website/views/snippets/s_mega_menu_menu_image_menu.xml 
2026-09-02 19:44:04,947 1751 INFO wave4_aml_v4_final odoo.modules.loading: loading website/views/snippets/s_mega_menu_thumbnails.xml 
2026-09-02 19:44:04,965 1751 INFO wave4_aml_v4_final odoo.modules.loading: loading website/views/snippets/s_mega_menu_little_icons.xml 
2026-09-02 19:44:04,980 1751 INFO wave4_aml_v4_final odoo.modules.loading: loading website/views/snippets/s_mega_menu_images_subtitles.xml 
2026-09-02 19:44:05,011 1751 INFO wave4_aml_v4_final odoo.modules.loading: loading website/views/snippets/s_mega_menu_menus_logos.xml 
2026-09-02 19:44:05,030 1751 INFO wave4_aml_v4_final odoo.modules.loading: loading website/views/snippets/s_mega_menu_odoo_menu.xml 
2026-09-02 19:44:05,048 1751 INFO wave4_aml_v4_final odoo.modules.loading: loading website/views/snippets/s_mega_menu_big_icons_subtitles.xml 
2026-09-02 19:44:05,070 1751 INFO wave4_aml_v4_final odoo.modules.loading: loading website/views/snippets/s_mega_menu_cards.xml 
2026-09-02 19:44:05,097 1751 INFO wave4_aml_v4_final odoo.modules.loading: loading website/views/snippets/s_google_map.xml 
2026-09-02 19:44:05,109 1751 INFO wave4_aml_v4_final odoo.modules.loading: loading website/views/snippets/s_cta_mockups.xml 
2026-09-02 19:44:05,118 1751 INFO wave4_aml_v4_final odoo.modules.loading: loading website/views/snippets/s_map.xml 
2026-09-02 19:44:05,130 1751 INFO wave4_aml_v4_final odoo.modules.loading: loading website/views/snippets/s_dynamic_snippet.xml 
2026-09-02 19:44:05,169 1751 INFO wave4_aml_v4_final odoo.modules.loading: loading website/views/snippets/s_dynamic_snippet_carousel.xml 
2026-09-02 19:44:05,185 1751 INFO wave4_aml_v4_final odoo.modules.loading: loading website/views/snippets/s_banner_product.xml 
2026-09-02 19:44:05,195 1751 INFO wave4_aml_v4_final odoo.modules.loading: loading website/views/snippets/s_embed_code.xml 
2026-09-02 19:44:05,207 1751 INFO wave4_aml_v4_final odoo.modules.loading: loading website/views/snippets/s_website_form.xml 
2026-09-02 19:44:05,240 1751 INFO wave4_aml_v4_final odoo.modules.loading: loading website/views/snippets/s_website_form_overlay.xml 
2026-09-02 19:44:05,253 1751 INFO wave4_aml_v4_final odoo.modules.loading: loading website/views/snippets/s_title_form.xml 
2026-09-02 19:44:05,263 1751 INFO wave4_aml_v4_final odoo.modules.loading: loading website/views/snippets/s_searchbar.xml 
2026-09-02 19:44:05,281 1751 INFO wave4_aml_v4_final odoo.modules.loading: loading website/views/snippets/s_inline_text.xml 
2026-09-02 19:44:05,293 1751 INFO wave4_aml_v4_final odoo.modules.loading: loading website/views/snippets/s_button.xml 
2026-09-02 19:44:05,305 1751 INFO wave4_aml_v4_final odoo.modules.loading: loading website/views/snippets/s_freegrid.xml 
2026-09-02 19:44:05,322 1751 INFO wave4_aml_v4_final odoo.modules.loading: loading website/views/snippets/s_card_offset.xml 
2026-09-02 19:44:05,332 1751 INFO wave4_aml_v4_final odoo.modules.loading: loading website/views/snippets/s_image.xml 
2026-09-02 19:44:05,341 1751 INFO wave4_aml_v4_final odoo.modules.loading: loading website/views/snippets/s_video.xml 
2026-09-02 19:44:05,351 1751 INFO wave4_aml_v4_final odoo.modules.loading: loading website/views/snippets/s_cta_badge.xml 
2026-09-02 19:44:05,362 1751 INFO wave4_aml_v4_final odoo.modules.loading: loading website/views/snippets/s_unveil.xml 
2026-09-02 19:44:05,373 1751 INFO wave4_aml_v4_final odoo.modules.loading: loading website/views/snippets/s_image_hexagonal.xml 
2026-09-02 19:44:05,388 1751 INFO wave4_aml_v4_final odoo.modules.loading: loading website/views/snippets/s_striped_center_top.xml 
2026-09-02 19:44:05,402 1751 INFO wave4_aml_v4_final odoo.modules.loading: loading website/views/snippets/s_numbers_list.xml 
2026-09-02 19:44:05,415 1751 INFO wave4_aml_v4_final odoo.modules.loading: loading website/views/snippets/s_quadrant.xml 
2026-09-02 19:44:05,428 1751 INFO wave4_aml_v4_final odoo.modules.loading: loading website/views/snippets/s_cta_card.xml 
2026-09-02 19:44:05,439 1751 INFO wave4_aml_v4_final odoo.modules.loading: loading website/views/snippets/s_image_frame.xml 
2026-09-02 19:44:05,451 1751 INFO wave4_aml_v4_final odoo.modules.loading: loading website/views/snippets/s_cta_mobile.xml 
2026-09-02 19:44:05,464 1751 INFO wave4_aml_v4_final odoo.modules.loading: loading website/views/snippets/s_reviews_wall.xml 
2026-09-02 19:44:05,483 1751 INFO wave4_aml_v4_final odoo.modules.loading: loading website/views/snippets/s_website_form_cover.xml 
2026-09-02 19:44:05,496 1751 INFO wave4_aml_v4_final odoo.modules.loading: loading website/views/snippets/s_form_aside.xml 
2026-09-02 19:44:05,506 1751 INFO wave4_aml_v4_final odoo.modules.loading: loading website/views/snippets/s_banner_connected.xml 
2026-09-02 19:44:05,518 1751 INFO wave4_aml_v4_final odoo.modules.loading: loading website/views/snippets/s_ecomm_categories_showcase.xml 
2026-09-02 19:44:05,536 1751 INFO wave4_aml_v4_final odoo.modules.loading: loading website/views/snippets/s_banner_categories.xml 
2026-09-02 19:44:05,555 1751 INFO wave4_aml_v4_final odoo.modules.loading: loading website/views/new_page_template_templates.xml 
2026-09-02 19:44:09,005 1751 INFO wave4_aml_v4_final odoo.addons.website.models.ir_module_module: Generated 227 primary snippet templates for 'website' 
2026-09-02 19:44:09,119 1751 INFO wave4_aml_v4_final odoo.addons.website.models.ir_module_module: Generated 39 primary page templates for 'website' 
2026-09-02 19:44:09,120 1751 INFO wave4_aml_v4_final odoo.modules.loading: loading website/views/website_views.xml 
2026-09-02 19:44:09,377 1751 INFO wave4_aml_v4_final odoo.modules.loading: loading website/views/website_pages_views.xml 
2026-09-02 19:44:09,487 1751 INFO wave4_aml_v4_final odoo.modules.loading: loading website/views/website_controller_pages_views.xml 
2026-09-02 19:44:09,537 1751 INFO wave4_aml_v4_final odoo.modules.loading: loading website/views/website_visitor_views.xml 
2026-09-02 19:44:09,679 1751 INFO wave4_aml_v4_final odoo.modules.loading: loading website/views/res_config_settings_views.xml 
2026-09-02 19:44:09,795 1751 INFO wave4_aml_v4_final odoo.modules.loading: loading website/views/website_rewrite.xml 
2026-09-02 19:44:09,848 1751 INFO wave4_aml_v4_final odoo.modules.loading: loading website/views/ir_actions_server_views.xml 
2026-09-02 19:44:09,917 1751 INFO wave4_aml_v4_final odoo.modules.loading: loading website/views/ir_asset_views.xml 
2026-09-02 19:44:09,955 1751 INFO wave4_aml_v4_final odoo.modules.loading: loading website/views/ir_attachment_views.xml 
2026-09-02 19:44:09,992 1751 INFO wave4_aml_v4_final odoo.modules.loading: loading website/views/ir_model_views.xml 
2026-09-02 19:44:10,049 1751 INFO wave4_aml_v4_final odoo.modules.loading: loading website/views/res_partner_views.xml 
2026-09-02 19:44:10,077 1751 INFO wave4_aml_v4_final odoo.modules.loading: loading website/views/neutralize_views.xml 
2026-09-02 19:44:10,120 1751 INFO wave4_aml_v4_final odoo.modules.loading: loading website/wizard/base_language_install_views.xml 
2026-09-02 19:44:10,143 1751 INFO wave4_aml_v4_final odoo.modules.loading: loading website/wizard/blocked_third_party_domains.xml 
2026-09-02 19:44:10,189 1751 INFO wave4_aml_v4_final odoo.modules.loading: loading website/wizard/website_robots.xml 
2026-09-02 19:44:10,219 1751 INFO wave4_aml_v4_final odoo.modules.loading: loading website/data/update_theme_images.xml 
2026-09-02 19:44:10,388 1751 INFO wave4_aml_v4_final odoo.modules.loading: loading website/views/website_templates_svg.xml 
2026-09-02 19:44:10,577 1751 INFO wave4_aml_v4_final odoo.modules.loading: Module website loaded in 14.72s, 8700 queries (+8700 other) 
2026-09-02 19:44:10,577 1751 INFO wave4_aml_v4_final odoo.modules.loading: Loading module account_add_gln (53/69) 
2026-09-02 19:44:10,629 1751 INFO wave4_aml_v4_final odoo.registry: module account_add_gln: creating or updating database tables 
2026-09-02 19:44:10,757 1751 INFO wave4_aml_v4_final odoo.modules.loading: loading account_add_gln/views/res_partner_views.xml 
2026-09-02 19:44:10,831 1751 INFO wave4_aml_v4_final odoo.modules.loading: Module account_add_gln loaded in 0.25s, 109 queries (+109 other) 
2026-09-02 19:44:10,831 1751 INFO wave4_aml_v4_final odoo.modules.loading: Loading module account_edi_ubl_cii (54/69) 
2026-09-02 19:44:10,899 1751 INFO wave4_aml_v4_final odoo.registry: module account_edi_ubl_cii: creating or updating database tables 
2026-09-02 19:44:10,962 1751 INFO wave4_aml_v4_final odoo.models: Prepare computation of res.partner.peppol_endpoint 
2026-09-02 19:44:10,962 1751 INFO wave4_aml_v4_final odoo.models: Prepare computation of res.partner.peppol_eas 
2026-09-02 19:44:11,235 1751 INFO wave4_aml_v4_final odoo.modules.loading: loading account_edi_ubl_cii/data/cii_22_templates.xml 
2026-09-02 19:44:11,310 1751 INFO wave4_aml_v4_final odoo.modules.loading: loading account_edi_ubl_cii/data/ir_config_parameter_data.xml 
2026-09-02 19:44:11,318 1751 INFO wave4_aml_v4_final odoo.modules.loading: loading account_edi_ubl_cii/views/account_tax_views.xml 
2026-09-02 19:44:11,343 1751 INFO wave4_aml_v4_final odoo.modules.loading: loading account_edi_ubl_cii/views/account_move_views.xml 
2026-09-02 19:44:11,376 1751 INFO wave4_aml_v4_final odoo.modules.loading: loading account_edi_ubl_cii/views/res_partner_views.xml 
2026-09-02 19:44:11,405 1751 INFO wave4_aml_v4_final odoo.modules.loading: loading account_edi_ubl_cii/report/account_edi_ubl_cii_report_templates.xml 
2026-09-02 19:44:11,561 1751 INFO wave4_aml_v4_final odoo.modules.loading: Module account_edi_ubl_cii loaded in 0.73s, 383 queries (+383 other) 
2026-09-02 19:44:11,562 1751 INFO wave4_aml_v4_final odoo.modules.loading: Loading module account_payment (55/69) 
2026-09-02 19:44:11,626 1751 INFO wave4_aml_v4_final odoo.registry: module account_payment: creating or updating database tables 
2026-09-02 19:44:11,954 1751 INFO wave4_aml_v4_final odoo.modules.loading: loading account_payment/data/ir_config_parameter.xml 
2026-09-02 19:44:11,962 1751 INFO wave4_aml_v4_final odoo.modules.loading: loading account_payment/security/ir.model.access.csv 
2026-09-02 19:44:11,973 1751 INFO wave4_aml_v4_final odoo.modules.loading: loading account_payment/security/ir_rules.xml 
2026-09-02 19:44:11,987 1751 INFO wave4_aml_v4_final odoo.modules.loading: loading account_payment/views/account_payment_menus.xml 
2026-09-02 19:44:12,022 1751 INFO wave4_aml_v4_final odoo.modules.loading: loading account_payment/views/account_portal_templates.xml 
2026-09-02 19:44:12,131 1751 INFO wave4_aml_v4_final odoo.modules.loading: loading account_payment/views/account_move_views.xml 
2026-09-02 19:44:12,170 1751 INFO wave4_aml_v4_final odoo.modules.loading: loading account_payment/views/account_journal_views.xml 
2026-09-02 19:44:12,194 1751 INFO wave4_aml_v4_final odoo.modules.loading: loading account_payment/views/account_payment_views.xml 
2026-09-02 19:44:12,217 1751 INFO wave4_aml_v4_final odoo.modules.loading: loading account_payment/views/payment_form_templates.xml 
2026-09-02 19:44:12,228 1751 INFO wave4_aml_v4_final odoo.modules.loading: loading account_payment/views/payment_provider_views.xml 
2026-09-02 19:44:12,244 1751 INFO wave4_aml_v4_final odoo.modules.loading: loading account_payment/views/payment_transaction_views.xml 
2026-09-02 19:44:12,259 1751 INFO wave4_aml_v4_final odoo.modules.loading: loading account_payment/wizards/account_payment_register_views.xml 
2026-09-02 19:44:12,279 1751 INFO wave4_aml_v4_final odoo.modules.loading: loading account_payment/wizards/payment_link_wizard_views.xml 
2026-09-02 19:44:12,303 1751 INFO wave4_aml_v4_final odoo.modules.loading: loading account_payment/wizards/payment_refund_wizard_views.xml 
2026-09-02 19:44:12,319 1751 INFO wave4_aml_v4_final odoo.modules.loading: loading account_payment/wizards/res_config_settings_views.xml 
2026-09-02 19:44:12,422 1751 INFO wave4_aml_v4_final odoo.modules.loading: Module account_payment loaded in 0.86s, 584 queries (+584 other) 
2026-09-02 19:44:12,422 1751 INFO wave4_aml_v4_final odoo.modules.loading: Loading module crm_sms (56/69) 
2026-09-02 19:44:12,500 1751 INFO wave4_aml_v4_final odoo.modules.loading: loading crm_sms/views/crm_lead_views.xml 
2026-09-02 19:44:12,622 1751 INFO wave4_aml_v4_final odoo.modules.loading: loading crm_sms/security/ir.model.access.csv 
2026-09-02 19:44:12,631 1751 INFO wave4_aml_v4_final odoo.modules.loading: loading crm_sms/security/sms_security.xml 
2026-09-02 19:44:12,661 1751 INFO wave4_aml_v4_final odoo.modules.loading: Module crm_sms loaded in 0.24s, 91 queries (+91 other) 
2026-09-02 19:44:12,661 1751 INFO wave4_aml_v4_final odoo.modules.loading: Loading module iap_crm (57/69) 
2026-09-02 19:44:12,688 1751 INFO wave4_aml_v4_final odoo.registry: module iap_crm: creating or updating database tables 
2026-09-02 19:44:12,797 1751 INFO wave4_aml_v4_final odoo.modules.loading: Module iap_crm loaded in 0.14s, 72 queries (+72 other) 
2026-09-02 19:44:12,797 1751 INFO wave4_aml_v4_final odoo.modules.loading: Loading module kyc_management (58/69) 
2026-09-02 19:44:13,035 1751 INFO wave4_aml_v4_final odoo.registry: module kyc_management: creating or updating database tables 
2026-09-02 19:44:13,175 1751 INFO wave4_aml_v4_final odoo.models: Prepare computation of res.partner.x_is_pep 
2026-09-02 19:44:13,246 1751 WARNING wave4_aml_v4_final odoo.addons.base.models.ir_model: Two fields (x_currency_id, currency_id) of res.partner() have the same label: Currency. [Modules: kyc_management and account] 
2026-09-02 19:44:13,246 1751 WARNING wave4_aml_v4_final odoo.addons.base.models.ir_model: Two fields (x_currency_id, currency_id) of res.users() have the same label: Currency. [Modules: None and None] 
<string>:8: (WARNING/2) Line block ends without a blank line.
<string>:8: (ERROR/3) Undefined substitution referenced: "-------".
2026-09-02 19:44:13,805 1751 INFO wave4_aml_v4_final odoo.modules.loading: loading kyc_management/security/groups.xml 
2026-09-02 19:44:13,853 1751 INFO wave4_aml_v4_final odoo.modules.loading: loading kyc_management/security/ir.model.access.csv 
2026-09-02 19:44:13,876 1751 INFO wave4_aml_v4_final odoo.modules.loading: loading kyc_management/security/ir_rules.xml 
2026-09-02 19:44:13,899 1751 INFO wave4_aml_v4_final odoo.modules.loading: loading kyc_management/data/legacy_security_compat.xml 
2026-09-02 19:44:13,907 1751 INFO wave4_aml_v4_final odoo.modules.loading: loading kyc_management/data/crm_data.xml 
2026-09-02 19:44:13,925 1751 INFO wave4_aml_v4_final odoo.modules.loading: loading kyc_management/reports/kyc_application_report.xml 
2026-09-02 19:44:13,951 1751 INFO wave4_aml_v4_final odoo.modules.loading: loading kyc_management/reports/kyc_approvals_summary_report.xml 
2026-09-02 19:44:13,987 1751 INFO wave4_aml_v4_final odoo.modules.loading: loading kyc_management/wizard/kyc_wizard_views.xml 
2026-09-02 19:44:14,039 1751 INFO wave4_aml_v4_final odoo.modules.loading: loading kyc_management/views/kyc_application_views.xml 
2026-09-02 19:44:14,105 1751 INFO wave4_aml_v4_final odoo.modules.loading: loading kyc_management/views/kyc_approval_views.xml 
2026-09-02 19:44:14,171 1751 INFO wave4_aml_v4_final odoo.modules.loading: loading kyc_management/views/kyc_notification_views.xml 
2026-09-02 19:44:14,247 1751 INFO wave4_aml_v4_final odoo.modules.loading: loading kyc_management/views/kyc_menu.xml 
2026-09-02 19:44:14,410 1751 INFO wave4_aml_v4_final odoo.modules.loading: loading kyc_management/views/portal_kyc_templates.xml 
2026-09-02 19:44:14,604 1751 INFO wave4_aml_v4_final odoo.modules.loading: Module kyc_management loaded in 1.81s, 1005 queries (+1005 other) 
2026-09-02 19:44:14,604 1751 INFO wave4_aml_v4_final odoo.modules.loading: Loading module snailmail_account (59/69) 
2026-09-02 19:44:14,665 1751 INFO wave4_aml_v4_final odoo.registry: module snailmail_account: creating or updating database tables 
2026-09-02 19:44:14,725 1751 WARNING wave4_aml_v4_final odoo.addons.base.models.ir_model: Two fields (x_currency_id, currency_id) of res.partner() have the same label: Currency. [Modules: kyc_management and account] 
2026-09-02 19:44:14,727 1751 WARNING wave4_aml_v4_final odoo.addons.base.models.ir_model: Two fields (x_currency_id, currency_id) of res.users() have the same label: Currency. [Modules: None and None] 
2026-09-02 19:44:14,881 1751 INFO wave4_aml_v4_final odoo.modules.loading: loading snailmail_account/views/res_config_settings_views.xml 
2026-09-02 19:44:14,947 1751 INFO wave4_aml_v4_final odoo.modules.loading: Module snailmail_account loaded in 0.34s, 199 queries (+199 other) 
2026-09-02 19:44:14,948 1751 INFO wave4_aml_v4_final odoo.modules.loading: Loading module spreadsheet_account (60/69) 
2026-09-02 19:44:14,976 1751 INFO wave4_aml_v4_final odoo.registry: module spreadsheet_account: creating or updating database tables 
2026-09-02 19:44:15,129 1751 INFO wave4_aml_v4_final odoo.modules.loading: Module spreadsheet_account loaded in 0.18s, 58 queries (+58 other) 
2026-09-02 19:44:15,129 1751 INFO wave4_aml_v4_final odoo.modules.loading: Loading module spreadsheet_dashboard_account (61/69) 
2026-09-02 19:44:15,155 1751 INFO wave4_aml_v4_final odoo.modules.loading: loading spreadsheet_dashboard_account/data/dashboards.xml 
2026-09-02 19:44:15,252 1751 INFO wave4_aml_v4_final odoo.modules.loading: Module spreadsheet_dashboard_account loaded in 0.12s, 29 queries (+29 other) 
2026-09-02 19:44:15,252 1751 INFO wave4_aml_v4_final odoo.modules.loading: Loading module website_crm (62/69) 
2026-09-02 19:44:15,275 1751 INFO wave4_aml_v4_final odoo.registry: module website_crm: creating or updating database tables 
2026-09-02 19:44:15,434 1751 INFO wave4_aml_v4_final odoo.modules.loading: loading website_crm/security/ir.model.access.csv 
2026-09-02 19:44:15,446 1751 INFO wave4_aml_v4_final odoo.modules.loading: loading website_crm/data/crm_lead_merge_template.xml 
2026-09-02 19:44:15,459 1751 INFO wave4_aml_v4_final odoo.modules.loading: loading website_crm/data/ir_actions_data.xml 
2026-09-02 19:44:15,468 1751 INFO wave4_aml_v4_final odoo.modules.loading: loading website_crm/data/ir_model_data.xml 
2026-09-02 19:44:15,484 1751 INFO wave4_aml_v4_final odoo.modules.loading: loading website_crm/views/crm_lead_views.xml 
2026-09-02 19:44:15,516 1751 INFO wave4_aml_v4_final odoo.modules.loading: loading website_crm/views/website_visitor_views.xml 
2026-09-02 19:44:15,592 1751 INFO wave4_aml_v4_final odoo.modules.loading: loading website_crm/views/website_templates_contactus.xml 
2026-09-02 19:44:15,620 1751 INFO wave4_aml_v4_final odoo.modules.loading: Module website_crm loaded in 0.37s, 232 queries (+232 other) 
2026-09-02 19:44:15,620 1751 INFO wave4_aml_v4_final odoo.modules.loading: Loading module website_mail (63/69) 
2026-09-02 19:44:15,643 1751 INFO wave4_aml_v4_final odoo.registry: module website_mail: creating or updating database tables 
2026-09-02 19:44:15,674 1751 INFO wave4_aml_v4_final odoo.modules.loading: loading website_mail/views/website_mail_templates.xml 
2026-09-02 19:44:15,742 1751 INFO wave4_aml_v4_final odoo.modules.loading: Module website_mail loaded in 0.12s, 35 queries (+35 other) 
2026-09-02 19:44:15,742 1751 INFO wave4_aml_v4_final odoo.modules.loading: Loading module website_sms (64/69) 
2026-09-02 19:44:15,756 1751 INFO wave4_aml_v4_final odoo.registry: module website_sms: creating or updating database tables 
2026-09-02 19:44:15,787 1751 INFO wave4_aml_v4_final odoo.modules.loading: loading website_sms/views/website_visitor_views.xml 
2026-09-02 19:44:15,913 1751 INFO wave4_aml_v4_final odoo.modules.loading: Module website_sms loaded in 0.17s, 80 queries (+80 other) 
2026-09-02 19:44:15,913 1751 INFO wave4_aml_v4_final odoo.modules.loading: Loading module aml_compliance (65/69) 
2026-09-02 19:44:16,442 1751 INFO wave4_aml_v4_final odoo.registry: module aml_compliance: creating or updating database tables 
2026-09-02 19:44:16,565 1751 INFO wave4_aml_v4_final odoo.models: Prepare computation of res.partner.aml_requires_edd 
2026-09-02 19:44:16,935 1751 WARNING wave4_aml_v4_final odoo.addons.base.models.ir_model: Two fields (x_currency_id, currency_id) of res.partner() have the same label: Currency. [Modules: kyc_management and account] 
2026-09-02 19:44:16,936 1751 WARNING wave4_aml_v4_final odoo.addons.base.models.ir_model: Two fields (x_currency_id, currency_id) of res.users() have the same label: Currency. [Modules: None and None] 
2026-09-02 19:44:18,395 1751 INFO wave4_aml_v4_final odoo.modules.loading: loading aml_compliance/security/aml_groups.xml 
2026-09-02 19:44:18,469 1751 INFO wave4_aml_v4_final odoo.modules.loading: loading aml_compliance/security/ir.model.access.csv 
2026-09-02 19:44:18,530 1751 INFO wave4_aml_v4_final odoo.modules.loading: loading aml_compliance/security/security.xml 
2026-09-02 19:44:18,630 1751 INFO wave4_aml_v4_final odoo.modules.loading: loading aml_compliance/data/sequence_data.xml 
2026-09-02 19:44:18,659 1751 INFO wave4_aml_v4_final odoo.modules.loading: loading aml_compliance/data/sequence_phase2_data.xml 
2026-09-02 19:44:18,686 1751 INFO wave4_aml_v4_final odoo.modules.loading: loading aml_compliance/data/edd_enquiry_data.xml 
2026-09-02 19:44:18,715 1751 INFO wave4_aml_v4_final odoo.modules.loading: loading aml_compliance/data/risk_factor_data.xml 
2026-09-02 19:44:18,779 1751 INFO wave4_aml_v4_final odoo.modules.loading: loading aml_compliance/data/fatf_jurisdiction_data.xml 
2026-09-02 19:44:18,893 1751 INFO wave4_aml_v4_final odoo.modules.loading: loading aml_compliance/data/monitoring_rule_data.xml 
2026-09-02 19:44:18,921 1751 INFO wave4_aml_v4_final odoo.modules.loading: loading aml_compliance/data/cron_data.xml 
2026-09-02 19:44:19,078 1751 INFO wave4_aml_v4_final odoo.modules.loading: loading aml_compliance/reports/risk_assessment_report.xml 
2026-09-02 19:44:19,101 1751 INFO wave4_aml_v4_final odoo.modules.loading: loading aml_compliance/reports/goaml_report_print.xml 
2026-09-02 19:44:19,126 1751 INFO wave4_aml_v4_final odoo.modules.loading: loading aml_compliance/reports/screening_certificate.xml 
2026-09-02 19:44:19,156 1751 INFO wave4_aml_v4_final odoo.modules.loading: loading aml_compliance/reports/consolidated_kyc_report.xml 
2026-09-02 19:44:19,194 1751 INFO wave4_aml_v4_final odoo.modules.loading: loading aml_compliance/views/risk_assessment_views.xml 
2026-09-02 19:44:19,251 1751 INFO wave4_aml_v4_final odoo.modules.loading: loading aml_compliance/views/risk_factor_views.xml 
2026-09-02 19:44:19,318 1751 INFO wave4_aml_v4_final odoo.modules.loading: loading aml_compliance/views/goaml_report_views.xml 
2026-09-02 19:44:19,391 1751 INFO wave4_aml_v4_final odoo.modules.loading: loading aml_compliance/views/transaction_monitoring_views.xml 
2026-09-02 19:44:19,467 1751 INFO wave4_aml_v4_final odoo.modules.loading: loading aml_compliance/views/sanctions_screening_views.xml 
2026-09-02 19:44:19,524 1751 INFO wave4_aml_v4_final odoo.modules.loading: loading aml_compliance/views/opensanctions_views.xml 
2026-09-02 19:44:19,551 1751 WARNING wave4_aml_v4_final odoo.addons.base.models.ir_ui_view: A <i> with fa class (fa fa-check-circle me-2) must have title in its tag, parents, descendants or have text
View error context:
{'file': '/mnt/extra-addons/aml_compliance/views/opensanctions_views.xml',
 'line': 5,
 'name': 'aml.opensanctions.config.form',
 'view': ir.ui.view(1815,),
 'view.model': 'aml.opensanctions.config',
 'view.parent': ir.ui.view(),
 'xmlid': 'view_opensanctions_config_form'} 
2026-09-02 19:44:19,551 1751 WARNING wave4_aml_v4_final odoo.addons.base.models.ir_ui_view: A <i> with fa class (fa fa-times-circle me-2) must have title in its tag, parents, descendants or have text
View error context:
{'file': '/mnt/extra-addons/aml_compliance/views/opensanctions_views.xml',
 'line': 16,
 'name': 'aml.opensanctions.config.form',
 'view': ir.ui.view(1815,),
 'view.model': 'aml.opensanctions.config',
 'view.parent': ir.ui.view(),
 'xmlid': 'view_opensanctions_config_form'} 
2026-09-02 19:44:19,569 1751 INFO wave4_aml_v4_final odoo.modules.loading: loading aml_compliance/views/dashboard_views.xml 
2026-09-02 19:44:19,726 1751 INFO wave4_aml_v4_final odoo.modules.loading: loading aml_compliance/views/kyc_application_views.xml 
2026-09-02 19:44:19,750 1751 INFO wave4_aml_v4_final odoo.modules.loading: loading aml_compliance/views/res_partner_views.xml 
2026-09-02 19:44:19,792 1751 INFO wave4_aml_v4_final odoo.modules.loading: loading aml_compliance/views/edd_workflow_views.xml 
2026-09-02 19:44:19,833 1751 INFO wave4_aml_v4_final odoo.modules.loading: loading aml_compliance/views/investigation_case_views.xml 
2026-09-02 19:44:19,880 1751 INFO wave4_aml_v4_final odoo.modules.loading: loading aml_compliance/views/aml_menu.xml 
2026-09-02 19:44:20,164 1751 INFO wave4_aml_v4_final odoo.modules.loading: loading aml_compliance/wizard/risk_override_wizard_views.xml 
2026-09-02 19:44:20,191 1751 INFO wave4_aml_v4_final odoo.modules.loading: loading aml_compliance/wizard/goaml_filing_wizard_views.xml 
2026-09-02 19:44:20,569 1751 INFO wave4_aml_v4_final odoo.modules.loading: Module aml_compliance loaded in 4.66s, 1906 queries (+1906 other) 
2026-09-02 19:44:20,570 1751 INFO wave4_aml_v4_final odoo.modules.loading: Loading module crm_iap_enrich (66/69) 
2026-09-02 19:44:20,599 1751 INFO wave4_aml_v4_final odoo.registry: module crm_iap_enrich: creating or updating database tables 
2026-09-02 19:44:20,723 1751 INFO wave4_aml_v4_final odoo.modules.loading: loading crm_iap_enrich/data/ir_cron.xml 
2026-09-02 19:44:20,771 1751 INFO wave4_aml_v4_final odoo.modules.loading: loading crm_iap_enrich/data/ir_action.xml 
2026-09-02 19:44:20,788 1751 INFO wave4_aml_v4_final odoo.modules.loading: loading crm_iap_enrich/data/mail_templates.xml 
2026-09-02 19:44:20,812 1751 INFO wave4_aml_v4_final odoo.modules.loading: loading crm_iap_enrich/views/crm_lead_views.xml 
2026-09-02 19:44:20,842 1751 INFO wave4_aml_v4_final odoo.modules.loading: loading crm_iap_enrich/views/res_config_settings_view.xml 
2026-09-02 19:44:20,908 1751 INFO wave4_aml_v4_final odoo.modules.loading: Module crm_iap_enrich loaded in 0.34s, 174 queries (+174 other) 
2026-09-02 19:44:20,908 1751 INFO wave4_aml_v4_final odoo.modules.loading: Loading module crm_iap_mine (67/69) 
2026-09-02 19:44:20,933 1751 INFO wave4_aml_v4_final odoo.registry: module crm_iap_mine: creating or updating database tables 
2026-09-02 19:44:21,318 1751 INFO wave4_aml_v4_final odoo.modules.loading: loading crm_iap_mine/data/crm.iap.lead.industry.csv 
2026-09-02 19:44:21,345 1751 INFO wave4_aml_v4_final odoo.modules.loading: loading crm_iap_mine/data/crm.iap.lead.role.csv 
2026-09-02 19:44:21,356 1751 INFO wave4_aml_v4_final odoo.modules.loading: loading crm_iap_mine/data/crm.iap.lead.seniority.csv 
2026-09-02 19:44:21,363 1751 INFO wave4_aml_v4_final odoo.modules.loading: loading crm_iap_mine/data/mail_template_data.xml 
2026-09-02 19:44:21,374 1751 INFO wave4_aml_v4_final odoo.modules.loading: loading crm_iap_mine/data/ir_sequence_data.xml 
2026-09-02 19:44:21,382 1751 INFO wave4_aml_v4_final odoo.modules.loading: loading crm_iap_mine/security/ir.model.access.csv 
2026-09-02 19:44:21,399 1751 INFO wave4_aml_v4_final odoo.modules.loading: loading crm_iap_mine/views/crm_lead_views.xml 
2026-09-02 19:44:21,513 1751 INFO wave4_aml_v4_final odoo.modules.loading: loading crm_iap_mine/views/crm_iap_lead_mining_request_views.xml 
2026-09-02 19:44:21,545 1751 INFO wave4_aml_v4_final odoo.modules.loading: loading crm_iap_mine/views/res_config_settings_views.xml 
2026-09-02 19:44:21,590 1751 INFO wave4_aml_v4_final odoo.modules.loading: loading crm_iap_mine/views/mail_templates.xml 
2026-09-02 19:44:21,605 1751 INFO wave4_aml_v4_final odoo.modules.loading: loading crm_iap_mine/views/crm_menus.xml 
2026-09-02 19:44:21,643 1751 INFO wave4_aml_v4_final odoo.modules.loading: Module crm_iap_mine loaded in 0.73s, 430 queries (+430 other) 
2026-09-02 19:44:21,643 1751 INFO wave4_aml_v4_final odoo.modules.loading: Loading module website_crm_sms (68/69) 
2026-09-02 19:44:21,664 1751 INFO wave4_aml_v4_final odoo.registry: module website_crm_sms: creating or updating database tables 
2026-09-02 19:44:21,758 1751 INFO wave4_aml_v4_final odoo.modules.loading: Module website_crm_sms loaded in 0.11s, 35 queries (+35 other) 
2026-09-02 19:44:21,758 1751 INFO wave4_aml_v4_final odoo.modules.loading: Loading module website_payment (69/69) 
2026-09-02 19:44:21,787 1751 INFO wave4_aml_v4_final odoo.registry: module website_payment: creating or updating database tables 
2026-09-02 19:44:21,929 1751 INFO wave4_aml_v4_final odoo.modules.loading: loading website_payment/data/mail_templates.xml 
2026-09-02 19:44:21,946 1751 INFO wave4_aml_v4_final odoo.modules.loading: loading website_payment/views/payment_form_templates.xml 
2026-09-02 19:44:21,980 1751 INFO wave4_aml_v4_final odoo.modules.loading: loading website_payment/views/payment_provider.xml 
2026-09-02 19:44:22,008 1751 INFO wave4_aml_v4_final odoo.modules.loading: loading website_payment/views/res_config_settings_views.xml 
2026-09-02 19:44:22,078 1751 INFO wave4_aml_v4_final odoo.modules.loading: loading website_payment/views/snippets/snippets.xml 
2026-09-02 19:44:22,116 1751 INFO wave4_aml_v4_final odoo.modules.loading: loading website_payment/views/snippets/s_donation.xml 
2026-09-02 19:44:22,136 1751 INFO wave4_aml_v4_final odoo.modules.loading: loading website_payment/views/snippets/s_supported_payment_methods.xml 
2026-09-02 19:44:22,173 1751 INFO wave4_aml_v4_final odoo.modules.loading: Module website_payment loaded in 0.41s, 205 queries (+205 other) 
2026-09-02 19:44:22,173 1751 INFO wave4_aml_v4_final odoo.modules.loading: 69 modules loaded in 73.31s, 47583 queries (+47584 extra) 
2026-09-02 19:44:23,361 1751 INFO wave4_aml_v4_final odoo.modules.loading: Modules loaded. 
2026-09-02 19:44:24,822 1751 INFO wave4_aml_v4_final odoo.registry: Registry changed, signaling through the database 
2026-09-02 19:44:24,826 1751 INFO wave4_aml_v4_final odoo.registry: Registry loaded in 95.913s 
2026-09-02 19:44:24,826 1751 INFO wave4_aml_v4_final odoo.service.server: Initiating shutdown 
2026-09-02 19:44:24,826 1751 INFO wave4_aml_v4_final odoo.service.server: Hit CTRL-C again or send a second signal to force the shutdown. 
2026-09-02 19:44:24,827 1751 INFO wave4_aml_v4_final odoo.sql_db: ConnectionPool(read/write;used=0/count=0/max=64): Closed 1 connections  
