
2026-09-02 18:00:40,635 749 INFO ? odoo: Odoo version 19.0-20260817 
2026-09-02 18:00:40,636 749 INFO ? odoo: Using configuration file at /etc/odoo/odoo.conf 
2026-09-02 18:00:40,636 749 INFO ? odoo: addons paths: _NamespacePath(['/usr/lib/python3/dist-packages/odoo/addons', '/var/lib/odoo/addons/19.0', '/mnt/extra-addons/.wave4_premigration', '/mnt/extra-addons', '/usr/lib/python3/dist-packages/addons']) 
2026-09-02 18:00:40,636 749 INFO ? odoo: database: odoo@wave4_pg:default 
2026-09-02 18:00:41,237 749 INFO wave4_premig_kyc_clean odoo.modules.loading: Initializing database wave4_premig_kyc_clean 
2026-09-02 18:00:43,841 749 WARNING wave4_premig_kyc_clean odoo.modules.module: Missing `author` key in manifest for 'sgc_brochure_leadcapture', defaulting to '' 
2026-09-02 18:00:43,848 749 WARNING wave4_premig_kyc_clean odoo.modules.module: Missing `author` key in manifest for 'sgc_brochure_leadcapture', defaulting to '' 
2026-09-02 18:00:44,045 749 WARNING wave4_premig_kyc_clean odoo.modules.module: Missing `author` key in manifest for 'sgc_llm_router', defaulting to '' 
2026-09-02 18:00:44,052 749 WARNING wave4_premig_kyc_clean odoo.modules.module: Missing `author` key in manifest for 'sgc_llm_router', defaulting to '' 
2026-09-02 18:00:45,023 749 INFO wave4_premig_kyc_clean odoo.modules.loading: loading 1 modules... 
2026-09-02 18:00:45,023 749 INFO wave4_premig_kyc_clean odoo.modules.loading: Loading module base (1/1) 
2026-09-02 18:00:45,072 749 INFO wave4_premig_kyc_clean odoo.registry: module base: creating or updating database tables 
2026-09-02 18:00:45,870 749 INFO wave4_premig_kyc_clean odoo.models: Prepare computation of ir.module.module.menus_by_module 
2026-09-02 18:00:45,870 749 INFO wave4_premig_kyc_clean odoo.models: Prepare computation of ir.module.module.reports_by_module 
2026-09-02 18:00:45,870 749 INFO wave4_premig_kyc_clean odoo.models: Prepare computation of ir.module.module.views_by_module 
2026-09-02 18:00:46,115 749 INFO wave4_premig_kyc_clean odoo.models: Prepare computation of res.partner.user_id 
2026-09-02 18:00:46,115 749 INFO wave4_premig_kyc_clean odoo.models: Prepare computation of res.partner.commercial_partner_id 
2026-09-02 18:00:46,115 749 INFO wave4_premig_kyc_clean odoo.models: Prepare computation of res.partner.complete_name 
2026-09-02 18:00:46,115 749 INFO wave4_premig_kyc_clean odoo.models: Prepare computation of res.partner.lang 
2026-09-02 18:00:46,115 749 INFO wave4_premig_kyc_clean odoo.models: Prepare computation of res.partner.company_registry 
2026-09-02 18:00:46,115 749 INFO wave4_premig_kyc_clean odoo.models: Prepare computation of res.partner.commercial_company_name 
2026-09-02 18:00:46,115 749 INFO wave4_premig_kyc_clean odoo.models: Prepare computation of res.partner.properties 
2026-09-02 18:00:46,115 749 INFO wave4_premig_kyc_clean odoo.models: Prepare computation of res.partner.partner_share 
2026-09-02 18:00:46,195 749 INFO wave4_premig_kyc_clean odoo.models: Prepare computation of res.currency.decimal_places 
2026-09-02 18:00:46,248 749 INFO wave4_premig_kyc_clean odoo.models: Prepare computation of res.company.uses_default_logo 
2026-09-02 18:00:46,249 749 INFO wave4_premig_kyc_clean odoo.models: Prepare computation of res.company.logo_web 
2026-09-02 18:00:46,253 749 INFO wave4_premig_kyc_clean odoo.models: Computing parent_path for table res_company... 
2026-09-02 18:00:46,307 749 INFO wave4_premig_kyc_clean odoo.models: Prepare computation of res.users.signature 
2026-09-02 18:00:46,307 749 INFO wave4_premig_kyc_clean odoo.models: Prepare computation of res.users.share 
2026-09-02 18:00:48,655 749 INFO wave4_premig_kyc_clean odoo.modules.loading: loading base/data/res_bank.xml 
2026-09-02 18:00:48,663 749 INFO wave4_premig_kyc_clean odoo.modules.loading: loading base/data/res.lang.csv 
2026-09-02 18:00:48,726 749 INFO wave4_premig_kyc_clean odoo.modules.loading: loading base/data/res_lang_data.xml 
2026-09-02 18:00:48,778 749 INFO wave4_premig_kyc_clean odoo.modules.loading: loading base/data/res_partner_data.xml 
2026-09-02 18:00:48,859 749 INFO wave4_premig_kyc_clean odoo.modules.loading: loading base/data/res_currency_data.xml 
2026-09-02 18:00:49,596 749 INFO wave4_premig_kyc_clean odoo.modules.loading: loading base/data/res_company_data.xml 
2026-09-02 18:00:49,608 749 INFO wave4_premig_kyc_clean odoo.modules.loading: loading base/data/res_users_data.xml 
2026-09-02 18:00:50,833 749 INFO wave4_premig_kyc_clean odoo.modules.loading: loading base/data/report_paperformat_data.xml 
2026-09-02 18:00:50,852 749 INFO wave4_premig_kyc_clean odoo.modules.loading: loading base/data/res_country_data.xml 
2026-09-02 18:00:51,705 749 INFO wave4_premig_kyc_clean odoo.modules.loading: loading base/data/ir_demo_data.xml 
2026-09-02 18:00:51,723 749 INFO wave4_premig_kyc_clean odoo.modules.loading: loading base/security/base_groups.xml 
2026-09-02 18:00:51,999 749 INFO wave4_premig_kyc_clean odoo.modules.loading: loading base/security/base_security.xml 
2026-09-02 18:00:52,275 749 INFO wave4_premig_kyc_clean odoo.modules.loading: loading base/wizard/wizard_ir_model_menu_create_views.xml 
2026-09-02 18:00:52,299 749 INFO wave4_premig_kyc_clean odoo.modules.loading: loading base/views/base_menus.xml 
2026-09-02 18:00:52,388 749 INFO wave4_premig_kyc_clean odoo.modules.loading: loading base/views/decimal_precision_views.xml 
2026-09-02 18:00:52,407 749 INFO wave4_premig_kyc_clean odoo.modules.loading: loading base/views/res_config_views.xml 
2026-09-02 18:00:52,419 749 INFO wave4_premig_kyc_clean odoo.modules.loading: loading base/data/res.country.state.csv 
2026-09-02 18:00:52,935 749 INFO wave4_premig_kyc_clean odoo.modules.loading: loading base/views/ir_actions_views.xml 
2026-09-02 18:00:53,163 749 INFO wave4_premig_kyc_clean odoo.modules.loading: loading base/views/ir_asset_views.xml 
2026-09-02 18:00:53,189 749 INFO wave4_premig_kyc_clean odoo.modules.loading: loading base/views/ir_config_parameter_views.xml 
2026-09-02 18:00:53,216 749 INFO wave4_premig_kyc_clean odoo.modules.loading: loading base/views/ir_cron_views.xml 
2026-09-02 18:00:53,253 749 INFO wave4_premig_kyc_clean odoo.modules.loading: loading base/views/ir_cron_trigger_views.xml 
2026-09-02 18:00:53,276 749 INFO wave4_premig_kyc_clean odoo.modules.loading: loading base/views/ir_filters_views.xml 
2026-09-02 18:00:53,311 749 INFO wave4_premig_kyc_clean odoo.modules.loading: loading base/views/ir_mail_server_views.xml 
2026-09-02 18:00:53,339 749 INFO wave4_premig_kyc_clean odoo.modules.loading: loading base/views/ir_model_views.xml 
2026-09-02 18:00:53,530 749 INFO wave4_premig_kyc_clean odoo.modules.loading: loading base/views/ir_attachment_views.xml 
2026-09-02 18:00:53,561 749 INFO wave4_premig_kyc_clean odoo.modules.loading: loading base/views/ir_rule_views.xml 
2026-09-02 18:00:53,594 749 INFO wave4_premig_kyc_clean odoo.modules.loading: loading base/views/ir_sequence_views.xml 
2026-09-02 18:00:53,626 749 INFO wave4_premig_kyc_clean odoo.modules.loading: loading base/views/ir_ui_menu_views.xml 
2026-09-02 18:00:53,653 749 INFO wave4_premig_kyc_clean odoo.modules.loading: loading base/views/ir_ui_view_views.xml 
2026-09-02 18:00:53,735 749 INFO wave4_premig_kyc_clean odoo.modules.loading: loading base/views/ir_default_views.xml 
2026-09-02 18:00:53,764 749 INFO wave4_premig_kyc_clean odoo.modules.loading: loading base/data/ir_config_parameter_data.xml 
2026-09-02 18:00:53,768 749 INFO wave4_premig_kyc_clean odoo.modules.loading: loading base/data/ir_cron_data.xml 
2026-09-02 18:00:53,785 749 INFO wave4_premig_kyc_clean odoo.modules.loading: loading base/report/ir_model_report.xml 
2026-09-02 18:00:53,792 749 INFO wave4_premig_kyc_clean odoo.modules.loading: loading base/report/ir_model_templates.xml 
2026-09-02 18:00:53,805 749 INFO wave4_premig_kyc_clean odoo.modules.loading: loading base/views/ir_logging_views.xml 
2026-09-02 18:00:53,832 749 INFO wave4_premig_kyc_clean odoo.modules.loading: loading base/views/ir_qweb_widget_templates.xml 
2026-09-02 18:00:53,852 749 INFO wave4_premig_kyc_clean odoo.modules.loading: loading base/views/ir_module_views.xml 
2026-09-02 18:00:53,929 749 INFO wave4_premig_kyc_clean odoo.modules.loading: loading base/data/ir_module_category_data.xml 
2026-09-02 18:00:53,990 749 INFO wave4_premig_kyc_clean odoo.modules.loading: loading base/data/ir_module_module.xml 
2026-09-02 18:00:54,105 749 INFO wave4_premig_kyc_clean odoo.modules.loading: loading base/report/ir_module_reports.xml 
2026-09-02 18:00:54,112 749 INFO wave4_premig_kyc_clean odoo.modules.loading: loading base/report/ir_module_report_templates.xml 
2026-09-02 18:00:54,125 749 INFO wave4_premig_kyc_clean odoo.modules.loading: loading base/wizard/base_module_update_views.xml 
2026-09-02 18:00:54,147 749 INFO wave4_premig_kyc_clean odoo.modules.loading: loading base/wizard/base_language_install_views.xml 
2026-09-02 18:00:54,171 749 INFO wave4_premig_kyc_clean odoo.modules.loading: loading base/wizard/base_import_language_views.xml 
2026-09-02 18:00:54,190 749 INFO wave4_premig_kyc_clean odoo.modules.loading: loading base/wizard/base_module_upgrade_views.xml 
2026-09-02 18:00:54,219 749 INFO wave4_premig_kyc_clean odoo.modules.loading: loading base/wizard/base_module_uninstall_views.xml 
2026-09-02 18:00:54,234 749 INFO wave4_premig_kyc_clean odoo.modules.loading: loading base/wizard/base_export_language_views.xml 
2026-09-02 18:00:54,252 749 INFO wave4_premig_kyc_clean odoo.modules.loading: loading base/wizard/base_partner_merge_views.xml 
2026-09-02 18:00:54,270 749 INFO wave4_premig_kyc_clean odoo.modules.loading: loading base/data/ir_demo_failure_data.xml 
2026-09-02 18:00:54,291 749 INFO wave4_premig_kyc_clean odoo.modules.loading: loading base/views/ir_profile_views.xml 
2026-09-02 18:00:54,325 749 INFO wave4_premig_kyc_clean odoo.modules.loading: loading base/views/res_company_views.xml 
2026-09-02 18:00:54,356 749 INFO wave4_premig_kyc_clean odoo.modules.loading: loading base/views/res_lang_views.xml 
2026-09-02 18:00:54,382 749 INFO wave4_premig_kyc_clean odoo.modules.loading: loading base/views/res_partner_views.xml 
2026-09-02 18:00:54,517 749 INFO wave4_premig_kyc_clean odoo.modules.loading: loading base/views/res_bank_views.xml 
2026-09-02 18:00:54,570 749 INFO wave4_premig_kyc_clean odoo.modules.loading: loading base/views/res_country_views.xml 
2026-09-02 18:00:54,627 749 INFO wave4_premig_kyc_clean odoo.modules.loading: loading base/views/res_currency_views.xml 
2026-09-02 18:00:54,674 749 INFO wave4_premig_kyc_clean odoo.modules.loading: loading base/views/res_groups_views.xml 
2026-09-02 18:00:54,741 749 INFO wave4_premig_kyc_clean odoo.modules.loading: loading base/views/res_users_views.xml 
2026-09-02 18:00:54,885 749 INFO wave4_premig_kyc_clean odoo.modules.loading: loading base/views/res_users_apikeys_views.xml 
2026-09-02 18:00:54,893 749 INFO wave4_premig_kyc_clean odoo.modules.loading: loading base/views/res_device_views.xml 
2026-09-02 18:00:54,923 749 INFO wave4_premig_kyc_clean odoo.modules.loading: loading base/views/res_users_identitycheck_views.xml 
2026-09-02 18:00:54,935 749 INFO wave4_premig_kyc_clean odoo.modules.loading: loading base/views/res_config_settings_views.xml 
2026-09-02 18:00:54,948 749 INFO wave4_premig_kyc_clean odoo.modules.loading: loading base/views/report_paperformat_views.xml 
2026-09-02 18:00:54,981 749 INFO wave4_premig_kyc_clean odoo.modules.loading: loading base/security/ir.model.access.csv 
2026-09-02 18:00:55,160 749 INFO wave4_premig_kyc_clean odoo.modules.loading: Module base loaded in 10.14s, 8455 queries (+8455 other) 
2026-09-02 18:00:55,161 749 INFO wave4_premig_kyc_clean odoo.modules.loading: 1 modules loaded in 10.14s, 8455 queries (+8455 extra) 
2026-09-02 18:00:55,168 749 INFO wave4_premig_kyc_clean odoo.modules.loading: updating modules list 
2026-09-02 18:00:55,170 749 INFO wave4_premig_kyc_clean odoo.addons.base.models.ir_module: ALLOW access to module.update_list on [] to user __system__ #1 via n/a 
2026-09-02 18:00:56,904 749 WARNING wave4_premig_kyc_clean odoo.modules.module: Missing `author` key in manifest for 'sgc_brochure_leadcapture', defaulting to '' 
2026-09-02 18:00:56,971 749 WARNING wave4_premig_kyc_clean odoo.modules.module: Missing `author` key in manifest for 'sgc_llm_router', defaulting to '' 
2026-09-02 18:00:57,339 749 INFO wave4_premig_kyc_clean odoo.addons.base.models.ir_module: ALLOW access to module.button_install on ['KYC Management'] to user __system__ #1 via n/a 
2026-09-02 18:00:57,491 749 INFO wave4_premig_kyc_clean odoo.modules.loading: loading 53 modules... 
2026-09-02 18:00:57,491 749 INFO wave4_premig_kyc_clean odoo.modules.loading: Loading module rpc (2/53) 
2026-09-02 18:00:57,517 749 INFO wave4_premig_kyc_clean odoo.modules.loading: Module rpc loaded in 0.03s, 9 queries (+9 other) 
2026-09-02 18:00:57,517 749 INFO wave4_premig_kyc_clean odoo.modules.loading: Loading module social_media (3/53) 
2026-09-02 18:00:57,523 749 INFO wave4_premig_kyc_clean odoo.registry: module social_media: creating or updating database tables 
2026-09-02 18:00:57,568 749 INFO wave4_premig_kyc_clean odoo.modules.loading: loading social_media/views/res_company_views.xml 
2026-09-02 18:00:57,607 749 INFO wave4_premig_kyc_clean odoo.modules.loading: Module social_media loaded in 0.09s, 75 queries (+75 other) 
2026-09-02 18:00:57,607 749 INFO wave4_premig_kyc_clean odoo.modules.loading: Loading module web (4/53) 
2026-09-02 18:00:57,664 749 INFO wave4_premig_kyc_clean odoo.registry: module web: creating or updating database tables 
2026-09-02 18:00:58,387 749 INFO wave4_premig_kyc_clean odoo.modules.loading: loading web/security/ir.model.access.csv 
2026-09-02 18:00:58,398 749 INFO wave4_premig_kyc_clean odoo.modules.loading: loading web/security/web_security.xml 
2026-09-02 18:00:58,415 749 INFO wave4_premig_kyc_clean odoo.modules.loading: loading web/views/webclient_templates.xml 
2026-09-02 18:00:58,496 749 INFO wave4_premig_kyc_clean odoo.modules.loading: loading web/views/report_templates.xml 
2026-09-02 18:00:58,634 749 INFO wave4_premig_kyc_clean odoo.modules.loading: loading web/views/base_document_layout_views.xml 
2026-09-02 18:00:58,654 749 INFO wave4_premig_kyc_clean odoo.modules.loading: loading web/views/partner_view.xml 
2026-09-02 18:00:58,664 749 INFO wave4_premig_kyc_clean odoo.modules.loading: loading web/views/speedscope_template.xml 
2026-09-02 18:00:58,670 749 INFO wave4_premig_kyc_clean odoo.modules.loading: loading web/views/memory_template.xml 
2026-09-02 18:00:58,678 749 INFO wave4_premig_kyc_clean odoo.modules.loading: loading web/views/speedscope_config_wizard.xml 
2026-09-02 18:00:58,687 749 INFO wave4_premig_kyc_clean odoo.modules.loading: loading web/views/neutralize_views.xml 
2026-09-02 18:00:58,699 749 INFO wave4_premig_kyc_clean odoo.modules.loading: loading web/views/ir_ui_view_views.xml 
2026-09-02 18:00:58,711 749 INFO wave4_premig_kyc_clean odoo.modules.loading: loading web/data/ir_attachment.xml 
2026-09-02 18:00:58,718 749 INFO wave4_premig_kyc_clean odoo.modules.loading: loading web/data/report_layout.xml 
2026-09-02 18:00:58,778 749 INFO wave4_premig_kyc_clean odoo.modules.loading: Module web loaded in 1.17s, 1229 queries (+1229 other) 
2026-09-02 18:00:58,778 749 INFO wave4_premig_kyc_clean odoo.modules.loading: Loading module api_doc (5/53) 
2026-09-02 18:00:58,788 749 INFO wave4_premig_kyc_clean odoo.registry: module api_doc: creating or updating database tables 
2026-09-02 18:00:58,815 749 INFO wave4_premig_kyc_clean odoo.modules.loading: loading api_doc/security/res_groups.xml 
2026-09-02 18:00:58,856 749 INFO wave4_premig_kyc_clean odoo.modules.loading: loading api_doc/views/docclient.xml 
2026-09-02 18:00:58,889 749 INFO wave4_premig_kyc_clean odoo.modules.loading: Module api_doc loaded in 0.11s, 63 queries (+63 other) 
2026-09-02 18:00:58,889 749 INFO wave4_premig_kyc_clean odoo.modules.loading: Loading module auth_totp (6/53) 
2026-09-02 18:00:58,907 749 INFO wave4_premig_kyc_clean odoo.registry: module auth_totp: creating or updating database tables 
2026-09-02 18:00:59,065 749 INFO wave4_premig_kyc_clean odoo.modules.loading: loading auth_totp/security/security.xml 
2026-09-02 18:00:59,098 749 INFO wave4_premig_kyc_clean odoo.modules.loading: loading auth_totp/security/ir.model.access.csv 
2026-09-02 18:00:59,114 749 INFO wave4_premig_kyc_clean odoo.modules.loading: loading auth_totp/data/ir_action_data.xml 
2026-09-02 18:00:59,123 749 INFO wave4_premig_kyc_clean odoo.modules.loading: loading auth_totp/views/res_users_views.xml 
2026-09-02 18:00:59,158 749 INFO wave4_premig_kyc_clean odoo.modules.loading: loading auth_totp/views/templates.xml 
2026-09-02 18:00:59,165 749 INFO wave4_premig_kyc_clean odoo.modules.loading: loading auth_totp/wizard/auth_totp_wizard_views.xml 
2026-09-02 18:00:59,194 749 INFO wave4_premig_kyc_clean odoo.modules.loading: Module auth_totp loaded in 0.31s, 218 queries (+218 other) 
2026-09-02 18:00:59,194 749 INFO wave4_premig_kyc_clean odoo.modules.loading: Loading module base_import (7/53) 
2026-09-02 18:00:59,244 749 INFO wave4_premig_kyc_clean odoo.registry: module base_import: creating or updating database tables 
2026-09-02 18:00:59,932 749 INFO wave4_premig_kyc_clean odoo.modules.loading: loading base_import/security/ir.model.access.csv 
2026-09-02 18:00:59,955 749 INFO wave4_premig_kyc_clean odoo.modules.loading: Module base_import loaded in 0.76s, 956 queries (+956 other) 
2026-09-02 18:00:59,956 749 INFO wave4_premig_kyc_clean odoo.modules.loading: Loading module base_import_module (8/53) 
2026-09-02 18:00:59,966 749 INFO wave4_premig_kyc_clean odoo.registry: module base_import_module: creating or updating database tables 
2026-09-02 18:01:00,055 749 INFO wave4_premig_kyc_clean odoo.modules.loading: loading base_import_module/security/ir.model.access.csv 
2026-09-02 18:01:00,066 749 INFO wave4_premig_kyc_clean odoo.modules.loading: loading base_import_module/views/base_import_module_view.xml 
2026-09-02 18:01:00,093 749 INFO wave4_premig_kyc_clean odoo.modules.loading: loading base_import_module/views/ir_module_views.xml 
2026-09-02 18:01:00,152 749 INFO wave4_premig_kyc_clean odoo.modules.loading: Module base_import_module loaded in 0.20s, 172 queries (+172 other) 
2026-09-02 18:01:00,152 749 INFO wave4_premig_kyc_clean odoo.modules.loading: Loading module base_setup (9/53) 
2026-09-02 18:01:00,164 749 INFO wave4_premig_kyc_clean odoo.registry: module base_setup: creating or updating database tables 
2026-09-02 18:01:00,225 749 INFO wave4_premig_kyc_clean odoo.modules.loading: loading base_setup/data/base_setup_data.xml 
2026-09-02 18:01:00,233 749 INFO wave4_premig_kyc_clean odoo.modules.loading: loading base_setup/views/res_config_settings_views.xml 
2026-09-02 18:01:00,282 749 INFO wave4_premig_kyc_clean odoo.modules.loading: loading base_setup/views/res_partner_views.xml 
2026-09-02 18:01:00,309 749 INFO wave4_premig_kyc_clean odoo.modules.loading: Module base_setup loaded in 0.16s, 152 queries (+152 other) 
2026-09-02 18:01:00,309 749 INFO wave4_premig_kyc_clean odoo.modules.loading: Loading module bus (10/53) 
2026-09-02 18:01:00,331 749 INFO wave4_premig_kyc_clean odoo.registry: module bus: creating or updating database tables 
2026-09-02 18:01:00,460 749 INFO wave4_premig_kyc_clean odoo.modules.loading: loading bus/security/ir.model.access.csv 
2026-09-02 18:01:00,478 749 INFO wave4_premig_kyc_clean odoo.modules.loading: Module bus loaded in 0.17s, 159 queries (+159 other) 
2026-09-02 18:01:00,478 749 INFO wave4_premig_kyc_clean odoo.modules.loading: Loading module http_routing (11/53) 
2026-09-02 18:01:00,487 749 INFO wave4_premig_kyc_clean odoo.registry: module http_routing: creating or updating database tables 
2026-09-02 18:01:00,518 749 INFO wave4_premig_kyc_clean odoo.modules.loading: loading http_routing/views/http_routing_template.xml 
2026-09-02 18:01:00,566 749 INFO wave4_premig_kyc_clean odoo.modules.loading: loading http_routing/views/res_lang_views.xml 
2026-09-02 18:01:00,602 749 INFO wave4_premig_kyc_clean odoo.modules.loading: Module http_routing loaded in 0.12s, 114 queries (+114 other) 
2026-09-02 18:01:00,602 749 INFO wave4_premig_kyc_clean odoo.modules.loading: Loading module resource (12/53) 
2026-09-02 18:01:00,620 749 INFO wave4_premig_kyc_clean odoo.registry: module resource: creating or updating database tables 
2026-09-02 18:01:00,836 749 INFO wave4_premig_kyc_clean odoo.modules.loading: loading resource/data/resource_data.xml 
2026-09-02 18:01:00,860 749 INFO wave4_premig_kyc_clean odoo.modules.loading: loading resource/security/ir.model.access.csv 
2026-09-02 18:01:00,875 749 INFO wave4_premig_kyc_clean odoo.modules.loading: loading resource/security/resource_security.xml 
2026-09-02 18:01:00,905 749 INFO wave4_premig_kyc_clean odoo.modules.loading: loading resource/views/resource_resource_views.xml 
2026-09-02 18:01:00,942 749 INFO wave4_premig_kyc_clean odoo.modules.loading: loading resource/views/resource_calendar_leaves_views.xml 
2026-09-02 18:01:00,985 749 INFO wave4_premig_kyc_clean odoo.modules.loading: loading resource/views/resource_calendar_attendance_views.xml 
2026-09-02 18:01:01,003 749 INFO wave4_premig_kyc_clean odoo.modules.loading: loading resource/views/resource_calendar_views.xml 
2026-09-02 18:01:01,042 749 INFO wave4_premig_kyc_clean odoo.modules.loading: loading resource/views/menuitems.xml 
2026-09-02 18:01:01,080 749 INFO wave4_premig_kyc_clean odoo.modules.loading: Module resource loaded in 0.48s, 414 queries (+414 other) 
2026-09-02 18:01:01,080 749 INFO wave4_premig_kyc_clean odoo.modules.loading: Loading module utm (13/53) 
2026-09-02 18:01:01,089 749 INFO wave4_premig_kyc_clean odoo.registry: module utm: creating or updating database tables 
2026-09-02 18:01:01,266 749 INFO wave4_premig_kyc_clean odoo.modules.loading: loading utm/data/utm_medium_data.xml 
2026-09-02 18:01:01,295 749 INFO wave4_premig_kyc_clean odoo.modules.loading: loading utm/data/utm_source_data.xml 
2026-09-02 18:01:01,319 749 INFO wave4_premig_kyc_clean odoo.modules.loading: loading utm/data/utm_stage_data.xml 
2026-09-02 18:01:01,324 749 INFO wave4_premig_kyc_clean odoo.modules.loading: loading utm/data/utm_tag_data.xml 
2026-09-02 18:01:01,328 749 INFO wave4_premig_kyc_clean odoo.modules.loading: loading utm/views/utm_campaign_views.xml 
2026-09-02 18:01:01,373 749 INFO wave4_premig_kyc_clean odoo.modules.loading: loading utm/views/utm_medium_views.xml 
2026-09-02 18:01:01,400 749 INFO wave4_premig_kyc_clean odoo.modules.loading: loading utm/views/utm_source_views.xml 
2026-09-02 18:01:01,417 749 INFO wave4_premig_kyc_clean odoo.modules.loading: loading utm/views/utm_stage_views.xml 
2026-09-02 18:01:01,436 749 INFO wave4_premig_kyc_clean odoo.modules.loading: loading utm/views/utm_tag_views.xml 
2026-09-02 18:01:01,448 749 INFO wave4_premig_kyc_clean odoo.modules.loading: loading utm/views/utm_menus.xml 
2026-09-02 18:01:01,477 749 INFO wave4_premig_kyc_clean odoo.modules.loading: loading utm/security/ir.model.access.csv 
2026-09-02 18:01:01,504 749 INFO wave4_premig_kyc_clean odoo.modules.loading: Module utm loaded in 0.42s, 410 queries (+410 other) 
2026-09-02 18:01:01,505 749 INFO wave4_premig_kyc_clean odoo.modules.loading: Loading module web_tour (14/53) 
2026-09-02 18:01:01,518 749 INFO wave4_premig_kyc_clean odoo.registry: module web_tour: creating or updating database tables 
2026-09-02 18:01:01,526 749 INFO wave4_premig_kyc_clean odoo.models: Prepare computation of res.users.tour_enabled 
2026-09-02 18:01:01,642 749 INFO wave4_premig_kyc_clean odoo.modules.loading: loading web_tour/security/ir.model.access.csv 
2026-09-02 18:01:01,654 749 INFO wave4_premig_kyc_clean odoo.modules.loading: loading web_tour/views/tour_views.xml 
2026-09-02 18:01:01,723 749 INFO wave4_premig_kyc_clean odoo.modules.loading: Module web_tour loaded in 0.22s, 180 queries (+180 other) 
2026-09-02 18:01:01,723 749 INFO wave4_premig_kyc_clean odoo.modules.loading: Loading module auth_passkey (15/53) 
2026-09-02 18:01:01,783 749 INFO wave4_premig_kyc_clean odoo.registry: module auth_passkey: creating or updating database tables 
2026-09-02 18:01:01,882 749 INFO wave4_premig_kyc_clean odoo.modules.loading: loading auth_passkey/views/auth_passkey_key_views.xml 
2026-09-02 18:01:01,912 749 INFO wave4_premig_kyc_clean odoo.modules.loading: loading auth_passkey/views/auth_passkey_login_templates.xml 
2026-09-02 18:01:01,934 749 INFO wave4_premig_kyc_clean odoo.modules.loading: loading auth_passkey/views/res_users_identitycheck_views.xml 
2026-09-02 18:01:01,946 749 INFO wave4_premig_kyc_clean odoo.modules.loading: loading auth_passkey/views/res_users_views.xml 
2026-09-02 18:01:01,971 749 INFO wave4_premig_kyc_clean odoo.modules.loading: loading auth_passkey/security/ir.model.access.csv 
2026-09-02 18:01:01,985 749 INFO wave4_premig_kyc_clean odoo.modules.loading: loading auth_passkey/security/security.xml 
2026-09-02 18:01:02,024 749 INFO wave4_premig_kyc_clean odoo.modules.loading: Module auth_passkey loaded in 0.30s, 218 queries (+218 other) 
2026-09-02 18:01:02,024 749 INFO wave4_premig_kyc_clean odoo.modules.loading: Loading module google_recaptcha (16/53) 
2026-09-02 18:01:02,032 749 INFO wave4_premig_kyc_clean odoo.registry: module google_recaptcha: creating or updating database tables 
2026-09-02 18:01:02,061 749 INFO wave4_premig_kyc_clean odoo.modules.loading: loading google_recaptcha/views/res_config_settings_view.xml 
2026-09-02 18:01:02,098 749 INFO wave4_premig_kyc_clean odoo.modules.loading: Module google_recaptcha loaded in 0.07s, 64 queries (+64 other) 
2026-09-02 18:01:02,098 749 INFO wave4_premig_kyc_clean odoo.modules.loading: Loading module html_editor (17/53) 
2026-09-02 18:01:02,308 749 INFO wave4_premig_kyc_clean odoo.registry: module html_editor: creating or updating database tables 
2026-09-02 18:01:03,122 749 INFO wave4_premig_kyc_clean odoo.modules.loading: loading html_editor/security/ir.model.access.csv 
2026-09-02 18:01:03,143 749 INFO wave4_premig_kyc_clean odoo.modules.loading: Module html_editor loaded in 1.04s, 1110 queries (+1110 other) 
2026-09-02 18:01:03,143 749 INFO wave4_premig_kyc_clean odoo.modules.loading: Loading module iap (18/53) 
2026-09-02 18:01:03,149 749 INFO wave4_premig_kyc_clean odoo.registry: module iap: creating or updating database tables 
2026-09-02 18:01:03,268 749 INFO wave4_premig_kyc_clean odoo.modules.loading: loading iap/data/services.xml 
2026-09-02 18:01:03,275 749 INFO wave4_premig_kyc_clean odoo.modules.loading: loading iap/security/ir.model.access.csv 
2026-09-02 18:01:03,286 749 INFO wave4_premig_kyc_clean odoo.modules.loading: loading iap/security/ir_rule.xml 
2026-09-02 18:01:03,297 749 INFO wave4_premig_kyc_clean odoo.modules.loading: loading iap/views/iap_views.xml 
2026-09-02 18:01:03,330 749 INFO wave4_premig_kyc_clean odoo.modules.loading: loading iap/views/res_config_settings.xml 
2026-09-02 18:01:03,361 749 INFO wave4_premig_kyc_clean odoo.modules.loading: Module iap loaded in 0.22s, 184 queries (+184 other) 
2026-09-02 18:01:03,361 749 INFO wave4_premig_kyc_clean odoo.modules.loading: Loading module mail (19/53) 
2026-09-02 18:01:03,440 749 INFO wave4_premig_kyc_clean odoo.registry: module mail: creating or updating database tables 
2026-09-02 18:01:04,107 749 INFO wave4_premig_kyc_clean odoo.models: Prepare computation of ir.actions.server.partner_ids 
2026-09-02 18:01:04,108 749 INFO wave4_premig_kyc_clean odoo.models: Prepare computation of ir.actions.server.activity_user_id 
2026-09-02 18:01:04,108 749 INFO wave4_premig_kyc_clean odoo.models: Prepare computation of ir.actions.server.activity_type_id 
2026-09-02 18:01:04,108 749 INFO wave4_premig_kyc_clean odoo.models: Prepare computation of ir.actions.server.template_id 
2026-09-02 18:01:04,108 749 INFO wave4_premig_kyc_clean odoo.models: Prepare computation of ir.actions.server.activity_date_deadline_range 
2026-09-02 18:01:04,108 749 INFO wave4_premig_kyc_clean odoo.models: Prepare computation of ir.actions.server.activity_summary 
2026-09-02 18:01:04,109 749 INFO wave4_premig_kyc_clean odoo.models: Prepare computation of ir.actions.server.followers_type 
2026-09-02 18:01:04,109 749 INFO wave4_premig_kyc_clean odoo.models: Prepare computation of ir.actions.server.followers_partner_field_name 
2026-09-02 18:01:04,109 749 INFO wave4_premig_kyc_clean odoo.models: Prepare computation of ir.actions.server.mail_post_method 
2026-09-02 18:01:04,109 749 INFO wave4_premig_kyc_clean odoo.models: Prepare computation of ir.actions.server.activity_date_deadline_range_type 
2026-09-02 18:01:04,109 749 INFO wave4_premig_kyc_clean odoo.models: Prepare computation of ir.actions.server.activity_user_type 
2026-09-02 18:01:04,109 749 INFO wave4_premig_kyc_clean odoo.models: Prepare computation of ir.actions.server.activity_user_field_name 
2026-09-02 18:01:04,109 749 INFO wave4_premig_kyc_clean odoo.models: Prepare computation of ir.actions.server.activity_note 
2026-09-02 18:01:04,110 749 INFO wave4_premig_kyc_clean odoo.models: Prepare computation of ir.actions.server.mail_post_autofollow 
2026-09-02 18:01:04,234 749 INFO wave4_premig_kyc_clean odoo.models: Prepare computation of res.users.notification_type 
2026-09-02 18:01:04,429 749 INFO wave4_premig_kyc_clean odoo.models: Prepare computation of res.partner.email_normalized 
<string>:38: (ERROR/3) Unexpected indentation.
<string>:43: (WARNING/2) Block quote ends without a blank line; unexpected unindent.
2026-09-02 18:01:07,087 749 INFO wave4_premig_kyc_clean odoo.modules.loading: loading mail/data/mail_groups.xml 
2026-09-02 18:01:07,117 749 INFO wave4_premig_kyc_clean odoo.modules.loading: loading mail/wizard/mail_activity_schedule_views.xml 
2026-09-02 18:01:07,133 749 INFO wave4_premig_kyc_clean odoo.modules.loading: loading mail/wizard/mail_blacklist_remove_views.xml 
2026-09-02 18:01:07,142 749 INFO wave4_premig_kyc_clean odoo.modules.loading: loading mail/wizard/mail_compose_message_views.xml 
2026-09-02 18:01:07,165 749 INFO wave4_premig_kyc_clean odoo.modules.loading: loading mail/wizard/mail_template_preview_views.xml 
2026-09-02 18:01:07,179 749 INFO wave4_premig_kyc_clean odoo.modules.loading: loading mail/wizard/mail_followers_edit_views.xml 
2026-09-02 18:01:07,197 749 INFO wave4_premig_kyc_clean odoo.modules.loading: loading mail/wizard/mail_template_reset_views.xml 
2026-09-02 18:01:07,210 749 INFO wave4_premig_kyc_clean odoo.modules.loading: loading mail/views/fetchmail_views.xml 
2026-09-02 18:01:07,236 749 INFO wave4_premig_kyc_clean odoo.modules.loading: loading mail/views/ir_cron_views.xml 
2026-09-02 18:01:07,253 749 INFO wave4_premig_kyc_clean odoo.modules.loading: loading mail/views/ir_filters_views.xml 
2026-09-02 18:01:07,277 749 INFO wave4_premig_kyc_clean odoo.modules.loading: loading mail/views/ir_mail_server_views.xml 
2026-09-02 18:01:07,291 749 INFO wave4_premig_kyc_clean odoo.modules.loading: loading mail/views/mail_message_subtype_views.xml 
2026-09-02 18:01:07,313 749 INFO wave4_premig_kyc_clean odoo.modules.loading: loading mail/views/mail_tracking_value_views.xml 
2026-09-02 18:01:07,331 749 INFO wave4_premig_kyc_clean odoo.modules.loading: loading mail/views/mail_notification_views.xml 
2026-09-02 18:01:07,348 749 INFO wave4_premig_kyc_clean odoo.modules.loading: loading mail/views/mail_message_views.xml 
2026-09-02 18:01:07,386 749 INFO wave4_premig_kyc_clean odoo.modules.loading: loading mail/views/mail_message_schedule_views.xml 
2026-09-02 18:01:07,409 749 INFO wave4_premig_kyc_clean odoo.modules.loading: loading mail/views/mail_mail_views.xml 
2026-09-02 18:01:07,442 749 INFO wave4_premig_kyc_clean odoo.modules.loading: loading mail/views/mail_followers_views.xml 
2026-09-02 18:01:07,463 749 INFO wave4_premig_kyc_clean odoo.modules.loading: loading mail/views/mail_ice_server_views.xml 
2026-09-02 18:01:07,491 749 INFO wave4_premig_kyc_clean odoo.modules.loading: loading mail/views/discuss_channel_member_views.xml 
2026-09-02 18:01:07,507 749 INFO wave4_premig_kyc_clean odoo.modules.loading: loading mail/views/discuss_channel_rtc_session_views.xml 
2026-09-02 18:01:07,530 749 INFO wave4_premig_kyc_clean odoo.modules.loading: loading mail/views/mail_link_preview_views.xml 
2026-09-02 18:01:07,559 749 INFO wave4_premig_kyc_clean odoo.modules.loading: loading mail/views/discuss/discuss_gif_favorite_views.xml 
2026-09-02 18:01:07,577 749 INFO wave4_premig_kyc_clean odoo.modules.loading: loading mail/views/discuss_channel_views.xml 
2026-09-02 18:01:07,635 749 INFO wave4_premig_kyc_clean odoo.modules.loading: loading mail/views/mail_canned_response_views.xml 
2026-09-02 18:01:07,673 749 INFO wave4_premig_kyc_clean odoo.modules.loading: loading mail/views/res_role_views.xml 
2026-09-02 18:01:07,707 749 INFO wave4_premig_kyc_clean odoo.modules.loading: loading mail/views/mail_activity_views.xml 
2026-09-02 18:01:07,921 749 INFO wave4_premig_kyc_clean odoo.modules.loading: loading mail/views/mail_activity_plan_views.xml 
2026-09-02 18:01:07,978 749 INFO wave4_premig_kyc_clean odoo.modules.loading: loading mail/views/mail_activity_plan_template_views.xml 
2026-09-02 18:01:07,995 749 INFO wave4_premig_kyc_clean odoo.modules.loading: loading mail/views/res_config_settings_views.xml 
2026-09-02 18:01:08,028 749 INFO wave4_premig_kyc_clean odoo.modules.loading: loading mail/data/ir_config_parameter_data.xml 
2026-09-02 18:01:08,037 749 INFO wave4_premig_kyc_clean odoo.modules.loading: loading mail/data/res_partner_data.xml 
2026-09-02 18:01:08,122 749 INFO wave4_premig_kyc_clean odoo.modules.loading: loading mail/data/mail_message_subtype_data.xml 
2026-09-02 18:01:08,133 749 INFO wave4_premig_kyc_clean odoo.modules.loading: loading mail/data/mail_templates_chatter.xml 
2026-09-02 18:01:08,159 749 INFO wave4_premig_kyc_clean odoo.modules.loading: loading mail/data/mail_templates_email_layouts.xml 
2026-09-02 18:01:08,186 749 INFO wave4_premig_kyc_clean odoo.modules.loading: loading mail/data/mail_templates_mailgateway.xml 
2026-09-02 18:01:08,211 749 INFO wave4_premig_kyc_clean odoo.modules.loading: loading mail/data/discuss_channel_data.xml 
2026-09-02 18:01:08,277 749 INFO wave4_premig_kyc_clean odoo.modules.loading: loading mail/data/mail_activity_type_data.xml 
2026-09-02 18:01:08,299 749 INFO wave4_premig_kyc_clean odoo.modules.loading: loading mail/data/security_notifications_templates.xml 
2026-09-02 18:01:08,310 749 INFO wave4_premig_kyc_clean odoo.modules.loading: loading mail/data/ir_cron_data.xml 
2026-09-02 18:01:08,460 749 INFO wave4_premig_kyc_clean odoo.modules.loading: loading mail/data/ir_actions_client.xml 
2026-09-02 18:01:08,469 749 INFO wave4_premig_kyc_clean odoo.modules.loading: loading mail/security/mail_security.xml 
2026-09-02 18:01:08,684 749 INFO wave4_premig_kyc_clean odoo.modules.loading: loading mail/security/ir.model.access.csv 
2026-09-02 18:01:08,738 749 INFO wave4_premig_kyc_clean odoo.modules.loading: loading mail/views/discuss_public_templates.xml 
2026-09-02 18:01:08,746 749 INFO wave4_premig_kyc_clean odoo.modules.loading: loading mail/views/mail_alias_domain_views.xml 
2026-09-02 18:01:08,770 749 INFO wave4_premig_kyc_clean odoo.modules.loading: loading mail/views/mail_alias_views.xml 
2026-09-02 18:01:08,800 749 INFO wave4_premig_kyc_clean odoo.modules.loading: loading mail/views/mail_gateway_allowed_views.xml 
2026-09-02 18:01:08,817 749 INFO wave4_premig_kyc_clean odoo.modules.loading: loading mail/views/mail_guest_views.xml 
2026-09-02 18:01:08,839 749 INFO wave4_premig_kyc_clean odoo.modules.loading: loading mail/views/mail_message_reaction_views.xml 
2026-09-02 18:01:08,868 749 INFO wave4_premig_kyc_clean odoo.modules.loading: loading mail/views/mail_templates_public.xml 
2026-09-02 18:01:08,884 749 INFO wave4_premig_kyc_clean odoo.modules.loading: loading mail/views/res_users_views.xml 
2026-09-02 18:01:08,919 749 INFO wave4_premig_kyc_clean odoo.modules.loading: loading mail/views/res_users_settings_views.xml 
2026-09-02 18:01:08,942 749 INFO wave4_premig_kyc_clean odoo.modules.loading: loading mail/views/mail_template_views.xml 
2026-09-02 18:01:08,970 749 INFO wave4_premig_kyc_clean odoo.modules.loading: loading mail/views/ir_actions_server_views.xml 
2026-09-02 18:01:08,992 749 INFO wave4_premig_kyc_clean odoo.modules.loading: loading mail/views/ir_model_views.xml 
2026-09-02 18:01:09,043 749 INFO wave4_premig_kyc_clean odoo.modules.loading: loading mail/views/res_partner_views.xml 
2026-09-02 18:01:09,103 749 INFO wave4_premig_kyc_clean odoo.modules.loading: loading mail/views/mail_blacklist_views.xml 
2026-09-02 18:01:09,133 749 INFO wave4_premig_kyc_clean odoo.modules.loading: loading mail/views/mail_menus.xml 
2026-09-02 18:01:09,323 749 INFO wave4_premig_kyc_clean odoo.modules.loading: loading mail/views/discuss/discuss_menus.xml 
2026-09-02 18:01:09,330 749 INFO wave4_premig_kyc_clean odoo.modules.loading: loading mail/views/discuss/discuss_call_history_views.xml 
2026-09-02 18:01:09,360 749 INFO wave4_premig_kyc_clean odoo.modules.loading: loading mail/views/res_company_views.xml 
2026-09-02 18:01:09,375 749 INFO wave4_premig_kyc_clean odoo.modules.loading: loading mail/views/mail_scheduled_message_views.xml 
2026-09-02 18:01:09,386 749 INFO wave4_premig_kyc_clean odoo.modules.loading: loading mail/data/mail_canned_response_data.xml 
2026-09-02 18:01:09,397 749 INFO wave4_premig_kyc_clean odoo.modules.loading: loading mail/data/mail_templates_invite.xml 
2026-09-02 18:01:09,413 749 INFO wave4_premig_kyc_clean odoo.modules.loading: loading mail/data/web_tour_tour.xml 
2026-09-02 18:01:09,495 749 INFO wave4_premig_kyc_clean odoo.modules.loading: Module mail loaded in 6.13s, 5055 queries (+5056 other) 
2026-09-02 18:01:09,495 749 INFO wave4_premig_kyc_clean odoo.modules.loading: Loading module web_unsplash (20/53) 
2026-09-02 18:01:09,516 749 INFO wave4_premig_kyc_clean odoo.registry: module web_unsplash: creating or updating database tables 
2026-09-02 18:01:09,592 749 INFO wave4_premig_kyc_clean odoo.modules.loading: loading web_unsplash/views/res_config_settings_view.xml 
2026-09-02 18:01:09,650 749 INFO wave4_premig_kyc_clean odoo.modules.loading: Module web_unsplash loaded in 0.16s, 103 queries (+103 other) 
2026-09-02 18:01:09,650 749 INFO wave4_premig_kyc_clean odoo.modules.loading: Loading module auth_signup (21/53) 
2026-09-02 18:01:09,669 749 INFO wave4_premig_kyc_clean odoo.registry: module auth_signup: creating or updating database tables 
2026-09-02 18:01:09,778 749 INFO wave4_premig_kyc_clean odoo.modules.loading: loading auth_signup/data/ir_config_parameter_data.xml 
2026-09-02 18:01:09,785 749 INFO wave4_premig_kyc_clean odoo.modules.loading: loading auth_signup/data/ir_cron_data.xml 
2026-09-02 18:01:09,829 749 INFO wave4_premig_kyc_clean odoo.modules.loading: loading auth_signup/data/mail_template_data.xml 
2026-09-02 18:01:09,958 749 INFO wave4_premig_kyc_clean odoo.modules.loading: loading auth_signup/views/res_config_settings_views.xml 
2026-09-02 18:01:09,977 749 INFO wave4_premig_kyc_clean odoo.modules.loading: loading auth_signup/views/res_users_views.xml 
2026-09-02 18:01:10,010 749 INFO wave4_premig_kyc_clean odoo.modules.loading: loading auth_signup/views/auth_signup_login_templates.xml 
2026-09-02 18:01:10,041 749 INFO wave4_premig_kyc_clean odoo.modules.loading: loading auth_signup/views/auth_signup_templates_email.xml 
2026-09-02 18:01:10,051 749 INFO wave4_premig_kyc_clean odoo.modules.loading: loading auth_signup/views/webclient_templates.xml 
2026-09-02 18:01:10,091 749 INFO wave4_premig_kyc_clean odoo.modules.loading: Module auth_signup loaded in 0.44s, 255 queries (+255 other) 
2026-09-02 18:01:10,091 749 INFO wave4_premig_kyc_clean odoo.modules.loading: Loading module auth_totp_mail (22/53) 
2026-09-02 18:01:10,105 749 INFO wave4_premig_kyc_clean odoo.registry: module auth_totp_mail: creating or updating database tables 
2026-09-02 18:01:10,172 749 INFO wave4_premig_kyc_clean odoo.modules.loading: loading auth_totp_mail/data/ir_action_data.xml 
2026-09-02 18:01:10,219 749 INFO wave4_premig_kyc_clean odoo.modules.loading: loading auth_totp_mail/data/mail_template_data.xml 
2026-09-02 18:01:10,272 749 INFO wave4_premig_kyc_clean odoo.modules.loading: loading auth_totp_mail/data/security_notifications_template.xml 
2026-09-02 18:01:10,283 749 INFO wave4_premig_kyc_clean odoo.modules.loading: loading auth_totp_mail/views/res_config_settings_views.xml 
2026-09-02 18:01:10,305 749 INFO wave4_premig_kyc_clean odoo.modules.loading: loading auth_totp_mail/views/res_users_views.xml 
2026-09-02 18:01:10,330 749 INFO wave4_premig_kyc_clean odoo.modules.loading: loading auth_totp_mail/views/templates.xml 
2026-09-02 18:01:10,366 749 INFO wave4_premig_kyc_clean odoo.modules.loading: Module auth_totp_mail loaded in 0.27s, 189 queries (+189 other) 
2026-09-02 18:01:10,366 749 INFO wave4_premig_kyc_clean odoo.modules.loading: Loading module base_install_request (23/53) 
2026-09-02 18:01:10,378 749 INFO wave4_premig_kyc_clean odoo.registry: module base_install_request: creating or updating database tables 
2026-09-02 18:01:10,477 749 INFO wave4_premig_kyc_clean odoo.modules.loading: loading base_install_request/security/ir.model.access.csv 
2026-09-02 18:01:10,492 749 INFO wave4_premig_kyc_clean odoo.modules.loading: loading base_install_request/wizard/base_module_install_request_views.xml 
2026-09-02 18:01:10,523 749 INFO wave4_premig_kyc_clean odoo.modules.loading: loading base_install_request/data/mail_template_data.xml 
2026-09-02 18:01:10,533 749 INFO wave4_premig_kyc_clean odoo.modules.loading: loading base_install_request/data/mail_templates_module_install.xml 
2026-09-02 18:01:10,540 749 INFO wave4_premig_kyc_clean odoo.modules.loading: loading base_install_request/views/ir_module_module_views.xml 
2026-09-02 18:01:10,573 749 INFO wave4_premig_kyc_clean odoo.modules.loading: Module base_install_request loaded in 0.21s, 154 queries (+154 other) 
2026-09-02 18:01:10,573 749 INFO wave4_premig_kyc_clean odoo.modules.loading: Loading module calendar (24/53) 
2026-09-02 18:01:10,616 749 INFO wave4_premig_kyc_clean odoo.registry: module calendar: creating or updating database tables 
2026-09-02 18:01:11,111 749 INFO wave4_premig_kyc_clean odoo.modules.loading: loading calendar/security/ir.model.access.csv 
2026-09-02 18:01:11,129 749 INFO wave4_premig_kyc_clean odoo.modules.loading: loading calendar/security/calendar_security.xml 
2026-09-02 18:01:11,164 749 INFO wave4_premig_kyc_clean odoo.modules.loading: loading calendar/data/calendar_cron.xml 
2026-09-02 18:01:11,199 749 INFO wave4_premig_kyc_clean odoo.modules.loading: loading calendar/data/mail_template_data.xml 
2026-09-02 18:01:11,235 749 INFO wave4_premig_kyc_clean odoo.modules.loading: loading calendar/data/calendar_data.xml 
2026-09-02 18:01:11,259 749 INFO wave4_premig_kyc_clean odoo.modules.loading: loading calendar/data/mail_activity_type_data.xml 
2026-09-02 18:01:11,265 749 INFO wave4_premig_kyc_clean odoo.modules.loading: loading calendar/data/mail_message_subtype_data.xml 
2026-09-02 18:01:11,269 749 INFO wave4_premig_kyc_clean odoo.modules.loading: loading calendar/views/mail_activity_views.xml 
2026-09-02 18:01:11,296 749 INFO wave4_premig_kyc_clean odoo.modules.loading: loading calendar/views/calendar_templates.xml 
2026-09-02 18:01:11,305 749 INFO wave4_premig_kyc_clean odoo.modules.loading: loading calendar/views/calendar_views.xml 
2026-09-02 18:01:11,486 749 INFO wave4_premig_kyc_clean odoo.modules.loading: loading calendar/views/res_config_settings_views.xml 
2026-09-02 18:01:11,516 749 INFO wave4_premig_kyc_clean odoo.modules.loading: loading calendar/views/res_partner_views.xml 
2026-09-02 18:01:11,535 749 INFO wave4_premig_kyc_clean odoo.modules.loading: loading calendar/views/res_users_views.xml 
2026-09-02 18:01:11,560 749 INFO wave4_premig_kyc_clean odoo.modules.loading: loading calendar/wizard/calendar_provider_config.xml 
2026-09-02 18:01:11,569 749 INFO wave4_premig_kyc_clean odoo.modules.loading: loading calendar/wizard/calendar_popover_delete_wizard.xml 
2026-09-02 18:01:11,587 749 INFO wave4_premig_kyc_clean odoo.modules.loading: loading calendar/wizard/mail_activity_schedule_views.xml 
2026-09-02 18:01:11,643 749 INFO wave4_premig_kyc_clean odoo.modules.loading: Module calendar loaded in 1.07s, 883 queries (+883 other) 
2026-09-02 18:01:11,643 749 INFO wave4_premig_kyc_clean odoo.modules.loading: Loading module contacts (25/53) 
2026-09-02 18:01:11,662 749 INFO wave4_premig_kyc_clean odoo.registry: module contacts: creating or updating database tables 
2026-09-02 18:01:11,728 749 INFO wave4_premig_kyc_clean odoo.modules.loading: loading contacts/views/contact_views.xml 
2026-09-02 18:01:11,838 749 INFO wave4_premig_kyc_clean odoo.modules.loading: Module contacts loaded in 0.20s, 209 queries (+209 other) 
2026-09-02 18:01:11,838 749 INFO wave4_premig_kyc_clean odoo.modules.loading: Loading module google_gmail (26/53) 
2026-09-02 18:01:11,858 749 INFO wave4_premig_kyc_clean odoo.registry: module google_gmail: creating or updating database tables 
2026-09-02 18:01:11,933 749 INFO wave4_premig_kyc_clean odoo.modules.loading: loading google_gmail/views/fetchmail_server_views.xml 
2026-09-02 18:01:11,952 749 INFO wave4_premig_kyc_clean odoo.modules.loading: loading google_gmail/views/ir_mail_server_views.xml 
2026-09-02 18:01:11,967 749 INFO wave4_premig_kyc_clean odoo.modules.loading: loading google_gmail/views/res_config_settings_views.xml 
2026-09-02 18:01:11,996 749 INFO wave4_premig_kyc_clean odoo.modules.loading: loading google_gmail/views/templates.xml 
2026-09-02 18:01:12,015 749 INFO wave4_premig_kyc_clean odoo.modules.loading: Module google_gmail loaded in 0.18s, 155 queries (+155 other) 
2026-09-02 18:01:12,015 749 INFO wave4_premig_kyc_clean odoo.modules.loading: Loading module html_builder (27/53) 
2026-09-02 18:01:12,050 749 INFO wave4_premig_kyc_clean odoo.modules.loading: Module html_builder loaded in 0.03s, 10 queries (+10 other) 
2026-09-02 18:01:12,050 749 INFO wave4_premig_kyc_clean odoo.modules.loading: Loading module iap_mail (28/53) 
2026-09-02 18:01:12,061 749 INFO wave4_premig_kyc_clean odoo.registry: module iap_mail: creating or updating database tables 
2026-09-02 18:01:12,103 749 INFO wave4_premig_kyc_clean odoo.modules.loading: loading iap_mail/data/mail_templates.xml 
2026-09-02 18:01:12,123 749 INFO wave4_premig_kyc_clean odoo.modules.loading: loading iap_mail/views/iap_views.xml 
2026-09-02 18:01:12,152 749 INFO wave4_premig_kyc_clean odoo.modules.loading: Module iap_mail loaded in 0.10s, 70 queries (+70 other) 
2026-09-02 18:01:12,152 749 INFO wave4_premig_kyc_clean odoo.modules.loading: Loading module mail_bot (29/53) 
2026-09-02 18:01:12,169 749 INFO wave4_premig_kyc_clean odoo.registry: module mail_bot: creating or updating database tables 
2026-09-02 18:01:12,237 749 INFO wave4_premig_kyc_clean odoo.modules.loading: loading mail_bot/views/res_users_views.xml 
2026-09-02 18:01:12,262 749 INFO wave4_premig_kyc_clean odoo.modules.loading: loading mail_bot/data/mailbot_data.xml 
2026-09-02 18:01:12,282 749 INFO wave4_premig_kyc_clean odoo.modules.loading: Module mail_bot loaded in 0.13s, 109 queries (+109 other) 
2026-09-02 18:01:12,282 749 INFO wave4_premig_kyc_clean odoo.modules.loading: Loading module microsoft_outlook (30/53) 
2026-09-02 18:01:12,302 749 INFO wave4_premig_kyc_clean odoo.registry: module microsoft_outlook: creating or updating database tables 
2026-09-02 18:01:12,394 749 INFO wave4_premig_kyc_clean odoo.modules.loading: loading microsoft_outlook/views/fetchmail_server_views.xml 
2026-09-02 18:01:12,421 749 INFO wave4_premig_kyc_clean odoo.modules.loading: loading microsoft_outlook/views/ir_mail_server_views.xml 
2026-09-02 18:01:12,437 749 INFO wave4_premig_kyc_clean odoo.modules.loading: loading microsoft_outlook/views/res_config_settings_views.xml 
2026-09-02 18:01:12,467 749 INFO wave4_premig_kyc_clean odoo.modules.loading: loading microsoft_outlook/views/templates.xml 
2026-09-02 18:01:12,487 749 INFO wave4_premig_kyc_clean odoo.modules.loading: Module microsoft_outlook loaded in 0.20s, 158 queries (+158 other) 
2026-09-02 18:01:12,487 749 INFO wave4_premig_kyc_clean odoo.modules.loading: Loading module phone_validation (31/53) 
2026-09-02 18:01:12,602 749 INFO wave4_premig_kyc_clean odoo.registry: module phone_validation: creating or updating database tables 
2026-09-02 18:01:12,649 749 INFO wave4_premig_kyc_clean odoo.models: Prepare computation of res.partner.phone_sanitized 
2026-09-02 18:01:13,894 749 INFO wave4_premig_kyc_clean odoo.modules.loading: loading phone_validation/security/ir.model.access.csv 
2026-09-02 18:01:13,910 749 INFO wave4_premig_kyc_clean odoo.modules.loading: loading phone_validation/views/phone_blacklist_views.xml 
2026-09-02 18:01:13,966 749 INFO wave4_premig_kyc_clean odoo.modules.loading: loading phone_validation/views/res_partner_views.xml 
2026-09-02 18:01:13,982 749 INFO wave4_premig_kyc_clean odoo.modules.loading: loading phone_validation/wizard/phone_blacklist_remove_view.xml 
2026-09-02 18:01:14,006 749 INFO wave4_premig_kyc_clean odoo.modules.loading: Module phone_validation loaded in 1.52s, 1769 queries (+1769 other) 
2026-09-02 18:01:14,006 749 INFO wave4_premig_kyc_clean odoo.modules.loading: Loading module privacy_lookup (32/53) 
2026-09-02 18:01:14,027 749 INFO wave4_premig_kyc_clean odoo.registry: module privacy_lookup: creating or updating database tables 
2026-09-02 18:01:14,185 749 INFO wave4_premig_kyc_clean odoo.modules.loading: loading privacy_lookup/wizard/privacy_lookup_wizard_views.xml 
2026-09-02 18:01:14,261 749 INFO wave4_premig_kyc_clean odoo.modules.loading: loading privacy_lookup/views/privacy_log_views.xml 
2026-09-02 18:01:14,290 749 INFO wave4_premig_kyc_clean odoo.modules.loading: loading privacy_lookup/security/ir.model.access.csv 
2026-09-02 18:01:14,313 749 INFO wave4_premig_kyc_clean odoo.modules.loading: loading privacy_lookup/data/ir_actions_server_data.xml 
2026-09-02 18:01:14,367 749 INFO wave4_premig_kyc_clean odoo.modules.loading: Module privacy_lookup loaded in 0.36s, 296 queries (+296 other) 
2026-09-02 18:01:14,368 749 INFO wave4_premig_kyc_clean odoo.modules.loading: Loading module resource_mail (33/53) 
2026-09-02 18:01:14,384 749 INFO wave4_premig_kyc_clean odoo.registry: module resource_mail: creating or updating database tables 
2026-09-02 18:01:14,444 749 INFO wave4_premig_kyc_clean odoo.modules.loading: Module resource_mail loaded in 0.08s, 36 queries (+36 other) 
2026-09-02 18:01:14,444 749 INFO wave4_premig_kyc_clean odoo.modules.loading: Loading module sales_team (34/53) 
2026-09-02 18:01:14,464 749 INFO wave4_premig_kyc_clean odoo.registry: module sales_team: creating or updating database tables 
2026-09-02 18:01:14,517 749 INFO wave4_premig_kyc_clean odoo.models: Prepare computation of res.users.sale_team_id 
2026-09-02 18:01:14,704 749 INFO wave4_premig_kyc_clean odoo.modules.loading: loading sales_team/security/sales_team_security.xml 
2026-09-02 18:01:14,778 749 INFO wave4_premig_kyc_clean odoo.modules.loading: loading sales_team/security/ir.model.access.csv 
2026-09-02 18:01:14,791 749 INFO wave4_premig_kyc_clean odoo.modules.loading: loading sales_team/data/crm_team_data.xml 
2026-09-02 18:01:14,840 749 INFO wave4_premig_kyc_clean odoo.modules.loading: loading sales_team/views/crm_tag_views.xml 
2026-09-02 18:01:14,861 749 INFO wave4_premig_kyc_clean odoo.modules.loading: loading sales_team/views/crm_team_views.xml 
2026-09-02 18:01:14,905 749 INFO wave4_premig_kyc_clean odoo.modules.loading: loading sales_team/views/crm_team_member_views.xml 
2026-09-02 18:01:14,961 749 INFO wave4_premig_kyc_clean odoo.modules.loading: loading sales_team/views/mail_activity_views.xml 
2026-09-02 18:01:14,982 749 INFO wave4_premig_kyc_clean odoo.modules.loading: Module sales_team loaded in 0.54s, 365 queries (+365 other) 
2026-09-02 18:01:14,982 749 INFO wave4_premig_kyc_clean odoo.modules.loading: Loading module partner_autocomplete (35/53) 
2026-09-02 18:01:15,018 749 INFO wave4_premig_kyc_clean odoo.registry: module partner_autocomplete: creating or updating database tables 
2026-09-02 18:01:15,135 749 INFO wave4_premig_kyc_clean odoo.modules.loading: loading partner_autocomplete/views/res_company_views.xml 
2026-09-02 18:01:15,159 749 INFO wave4_premig_kyc_clean odoo.modules.loading: loading partner_autocomplete/views/res_config_settings_views.xml 
2026-09-02 18:01:15,189 749 INFO wave4_premig_kyc_clean odoo.modules.loading: loading partner_autocomplete/data/iap_service_data.xml 
2026-09-02 18:01:15,208 749 INFO wave4_premig_kyc_clean odoo.modules.loading: Module partner_autocomplete loaded in 0.23s, 144 queries (+144 other) 
2026-09-02 18:01:15,209 749 INFO wave4_premig_kyc_clean odoo.modules.loading: Loading module portal (36/53) 
2026-09-02 18:01:15,261 749 INFO wave4_premig_kyc_clean odoo.registry: module portal: creating or updating database tables 
2026-09-02 18:01:15,599 749 INFO wave4_premig_kyc_clean odoo.modules.loading: loading portal/security/ir.model.access.csv 
2026-09-02 18:01:15,613 749 INFO wave4_premig_kyc_clean odoo.modules.loading: loading portal/data/mail_templates.xml 
2026-09-02 18:01:15,623 749 INFO wave4_premig_kyc_clean odoo.modules.loading: loading portal/views/address_templates.xml 
2026-09-02 18:01:15,675 749 INFO wave4_premig_kyc_clean odoo.modules.loading: loading portal/views/mail_templates_public.xml 
2026-09-02 18:01:15,686 749 INFO wave4_premig_kyc_clean odoo.modules.loading: loading portal/views/portal_templates.xml 
2026-09-02 18:01:15,826 749 INFO wave4_premig_kyc_clean odoo.modules.loading: loading portal/views/res_config_settings_views.xml 
2026-09-02 18:01:15,860 749 INFO wave4_premig_kyc_clean odoo.modules.loading: loading portal/wizard/portal_share_views.xml 
2026-09-02 18:01:15,874 749 INFO wave4_premig_kyc_clean odoo.modules.loading: loading portal/wizard/portal_wizard_views.xml 
2026-09-02 18:01:15,949 749 INFO wave4_premig_kyc_clean odoo.modules.loading: Module portal loaded in 0.74s, 573 queries (+573 other) 
2026-09-02 18:01:15,949 749 INFO wave4_premig_kyc_clean odoo.modules.loading: Loading module sms (37/53) 
2026-09-02 18:01:16,080 749 INFO wave4_premig_kyc_clean odoo.registry: module sms: creating or updating database tables 
2026-09-02 18:01:16,106 749 INFO wave4_premig_kyc_clean odoo.models: Prepare computation of ir.actions.server.sms_template_id 
2026-09-02 18:01:16,106 749 INFO wave4_premig_kyc_clean odoo.models: Prepare computation of ir.actions.server.sms_method 
2026-09-02 18:01:17,635 749 INFO wave4_premig_kyc_clean odoo.modules.loading: loading sms/data/iap_service_data.xml 
2026-09-02 18:01:17,645 749 INFO wave4_premig_kyc_clean odoo.modules.loading: loading sms/data/ir_cron_data.xml 
2026-09-02 18:01:17,682 749 INFO wave4_premig_kyc_clean odoo.modules.loading: loading sms/wizard/sms_account_code_views.xml 
2026-09-02 18:01:17,700 749 INFO wave4_premig_kyc_clean odoo.modules.loading: loading sms/wizard/sms_account_phone_views.xml 
2026-09-02 18:01:17,713 749 INFO wave4_premig_kyc_clean odoo.modules.loading: loading sms/wizard/sms_account_sender_views.xml 
2026-09-02 18:01:17,728 749 INFO wave4_premig_kyc_clean odoo.modules.loading: loading sms/wizard/sms_composer_views.xml 
2026-09-02 18:01:17,759 749 INFO wave4_premig_kyc_clean odoo.modules.loading: loading sms/wizard/sms_template_preview_views.xml 
2026-09-02 18:01:17,782 749 INFO wave4_premig_kyc_clean odoo.modules.loading: loading sms/wizard/sms_template_reset_views.xml 
2026-09-02 18:01:17,806 749 INFO wave4_premig_kyc_clean odoo.modules.loading: loading sms/views/ir_actions_server_views.xml 
2026-09-02 18:01:17,842 749 INFO wave4_premig_kyc_clean odoo.modules.loading: loading sms/views/mail_notification_views.xml 
2026-09-02 18:01:17,872 749 INFO wave4_premig_kyc_clean odoo.modules.loading: loading sms/views/res_config_settings_views.xml 
2026-09-02 18:01:17,900 749 INFO wave4_premig_kyc_clean odoo.modules.loading: loading sms/views/res_partner_views.xml 
2026-09-02 18:01:17,931 749 INFO wave4_premig_kyc_clean odoo.modules.loading: loading sms/views/iap_account_views.xml 
2026-09-02 18:01:17,950 749 INFO wave4_premig_kyc_clean odoo.modules.loading: loading sms/views/sms_sms_views.xml 
2026-09-02 18:01:17,992 749 INFO wave4_premig_kyc_clean odoo.modules.loading: loading sms/views/sms_template_views.xml 
2026-09-02 18:01:18,018 749 INFO wave4_premig_kyc_clean odoo.modules.loading: loading sms/security/ir.model.access.csv 
2026-09-02 18:01:18,048 749 INFO wave4_premig_kyc_clean odoo.modules.loading: loading sms/security/sms_security.xml 
2026-09-02 18:01:18,085 749 INFO wave4_premig_kyc_clean odoo.modules.loading: Module sms loaded in 2.14s, 2222 queries (+2222 other) 
2026-09-02 18:01:18,086 749 INFO wave4_premig_kyc_clean odoo.modules.loading: Loading module snailmail (38/53) 
2026-09-02 18:01:18,271 749 INFO wave4_premig_kyc_clean odoo.registry: module snailmail: creating or updating database tables 
2026-09-02 18:01:18,580 749 INFO wave4_premig_kyc_clean odoo.modules.loading: loading snailmail/data/iap_service_data.xml 
2026-09-02 18:01:18,588 749 INFO wave4_premig_kyc_clean odoo.modules.loading: loading snailmail/data/snailmail_data.xml 
2026-09-02 18:01:18,618 749 INFO wave4_premig_kyc_clean odoo.modules.loading: loading snailmail/views/report_assets.xml 
2026-09-02 18:01:18,635 749 INFO wave4_premig_kyc_clean odoo.modules.loading: loading snailmail/views/snailmail_views.xml 
2026-09-02 18:01:18,664 749 INFO wave4_premig_kyc_clean odoo.modules.loading: loading snailmail/security/ir.model.access.csv 
2026-09-02 18:01:18,698 749 INFO wave4_premig_kyc_clean odoo.modules.loading: Module snailmail loaded in 0.61s, 439 queries (+439 other) 
2026-09-02 18:01:18,698 749 INFO wave4_premig_kyc_clean odoo.modules.loading: Loading module auth_passkey_portal (39/53) 
2026-09-02 18:01:18,712 749 INFO wave4_premig_kyc_clean odoo.modules.loading: loading auth_passkey_portal/views/templates.xml 
2026-09-02 18:01:18,746 749 INFO wave4_premig_kyc_clean odoo.modules.loading: Module auth_passkey_portal loaded in 0.05s, 22 queries (+22 other) 
2026-09-02 18:01:18,746 749 INFO wave4_premig_kyc_clean odoo.modules.loading: Loading module auth_totp_portal (40/53) 
2026-09-02 18:01:18,766 749 INFO wave4_premig_kyc_clean odoo.registry: module auth_totp_portal: creating or updating database tables 
2026-09-02 18:01:18,804 749 INFO wave4_premig_kyc_clean odoo.modules.loading: loading auth_totp_portal/security/security.xml 
2026-09-02 18:01:18,827 749 INFO wave4_premig_kyc_clean odoo.modules.loading: loading auth_totp_portal/views/templates.xml 
2026-09-02 18:01:18,855 749 INFO wave4_premig_kyc_clean odoo.modules.loading: Module auth_totp_portal loaded in 0.11s, 70 queries (+70 other) 
2026-09-02 18:01:18,855 749 INFO wave4_premig_kyc_clean odoo.modules.loading: Loading module calendar_sms (41/53) 
2026-09-02 18:01:18,877 749 INFO wave4_premig_kyc_clean odoo.registry: module calendar_sms: creating or updating database tables 
2026-09-02 18:01:18,884 749 INFO wave4_premig_kyc_clean odoo.models: Prepare computation of calendar.alarm.sms_template_id 
2026-09-02 18:01:18,939 749 INFO wave4_premig_kyc_clean odoo.modules.loading: loading calendar_sms/data/sms_data.xml 
2026-09-02 18:01:18,946 749 INFO wave4_premig_kyc_clean odoo.modules.loading: loading calendar_sms/views/calendar_views.xml 
2026-09-02 18:01:19,001 749 INFO wave4_premig_kyc_clean odoo.modules.loading: Module calendar_sms loaded in 0.15s, 106 queries (+106 other) 
2026-09-02 18:01:19,001 749 INFO wave4_premig_kyc_clean odoo.modules.loading: Loading module digest (42/53) 
2026-09-02 18:01:19,019 749 INFO wave4_premig_kyc_clean odoo.registry: module digest: creating or updating database tables 
2026-09-02 18:01:19,178 749 INFO wave4_premig_kyc_clean odoo.modules.loading: loading digest/security/ir.model.access.csv 
2026-09-02 18:01:19,188 749 INFO wave4_premig_kyc_clean odoo.modules.loading: loading digest/data/digest_data.xml 
2026-09-02 18:01:19,230 749 INFO wave4_premig_kyc_clean odoo.modules.loading: loading digest/data/digest_tips_data.xml 
2026-09-02 18:01:19,253 749 INFO wave4_premig_kyc_clean odoo.modules.loading: loading digest/data/ir_cron_data.xml 
2026-09-02 18:01:19,281 749 INFO wave4_premig_kyc_clean odoo.modules.loading: loading digest/data/res_config_settings_data.xml 
2026-09-02 18:01:19,290 749 INFO wave4_premig_kyc_clean odoo.modules.loading: loading digest/views/digest_views.xml 
2026-09-02 18:01:19,358 749 INFO wave4_premig_kyc_clean odoo.modules.loading: loading digest/views/digest_templates.xml 
2026-09-02 18:01:19,367 749 INFO wave4_premig_kyc_clean odoo.modules.loading: loading digest/views/res_config_settings_views.xml 
2026-09-02 18:01:19,423 749 INFO wave4_premig_kyc_clean odoo.modules.loading: Module digest loaded in 0.42s, 326 queries (+326 other) 
2026-09-02 18:01:19,423 749 INFO wave4_premig_kyc_clean odoo.modules.loading: Loading module crm (43/53) 
2026-09-02 18:01:19,484 749 INFO wave4_premig_kyc_clean odoo.registry: module crm: creating or updating database tables 
2026-09-02 18:01:19,980 749 INFO wave4_premig_kyc_clean odoo.addons.mail.models.mail_alias_mixin: Mail alias created for crm.team Sales (id 1) 
2026-09-02 18:01:19,982 749 INFO wave4_premig_kyc_clean odoo.addons.mail.models.mail_alias_mixin: Mail alias created for crm.team Point of Sale (id 3) 
2026-09-02 18:01:19,985 749 INFO wave4_premig_kyc_clean odoo.addons.mail.models.mail_alias_mixin: Mail alias created for crm.team Website (id 2) 
2026-09-02 18:01:20,393 749 INFO wave4_premig_kyc_clean odoo.modules.loading: loading crm/security/crm_security.xml 
2026-09-02 18:01:20,469 749 INFO wave4_premig_kyc_clean odoo.modules.loading: loading crm/security/ir.model.access.csv 
2026-09-02 18:01:20,494 749 INFO wave4_premig_kyc_clean odoo.modules.loading: loading crm/data/crm_lead_merge_template.xml 
2026-09-02 18:01:20,506 749 INFO wave4_premig_kyc_clean odoo.modules.loading: loading crm/data/crm_lead_prediction_data.xml 
2026-09-02 18:01:20,583 749 INFO wave4_premig_kyc_clean odoo.modules.loading: loading crm/data/crm_lost_reason_data.xml 
2026-09-02 18:01:20,594 749 INFO wave4_premig_kyc_clean odoo.modules.loading: loading crm/data/crm_stage_data.xml 
2026-09-02 18:01:20,604 749 INFO wave4_premig_kyc_clean odoo.modules.loading: loading crm/data/crm_team_data.xml 
2026-09-02 18:01:20,631 749 INFO wave4_premig_kyc_clean odoo.modules.loading: loading crm/data/digest_data.xml 
2026-09-02 18:01:20,656 749 INFO wave4_premig_kyc_clean odoo.modules.loading: loading crm/data/ir_action_data.xml 
2026-09-02 18:01:20,682 749 INFO wave4_premig_kyc_clean odoo.modules.loading: loading crm/data/ir_cron_data.xml 
2026-09-02 18:01:20,702 749 INFO wave4_premig_kyc_clean odoo.modules.loading: loading crm/data/mail_message_subtype_data.xml 
2026-09-02 18:01:20,730 749 INFO wave4_premig_kyc_clean odoo.modules.loading: loading crm/data/crm_recurring_plan_data.xml 
2026-09-02 18:01:20,741 749 INFO wave4_premig_kyc_clean odoo.modules.loading: loading crm/data/crm_tour.xml 
2026-09-02 18:01:20,746 749 INFO wave4_premig_kyc_clean odoo.modules.loading: loading crm/wizard/crm_lead_lost_views.xml 
2026-09-02 18:01:20,763 749 INFO wave4_premig_kyc_clean odoo.modules.loading: loading crm/wizard/crm_lead_to_opportunity_views.xml 
2026-09-02 18:01:20,784 749 INFO wave4_premig_kyc_clean odoo.modules.loading: loading crm/wizard/crm_lead_to_opportunity_mass_views.xml 
2026-09-02 18:01:20,807 749 INFO wave4_premig_kyc_clean odoo.modules.loading: loading crm/wizard/crm_merge_opportunities_views.xml 
2026-09-02 18:01:20,826 749 INFO wave4_premig_kyc_clean odoo.modules.loading: loading crm/wizard/crm_lead_pls_update_views.xml 
2026-09-02 18:01:20,839 749 INFO wave4_premig_kyc_clean odoo.modules.loading: loading crm/views/calendar_views.xml 
2026-09-02 18:01:20,854 749 INFO wave4_premig_kyc_clean odoo.modules.loading: loading crm/views/crm_recurring_plan_views.xml 
2026-09-02 18:01:20,873 749 INFO wave4_premig_kyc_clean odoo.modules.loading: loading crm/views/crm_lost_reason_views.xml 
2026-09-02 18:01:20,901 749 INFO wave4_premig_kyc_clean odoo.modules.loading: loading crm/views/crm_stage_views.xml 
2026-09-02 18:01:20,924 749 INFO wave4_premig_kyc_clean odoo.modules.loading: loading crm/views/crm_lead_views.xml 
2026-09-02 18:01:21,199 749 INFO wave4_premig_kyc_clean odoo.modules.loading: loading crm/views/crm_team_member_views.xml 
2026-09-02 18:01:21,262 749 INFO wave4_premig_kyc_clean odoo.modules.loading: loading crm/views/digest_views.xml 
2026-09-02 18:01:21,283 749 INFO wave4_premig_kyc_clean odoo.modules.loading: loading crm/views/mail_activity_plan_views.xml 
2026-09-02 18:01:21,292 749 INFO wave4_premig_kyc_clean odoo.modules.loading: loading crm/views/mail_activity_views.xml 
2026-09-02 18:01:21,301 749 INFO wave4_premig_kyc_clean odoo.modules.loading: loading crm/views/res_config_settings_views.xml 
2026-09-02 18:01:21,333 749 INFO wave4_premig_kyc_clean odoo.modules.loading: loading crm/views/res_partner_views.xml 
2026-09-02 18:01:21,351 749 INFO wave4_premig_kyc_clean odoo.modules.loading: loading crm/views/utm_campaign_views.xml 
2026-09-02 18:01:21,372 749 INFO wave4_premig_kyc_clean odoo.modules.loading: loading crm/report/crm_activity_report_views.xml 
2026-09-02 18:01:21,403 749 INFO wave4_premig_kyc_clean odoo.modules.loading: loading crm/report/crm_opportunity_report_views.xml 
2026-09-02 18:01:21,475 749 INFO wave4_premig_kyc_clean odoo.modules.loading: loading crm/views/crm_team_views.xml 
2026-09-02 18:01:21,544 749 INFO wave4_premig_kyc_clean odoo.modules.loading: loading crm/views/crm_menu_views.xml 
2026-09-02 18:01:21,685 749 INFO wave4_premig_kyc_clean odoo.modules.loading: loading crm/views/crm_helper_templates.xml 
2026-09-02 18:01:21,745 749 INFO wave4_premig_kyc_clean odoo.modules.loading: Module crm loaded in 2.32s, 1989 queries (+1989 other) 
2026-09-02 18:01:21,745 749 INFO wave4_premig_kyc_clean odoo.modules.loading: Loading module website (44/53) 
2026-09-02 18:01:21,948 749 INFO wave4_premig_kyc_clean odoo.registry: module website: creating or updating database tables 
2026-09-02 18:01:22,148 749 INFO wave4_premig_kyc_clean odoo.models: Prepare computation of ir.ui.view.is_seo_optimized 
2026-09-02 18:01:22,160 749 INFO wave4_premig_kyc_clean odoo.models: Prepare computation of res.company.website_id 
2026-09-02 18:01:24,417 749 INFO wave4_premig_kyc_clean odoo.modules.loading: loading website/security/website_security.xml 
2026-09-02 18:01:24,561 749 INFO wave4_premig_kyc_clean odoo.modules.loading: loading website/security/ir.model.access.csv 
2026-09-02 18:01:24,598 749 INFO wave4_premig_kyc_clean odoo.modules.loading: loading website/data/image_library.xml 
2026-09-02 18:01:25,090 749 INFO wave4_premig_kyc_clean odoo.modules.loading: loading website/data/ir_asset.xml 
2026-09-02 18:01:25,103 749 INFO wave4_premig_kyc_clean odoo.modules.loading: loading website/data/ir_cron_data.xml 
2026-09-02 18:01:25,148 749 INFO wave4_premig_kyc_clean odoo.modules.loading: loading website/data/mail_mail_data.xml 
2026-09-02 18:01:25,158 749 INFO wave4_premig_kyc_clean odoo.modules.loading: loading website/data/website_data.xml 
2026-09-02 18:01:25,336 749 INFO wave4_premig_kyc_clean odoo.modules.loading: loading website/data/website_visitor_cron.xml 
2026-09-02 18:01:25,355 749 INFO wave4_premig_kyc_clean odoo.modules.loading: loading website/data/digest_data.xml 
2026-09-02 18:01:25,370 749 INFO wave4_premig_kyc_clean odoo.modules.loading: loading website/views/website_technical_views.xml 
2026-09-02 18:01:25,387 749 INFO wave4_premig_kyc_clean odoo.modules.loading: loading website/views/website_templates.xml 
2026-09-02 18:01:26,939 749 INFO wave4_premig_kyc_clean odoo.modules.loading: loading website/views/snippets/snippets.xml 
2026-09-02 18:01:26,985 749 INFO wave4_premig_kyc_clean odoo.modules.loading: loading website/views/snippets/s_announcement_scroll.xml 
2026-09-02 18:01:26,995 749 INFO wave4_premig_kyc_clean odoo.modules.loading: loading website/views/snippets/s_framed_intro.xml 
2026-09-02 18:01:27,006 749 INFO wave4_premig_kyc_clean odoo.modules.loading: loading website/views/snippets/s_title.xml 
2026-09-02 18:01:27,018 749 INFO wave4_premig_kyc_clean odoo.modules.loading: loading website/views/snippets/s_cover.xml 
2026-09-02 18:01:27,028 749 INFO wave4_premig_kyc_clean odoo.modules.loading: loading website/views/snippets/s_text_cover.xml 
2026-09-02 18:01:27,043 749 INFO wave4_premig_kyc_clean odoo.modules.loading: loading website/views/snippets/s_image_text_box.xml 
2026-09-02 18:01:27,054 749 INFO wave4_premig_kyc_clean odoo.modules.loading: loading website/views/snippets/s_striped_top.xml 
2026-09-02 18:01:27,066 749 INFO wave4_premig_kyc_clean odoo.modules.loading: loading website/views/snippets/s_text_image.xml 
2026-09-02 18:01:27,075 749 INFO wave4_premig_kyc_clean odoo.modules.loading: loading website/views/snippets/s_image_text.xml 
2026-09-02 18:01:27,084 749 INFO wave4_premig_kyc_clean odoo.modules.loading: loading website/views/snippets/s_mockup_image.xml 
2026-09-02 18:01:27,093 749 INFO wave4_premig_kyc_clean odoo.modules.loading: loading website/views/snippets/s_instagram_page.xml 
2026-09-02 18:01:27,104 749 INFO wave4_premig_kyc_clean odoo.modules.loading: loading website/views/snippets/s_image_text_overlap.xml 
2026-09-02 18:01:27,114 749 INFO wave4_premig_kyc_clean odoo.modules.loading: loading website/views/snippets/s_banner.xml 
2026-09-02 18:01:27,125 749 INFO wave4_premig_kyc_clean odoo.modules.loading: loading website/views/snippets/s_bento_block.xml 
2026-09-02 18:01:27,138 749 INFO wave4_premig_kyc_clean odoo.modules.loading: loading website/views/snippets/s_snippet_group.xml 
2026-09-02 18:01:27,145 749 INFO wave4_premig_kyc_clean odoo.modules.loading: loading website/views/snippets/s_text_block.xml 
2026-09-02 18:01:27,153 749 INFO wave4_premig_kyc_clean odoo.modules.loading: loading website/views/snippets/s_features.xml 
2026-09-02 18:01:27,165 749 INFO wave4_premig_kyc_clean odoo.modules.loading: loading website/views/snippets/s_features_wall.xml 
2026-09-02 18:01:27,174 749 INFO wave4_premig_kyc_clean odoo.modules.loading: loading website/views/snippets/s_three_columns.xml 
2026-09-02 18:01:27,185 749 INFO wave4_premig_kyc_clean odoo.modules.loading: loading website/views/snippets/s_key_benefits.xml 
2026-09-02 18:01:27,194 749 INFO wave4_premig_kyc_clean odoo.modules.loading: loading website/views/snippets/s_picture.xml 
2026-09-02 18:01:27,205 749 INFO wave4_premig_kyc_clean odoo.modules.loading: loading website/views/snippets/s_image_punchy.xml 
2026-09-02 18:01:27,214 749 INFO wave4_premig_kyc_clean odoo.modules.loading: loading website/views/snippets/s_bento_grid.xml 
2026-09-02 18:01:27,226 749 INFO wave4_premig_kyc_clean odoo.modules.loading: loading website/views/snippets/s_carousel.xml 
2026-09-02 18:01:27,243 749 INFO wave4_premig_kyc_clean odoo.modules.loading: loading website/views/snippets/s_carousel_intro.xml 
2026-09-02 18:01:27,258 749 INFO wave4_premig_kyc_clean odoo.modules.loading: loading website/views/snippets/s_carousel_cards.xml 
2026-09-02 18:01:27,272 749 INFO wave4_premig_kyc_clean odoo.modules.loading: loading website/views/snippets/s_alert.xml 
2026-09-02 18:01:27,287 749 INFO wave4_premig_kyc_clean odoo.modules.loading: loading website/views/snippets/s_motto.xml 
2026-09-02 18:01:27,299 749 INFO wave4_premig_kyc_clean odoo.modules.loading: loading website/views/snippets/s_card.xml 
2026-09-02 18:01:27,312 749 INFO wave4_premig_kyc_clean odoo.modules.loading: loading website/views/snippets/s_cards_grid.xml 
2026-09-02 18:01:27,322 749 INFO wave4_premig_kyc_clean odoo.modules.loading: loading website/views/snippets/s_cards_soft.xml 
2026-09-02 18:01:27,332 749 INFO wave4_premig_kyc_clean odoo.modules.loading: loading website/views/snippets/s_share.xml 
2026-09-02 18:01:27,342 749 INFO wave4_premig_kyc_clean odoo.modules.loading: loading website/views/snippets/s_social_media.xml 
2026-09-02 18:01:27,353 749 INFO wave4_premig_kyc_clean odoo.modules.loading: loading website/views/snippets/s_rating.xml 
2026-09-02 18:01:27,369 749 INFO wave4_premig_kyc_clean odoo.modules.loading: loading website/views/snippets/s_hr.xml 
2026-09-02 18:01:27,379 749 INFO wave4_premig_kyc_clean odoo.modules.loading: loading website/views/snippets/s_closer_look.xml 
2026-09-02 18:01:27,388 749 INFO wave4_premig_kyc_clean odoo.modules.loading: loading website/views/snippets/s_facebook_page.xml 
2026-09-02 18:01:27,399 749 INFO wave4_premig_kyc_clean odoo.modules.loading: loading website/views/snippets/s_image_gallery.xml 
2026-09-02 18:01:27,426 749 INFO wave4_premig_kyc_clean odoo.modules.loading: loading website/views/snippets/s_countdown.xml 
2026-09-02 18:01:27,439 749 INFO wave4_premig_kyc_clean odoo.modules.loading: loading website/views/snippets/s_product_catalog.xml 
2026-09-02 18:01:27,458 749 INFO wave4_premig_kyc_clean odoo.modules.loading: loading website/views/snippets/s_comparisons.xml 
2026-09-02 18:01:27,479 749 INFO wave4_premig_kyc_clean odoo.modules.loading: loading website/views/snippets/s_comparisons_horizontal.xml 
2026-09-02 18:01:27,491 749 INFO wave4_premig_kyc_clean odoo.modules.loading: loading website/views/snippets/s_company_team.xml 
2026-09-02 18:01:27,505 749 INFO wave4_premig_kyc_clean odoo.modules.loading: loading website/views/snippets/s_company_team_basic.xml 
2026-09-02 18:01:27,517 749 INFO wave4_premig_kyc_clean odoo.modules.loading: loading website/views/snippets/s_company_team_shapes.xml 
2026-09-02 18:01:27,526 749 INFO wave4_premig_kyc_clean odoo.modules.loading: loading website/views/snippets/s_company_team_detail.xml 
2026-09-02 18:01:27,542 749 INFO wave4_premig_kyc_clean odoo.modules.loading: loading website/views/snippets/s_company_team_spotlight.xml 
2026-09-02 18:01:27,552 749 INFO wave4_premig_kyc_clean odoo.modules.loading: loading website/views/snippets/s_company_team_grid.xml 
2026-09-02 18:01:27,563 749 INFO wave4_premig_kyc_clean odoo.modules.loading: loading website/views/snippets/s_company_team_card.xml 
2026-09-02 18:01:27,574 749 INFO wave4_premig_kyc_clean odoo.modules.loading: loading website/views/snippets/s_call_to_action.xml 
2026-09-02 18:01:27,583 749 INFO wave4_premig_kyc_clean odoo.modules.loading: loading website/views/snippets/s_references.xml 
2026-09-02 18:01:27,600 749 INFO wave4_premig_kyc_clean odoo.modules.loading: loading website/views/snippets/s_references_social.xml 
2026-09-02 18:01:27,617 749 INFO wave4_premig_kyc_clean odoo.modules.loading: loading website/views/snippets/s_references_grid.xml 
2026-09-02 18:01:27,631 749 INFO wave4_premig_kyc_clean odoo.modules.loading: loading website/views/snippets/s_popup.xml 
2026-09-02 18:01:27,651 749 INFO wave4_premig_kyc_clean odoo.modules.loading: loading website/views/snippets/s_faq_list.xml 
2026-09-02 18:01:27,665 749 INFO wave4_premig_kyc_clean odoo.modules.loading: loading website/views/snippets/s_faq_collapse.xml 
2026-09-02 18:01:27,678 749 INFO wave4_premig_kyc_clean odoo.modules.loading: loading website/views/snippets/s_features_grid.xml 
2026-09-02 18:01:27,695 749 INFO wave4_premig_kyc_clean odoo.modules.loading: loading website/views/snippets/s_features_wave.xml 
2026-09-02 18:01:27,707 749 INFO wave4_premig_kyc_clean odoo.modules.loading: loading website/views/snippets/s_tabs.xml 
2026-09-02 18:01:27,749 749 INFO wave4_premig_kyc_clean odoo.modules.loading: loading website/views/snippets/s_tabs_images.xml 
2026-09-02 18:01:27,777 749 INFO wave4_premig_kyc_clean odoo.modules.loading: loading website/views/snippets/s_table_of_content.xml 
2026-09-02 18:01:27,809 749 INFO wave4_premig_kyc_clean odoo.modules.loading: loading website/views/snippets/s_images_constellation.xml 
2026-09-02 18:01:27,829 749 INFO wave4_premig_kyc_clean odoo.modules.loading: loading website/views/snippets/s_chart.xml 
2026-09-02 18:01:27,844 749 INFO wave4_premig_kyc_clean odoo.modules.loading: loading website/views/snippets/s_parallax.xml 
2026-09-02 18:01:27,857 749 INFO wave4_premig_kyc_clean odoo.modules.loading: loading website/views/snippets/s_quotes_carousel.xml 
2026-09-02 18:01:27,888 749 INFO wave4_premig_kyc_clean odoo.modules.loading: loading website/views/snippets/s_numbers_grid.xml 
2026-09-02 18:01:27,906 749 INFO wave4_premig_kyc_clean odoo.modules.loading: loading website/views/snippets/s_quotes_carousel_minimal.xml 
2026-09-02 18:01:27,920 749 INFO wave4_premig_kyc_clean odoo.modules.loading: loading website/views/snippets/s_quotes_carousel_compact.xml 
2026-09-02 18:01:27,937 749 INFO wave4_premig_kyc_clean odoo.modules.loading: loading website/views/snippets/s_numbers.xml 
2026-09-02 18:01:27,953 749 INFO wave4_premig_kyc_clean odoo.modules.loading: loading website/views/snippets/s_contact_info.xml 
2026-09-02 18:01:27,963 749 INFO wave4_premig_kyc_clean odoo.modules.loading: loading website/views/snippets/s_numbers_boxed.xml 
2026-09-02 18:01:27,972 749 INFO wave4_premig_kyc_clean odoo.modules.loading: loading website/views/snippets/s_cta_box.xml 
2026-09-02 18:01:27,980 749 INFO wave4_premig_kyc_clean odoo.modules.loading: loading website/views/snippets/s_numbers_framed.xml 
2026-09-02 18:01:27,988 749 INFO wave4_premig_kyc_clean odoo.modules.loading: loading website/views/snippets/s_masonry_block.xml 
2026-09-02 18:01:28,041 749 INFO wave4_premig_kyc_clean odoo.modules.loading: loading website/views/snippets/s_sidegrid.xml 
2026-09-02 18:01:28,053 749 INFO wave4_premig_kyc_clean odoo.modules.loading: loading website/views/snippets/s_media_list.xml 
2026-09-02 18:01:28,071 749 INFO wave4_premig_kyc_clean odoo.modules.loading: loading website/views/snippets/s_showcase.xml 
2026-09-02 18:01:28,090 749 INFO wave4_premig_kyc_clean odoo.modules.loading: loading website/views/snippets/s_faq_horizontal.xml 
2026-09-02 18:01:28,104 749 INFO wave4_premig_kyc_clean odoo.modules.loading: loading website/views/snippets/s_floating_blocks.xml 
2026-09-02 18:01:28,117 749 INFO wave4_premig_kyc_clean odoo.modules.loading: loading website/views/snippets/s_opening_hours.xml 
2026-09-02 18:01:28,128 749 INFO wave4_premig_kyc_clean odoo.modules.loading: loading website/views/snippets/s_timeline.xml 
2026-09-02 18:01:28,145 749 INFO wave4_premig_kyc_clean odoo.modules.loading: loading website/views/snippets/s_timeline_images.xml 
2026-09-02 18:01:28,154 749 INFO wave4_premig_kyc_clean odoo.modules.loading: loading website/views/snippets/s_timeline_list.xml 
2026-09-02 18:01:28,167 749 INFO wave4_premig_kyc_clean odoo.modules.loading: loading website/views/snippets/s_process_steps.xml 
2026-09-02 18:01:28,184 749 INFO wave4_premig_kyc_clean odoo.modules.loading: loading website/views/snippets/s_accordion.xml 
2026-09-02 18:01:28,194 749 INFO wave4_premig_kyc_clean odoo.modules.loading: loading website/views/snippets/s_website_form_info.xml 
2026-09-02 18:01:28,206 749 INFO wave4_premig_kyc_clean odoo.modules.loading: loading website/views/snippets/s_numbers_showcase.xml 
2026-09-02 18:01:28,219 749 INFO wave4_premig_kyc_clean odoo.modules.loading: loading website/views/snippets/s_numbers_charts.xml 
2026-09-02 18:01:28,235 749 INFO wave4_premig_kyc_clean odoo.modules.loading: loading website/views/snippets/s_accordion_image.xml 
2026-09-02 18:01:28,247 749 INFO wave4_premig_kyc_clean odoo.modules.loading: loading website/views/snippets/s_pricelist_boxed.xml 
2026-09-02 18:01:28,265 749 INFO wave4_premig_kyc_clean odoo.modules.loading: loading website/views/snippets/s_adventure.xml 
2026-09-02 18:01:28,273 749 INFO wave4_premig_kyc_clean odoo.modules.loading: loading website/views/snippets/s_image_title.xml 
2026-09-02 18:01:28,283 749 INFO wave4_premig_kyc_clean odoo.modules.loading: loading website/views/snippets/s_key_images.xml 
2026-09-02 18:01:28,293 749 INFO wave4_premig_kyc_clean odoo.modules.loading: loading website/views/snippets/s_kickoff.xml 
2026-09-02 18:01:28,302 749 INFO wave4_premig_kyc_clean odoo.modules.loading: loading website/views/snippets/s_discovery.xml 
2026-09-02 18:01:28,312 749 INFO wave4_premig_kyc_clean odoo.modules.loading: loading website/views/snippets/s_bento_banner.xml 
2026-09-02 18:01:28,320 749 INFO wave4_premig_kyc_clean odoo.modules.loading: loading website/views/snippets/s_striped.xml 
2026-09-02 18:01:28,330 749 INFO wave4_premig_kyc_clean odoo.modules.loading: loading website/views/snippets/s_intro_pill.xml 
2026-09-02 18:01:28,338 749 INFO wave4_premig_kyc_clean odoo.modules.loading: loading website/views/snippets/s_big_number.xml 
2026-09-02 18:01:28,348 749 INFO wave4_premig_kyc_clean odoo.modules.loading: loading website/views/snippets/s_wavy_grid.xml 
2026-09-02 18:01:28,357 749 INFO wave4_premig_kyc_clean odoo.modules.loading: loading website/views/snippets/s_images_mosaic.xml 
2026-09-02 18:01:28,366 749 INFO wave4_premig_kyc_clean odoo.modules.loading: loading website/views/snippets/s_shape_image.xml 
2026-09-02 18:01:28,375 749 INFO wave4_premig_kyc_clean odoo.modules.loading: loading website/views/snippets/s_empowerment.xml 
2026-09-02 18:01:28,384 749 INFO wave4_premig_kyc_clean odoo.modules.loading: loading website/views/snippets/s_split_intro.xml 
2026-09-02 18:01:28,393 749 INFO wave4_premig_kyc_clean odoo.modules.loading: loading website/views/snippets/s_text_highlight.xml 
2026-09-02 18:01:28,405 749 INFO wave4_premig_kyc_clean odoo.modules.loading: loading website/views/snippets/s_pricelist_cafe.xml 
2026-09-02 18:01:28,422 749 INFO wave4_premig_kyc_clean odoo.modules.loading: loading website/views/snippets/s_progress_bar.xml 
2026-09-02 18:01:28,434 749 INFO wave4_premig_kyc_clean odoo.modules.loading: loading website/views/snippets/s_blockquote.xml 
2026-09-02 18:01:28,448 749 INFO wave4_premig_kyc_clean odoo.modules.loading: loading website/views/snippets/s_badge.xml 
2026-09-02 18:01:28,462 749 INFO wave4_premig_kyc_clean odoo.modules.loading: loading website/views/snippets/s_color_blocks_2.xml 
2026-09-02 18:01:28,474 749 INFO wave4_premig_kyc_clean odoo.modules.loading: loading website/views/snippets/s_attributes_horizontal.xml 
2026-09-02 18:01:28,486 749 INFO wave4_premig_kyc_clean odoo.modules.loading: loading website/views/snippets/s_attributes_vertical.xml 
2026-09-02 18:01:28,500 749 INFO wave4_premig_kyc_clean odoo.modules.loading: loading website/views/snippets/s_product_list.xml 
2026-09-02 18:01:28,521 749 INFO wave4_premig_kyc_clean odoo.modules.loading: loading website/views/snippets/s_mega_menu_multi_menus.xml 
2026-09-02 18:01:28,534 749 INFO wave4_premig_kyc_clean odoo.modules.loading: loading website/views/snippets/s_mega_menu_menu_image_menu.xml 
2026-09-02 18:01:28,546 749 INFO wave4_premig_kyc_clean odoo.modules.loading: loading website/views/snippets/s_mega_menu_thumbnails.xml 
2026-09-02 18:01:28,563 749 INFO wave4_premig_kyc_clean odoo.modules.loading: loading website/views/snippets/s_mega_menu_little_icons.xml 
2026-09-02 18:01:28,576 749 INFO wave4_premig_kyc_clean odoo.modules.loading: loading website/views/snippets/s_mega_menu_images_subtitles.xml 
2026-09-02 18:01:28,593 749 INFO wave4_premig_kyc_clean odoo.modules.loading: loading website/views/snippets/s_mega_menu_menus_logos.xml 
2026-09-02 18:01:28,615 749 INFO wave4_premig_kyc_clean odoo.modules.loading: loading website/views/snippets/s_mega_menu_odoo_menu.xml 
2026-09-02 18:01:28,640 749 INFO wave4_premig_kyc_clean odoo.modules.loading: loading website/views/snippets/s_mega_menu_big_icons_subtitles.xml 
2026-09-02 18:01:28,666 749 INFO wave4_premig_kyc_clean odoo.modules.loading: loading website/views/snippets/s_mega_menu_cards.xml 
2026-09-02 18:01:28,691 749 INFO wave4_premig_kyc_clean odoo.modules.loading: loading website/views/snippets/s_google_map.xml 
2026-09-02 18:01:28,703 749 INFO wave4_premig_kyc_clean odoo.modules.loading: loading website/views/snippets/s_cta_mockups.xml 
2026-09-02 18:01:28,714 749 INFO wave4_premig_kyc_clean odoo.modules.loading: loading website/views/snippets/s_map.xml 
2026-09-02 18:01:28,725 749 INFO wave4_premig_kyc_clean odoo.modules.loading: loading website/views/snippets/s_dynamic_snippet.xml 
2026-09-02 18:01:28,747 749 INFO wave4_premig_kyc_clean odoo.modules.loading: loading website/views/snippets/s_dynamic_snippet_carousel.xml 
2026-09-02 18:01:28,759 749 INFO wave4_premig_kyc_clean odoo.modules.loading: loading website/views/snippets/s_banner_product.xml 
2026-09-02 18:01:28,769 749 INFO wave4_premig_kyc_clean odoo.modules.loading: loading website/views/snippets/s_embed_code.xml 
2026-09-02 18:01:28,780 749 INFO wave4_premig_kyc_clean odoo.modules.loading: loading website/views/snippets/s_website_form.xml 
2026-09-02 18:01:28,800 749 INFO wave4_premig_kyc_clean odoo.modules.loading: loading website/views/snippets/s_website_form_overlay.xml 
2026-09-02 18:01:28,810 749 INFO wave4_premig_kyc_clean odoo.modules.loading: loading website/views/snippets/s_title_form.xml 
2026-09-02 18:01:28,818 749 INFO wave4_premig_kyc_clean odoo.modules.loading: loading website/views/snippets/s_searchbar.xml 
2026-09-02 18:01:28,838 749 INFO wave4_premig_kyc_clean odoo.modules.loading: loading website/views/snippets/s_inline_text.xml 
2026-09-02 18:01:28,851 749 INFO wave4_premig_kyc_clean odoo.modules.loading: loading website/views/snippets/s_button.xml 
2026-09-02 18:01:28,865 749 INFO wave4_premig_kyc_clean odoo.modules.loading: loading website/views/snippets/s_freegrid.xml 
2026-09-02 18:01:28,881 749 INFO wave4_premig_kyc_clean odoo.modules.loading: loading website/views/snippets/s_card_offset.xml 
2026-09-02 18:01:28,897 749 INFO wave4_premig_kyc_clean odoo.modules.loading: loading website/views/snippets/s_image.xml 
2026-09-02 18:01:28,905 749 INFO wave4_premig_kyc_clean odoo.modules.loading: loading website/views/snippets/s_video.xml 
2026-09-02 18:01:28,913 749 INFO wave4_premig_kyc_clean odoo.modules.loading: loading website/views/snippets/s_cta_badge.xml 
2026-09-02 18:01:28,921 749 INFO wave4_premig_kyc_clean odoo.modules.loading: loading website/views/snippets/s_unveil.xml 
2026-09-02 18:01:28,935 749 INFO wave4_premig_kyc_clean odoo.modules.loading: loading website/views/snippets/s_image_hexagonal.xml 
2026-09-02 18:01:28,946 749 INFO wave4_premig_kyc_clean odoo.modules.loading: loading website/views/snippets/s_striped_center_top.xml 
2026-09-02 18:01:28,955 749 INFO wave4_premig_kyc_clean odoo.modules.loading: loading website/views/snippets/s_numbers_list.xml 
2026-09-02 18:01:28,965 749 INFO wave4_premig_kyc_clean odoo.modules.loading: loading website/views/snippets/s_quadrant.xml 
2026-09-02 18:01:28,977 749 INFO wave4_premig_kyc_clean odoo.modules.loading: loading website/views/snippets/s_cta_card.xml 
2026-09-02 18:01:28,986 749 INFO wave4_premig_kyc_clean odoo.modules.loading: loading website/views/snippets/s_image_frame.xml 
2026-09-02 18:01:28,995 749 INFO wave4_premig_kyc_clean odoo.modules.loading: loading website/views/snippets/s_cta_mobile.xml 
2026-09-02 18:01:29,005 749 INFO wave4_premig_kyc_clean odoo.modules.loading: loading website/views/snippets/s_reviews_wall.xml 
2026-09-02 18:01:29,021 749 INFO wave4_premig_kyc_clean odoo.modules.loading: loading website/views/snippets/s_website_form_cover.xml 
2026-09-02 18:01:29,035 749 INFO wave4_premig_kyc_clean odoo.modules.loading: loading website/views/snippets/s_form_aside.xml 
2026-09-02 18:01:29,046 749 INFO wave4_premig_kyc_clean odoo.modules.loading: loading website/views/snippets/s_banner_connected.xml 
2026-09-02 18:01:29,056 749 INFO wave4_premig_kyc_clean odoo.modules.loading: loading website/views/snippets/s_ecomm_categories_showcase.xml 
2026-09-02 18:01:29,072 749 INFO wave4_premig_kyc_clean odoo.modules.loading: loading website/views/snippets/s_banner_categories.xml 
2026-09-02 18:01:29,087 749 INFO wave4_premig_kyc_clean odoo.modules.loading: loading website/views/new_page_template_templates.xml 
2026-09-02 18:01:30,873 749 INFO wave4_premig_kyc_clean odoo.addons.website.models.ir_module_module: Generated 227 primary snippet templates for 'website' 
2026-09-02 18:01:30,962 749 INFO wave4_premig_kyc_clean odoo.addons.website.models.ir_module_module: Generated 39 primary page templates for 'website' 
2026-09-02 18:01:30,963 749 INFO wave4_premig_kyc_clean odoo.modules.loading: loading website/views/website_views.xml 
2026-09-02 18:01:31,191 749 INFO wave4_premig_kyc_clean odoo.modules.loading: loading website/views/website_pages_views.xml 
2026-09-02 18:01:31,284 749 INFO wave4_premig_kyc_clean odoo.modules.loading: loading website/views/website_controller_pages_views.xml 
2026-09-02 18:01:31,327 749 INFO wave4_premig_kyc_clean odoo.modules.loading: loading website/views/website_visitor_views.xml 
2026-09-02 18:01:31,442 749 INFO wave4_premig_kyc_clean odoo.modules.loading: loading website/views/res_config_settings_views.xml 
2026-09-02 18:01:31,540 749 INFO wave4_premig_kyc_clean odoo.modules.loading: loading website/views/website_rewrite.xml 
2026-09-02 18:01:31,578 749 INFO wave4_premig_kyc_clean odoo.modules.loading: loading website/views/ir_actions_server_views.xml 
2026-09-02 18:01:31,614 749 INFO wave4_premig_kyc_clean odoo.modules.loading: loading website/views/ir_asset_views.xml 
2026-09-02 18:01:31,645 749 INFO wave4_premig_kyc_clean odoo.modules.loading: loading website/views/ir_attachment_views.xml 
2026-09-02 18:01:31,674 749 INFO wave4_premig_kyc_clean odoo.modules.loading: loading website/views/ir_model_views.xml 
2026-09-02 18:01:31,727 749 INFO wave4_premig_kyc_clean odoo.modules.loading: loading website/views/res_partner_views.xml 
2026-09-02 18:01:31,749 749 INFO wave4_premig_kyc_clean odoo.modules.loading: loading website/views/neutralize_views.xml 
2026-09-02 18:01:31,765 749 INFO wave4_premig_kyc_clean odoo.modules.loading: loading website/wizard/base_language_install_views.xml 
2026-09-02 18:01:31,780 749 INFO wave4_premig_kyc_clean odoo.modules.loading: loading website/wizard/blocked_third_party_domains.xml 
2026-09-02 18:01:31,791 749 INFO wave4_premig_kyc_clean odoo.modules.loading: loading website/wizard/website_robots.xml 
2026-09-02 18:01:31,802 749 INFO wave4_premig_kyc_clean odoo.modules.loading: loading website/data/update_theme_images.xml 
2026-09-02 18:01:31,870 749 INFO wave4_premig_kyc_clean odoo.modules.loading: loading website/views/website_templates_svg.xml 
2026-09-02 18:01:32,022 749 INFO wave4_premig_kyc_clean odoo.modules.loading: Module website loaded in 10.28s, 7869 queries (+7869 other) 
2026-09-02 18:01:32,023 749 INFO wave4_premig_kyc_clean odoo.modules.loading: Loading module crm_sms (45/53) 
2026-09-02 18:01:32,042 749 INFO wave4_premig_kyc_clean odoo.modules.loading: loading crm_sms/views/crm_lead_views.xml 
2026-09-02 18:01:32,113 749 INFO wave4_premig_kyc_clean odoo.modules.loading: loading crm_sms/security/ir.model.access.csv 
2026-09-02 18:01:32,122 749 INFO wave4_premig_kyc_clean odoo.modules.loading: loading crm_sms/security/sms_security.xml 
2026-09-02 18:01:32,146 749 INFO wave4_premig_kyc_clean odoo.modules.loading: Module crm_sms loaded in 0.12s, 87 queries (+87 other) 
2026-09-02 18:01:32,146 749 INFO wave4_premig_kyc_clean odoo.modules.loading: Loading module iap_crm (46/53) 
2026-09-02 18:01:32,162 749 INFO wave4_premig_kyc_clean odoo.registry: module iap_crm: creating or updating database tables 
2026-09-02 18:01:32,246 749 INFO wave4_premig_kyc_clean odoo.modules.loading: Module iap_crm loaded in 0.10s, 68 queries (+68 other) 
2026-09-02 18:01:32,246 749 INFO wave4_premig_kyc_clean odoo.modules.loading: Loading module kyc_management (47/53) 
2026-09-02 18:01:32,577 749 WARNING wave4_premig_kyc_clean odoo.registry: Model attribute '_sql_constraints' is no longer supported, please define models.Constraint on the model. 
2026-09-02 18:01:32,607 749 INFO wave4_premig_kyc_clean odoo.registry: module kyc_management: creating or updating database tables 
2026-09-02 18:01:32,715 749 INFO wave4_premig_kyc_clean odoo.models: Prepare computation of res.partner.x_is_pep 
<string>:8: (WARNING/2) Line block ends without a blank line.
<string>:8: (ERROR/3) Undefined substitution referenced: "-------".
2026-09-02 18:01:33,265 749 INFO wave4_premig_kyc_clean odoo.modules.loading: loading kyc_management/security/groups.xml 
2026-09-02 18:01:33,305 749 INFO wave4_premig_kyc_clean odoo.modules.loading: loading kyc_management/security/ir.model.access.csv 
2026-09-02 18:01:33,330 749 INFO wave4_premig_kyc_clean odoo.modules.loading: loading kyc_management/security/ir_rules.xml 
2026-09-02 18:01:33,348 749 INFO wave4_premig_kyc_clean odoo.modules.loading: loading kyc_management/data/legacy_security_compat.xml 
2026-09-02 18:01:33,355 749 INFO wave4_premig_kyc_clean odoo.modules.loading: loading kyc_management/data/crm_data.xml 
2026-09-02 18:01:33,377 749 INFO wave4_premig_kyc_clean odoo.modules.loading: loading kyc_management/reports/kyc_application_report.xml 
2026-09-02 18:01:33,417 749 INFO wave4_premig_kyc_clean odoo.modules.loading: loading kyc_management/reports/kyc_approvals_summary_report.xml 
2026-09-02 18:01:33,453 749 INFO wave4_premig_kyc_clean odoo.modules.loading: loading kyc_management/wizard/kyc_wizard_views.xml 
2026-09-02 18:01:33,506 749 INFO wave4_premig_kyc_clean odoo.modules.loading: loading kyc_management/views/kyc_application_views.xml 
2026-09-02 18:01:33,575 749 INFO wave4_premig_kyc_clean odoo.modules.loading: loading kyc_management/views/kyc_approval_views.xml 
2026-09-02 18:01:33,643 749 INFO wave4_premig_kyc_clean odoo.modules.loading: loading kyc_management/views/kyc_notification_views.xml 
2026-09-02 18:01:33,709 749 INFO wave4_premig_kyc_clean odoo.modules.loading: loading kyc_management/views/kyc_menu.xml 
2026-09-02 18:01:33,869 749 INFO wave4_premig_kyc_clean odoo.modules.loading: loading kyc_management/views/portal_kyc_templates.xml 
2026-09-02 18:01:34,110 749 INFO wave4_premig_kyc_clean odoo.modules.loading: Module kyc_management loaded in 1.86s, 993 queries (+993 other) 
2026-09-02 18:01:34,110 749 INFO wave4_premig_kyc_clean odoo.modules.loading: Loading module website_crm (48/53) 
2026-09-02 18:01:34,128 749 INFO wave4_premig_kyc_clean odoo.registry: module website_crm: creating or updating database tables 
2026-09-02 18:01:34,237 749 INFO wave4_premig_kyc_clean odoo.modules.loading: loading website_crm/security/ir.model.access.csv 
2026-09-02 18:01:34,249 749 INFO wave4_premig_kyc_clean odoo.modules.loading: loading website_crm/data/crm_lead_merge_template.xml 
2026-09-02 18:01:34,265 749 INFO wave4_premig_kyc_clean odoo.modules.loading: loading website_crm/data/ir_actions_data.xml 
2026-09-02 18:01:34,277 749 INFO wave4_premig_kyc_clean odoo.modules.loading: loading website_crm/data/ir_model_data.xml 
2026-09-02 18:01:34,291 749 INFO wave4_premig_kyc_clean odoo.modules.loading: loading website_crm/views/crm_lead_views.xml 
2026-09-02 18:01:34,313 749 INFO wave4_premig_kyc_clean odoo.modules.loading: loading website_crm/views/website_visitor_views.xml 
2026-09-02 18:01:34,362 749 INFO wave4_premig_kyc_clean odoo.modules.loading: loading website_crm/views/website_templates_contactus.xml 
2026-09-02 18:01:34,393 749 INFO wave4_premig_kyc_clean odoo.modules.loading: Module website_crm loaded in 0.28s, 228 queries (+228 other) 
2026-09-02 18:01:34,394 749 INFO wave4_premig_kyc_clean odoo.modules.loading: Loading module website_mail (49/53) 
2026-09-02 18:01:34,405 749 INFO wave4_premig_kyc_clean odoo.registry: module website_mail: creating or updating database tables 
2026-09-02 18:01:34,423 749 INFO wave4_premig_kyc_clean odoo.modules.loading: loading website_mail/views/website_mail_templates.xml 
2026-09-02 18:01:34,468 749 INFO wave4_premig_kyc_clean odoo.modules.loading: Module website_mail loaded in 0.07s, 31 queries (+31 other) 
2026-09-02 18:01:34,468 749 INFO wave4_premig_kyc_clean odoo.modules.loading: Loading module website_sms (50/53) 
2026-09-02 18:01:34,482 749 INFO wave4_premig_kyc_clean odoo.registry: module website_sms: creating or updating database tables 
2026-09-02 18:01:34,511 749 INFO wave4_premig_kyc_clean odoo.modules.loading: loading website_sms/views/website_visitor_views.xml 
2026-09-02 18:01:34,599 749 INFO wave4_premig_kyc_clean odoo.modules.loading: Module website_sms loaded in 0.13s, 76 queries (+76 other) 
2026-09-02 18:01:34,599 749 INFO wave4_premig_kyc_clean odoo.modules.loading: Loading module crm_iap_enrich (51/53) 
2026-09-02 18:01:34,616 749 INFO wave4_premig_kyc_clean odoo.registry: module crm_iap_enrich: creating or updating database tables 
2026-09-02 18:01:34,691 749 INFO wave4_premig_kyc_clean odoo.modules.loading: loading crm_iap_enrich/data/ir_cron.xml 
2026-09-02 18:01:34,732 749 INFO wave4_premig_kyc_clean odoo.modules.loading: loading crm_iap_enrich/data/ir_action.xml 
2026-09-02 18:01:34,745 749 INFO wave4_premig_kyc_clean odoo.modules.loading: loading crm_iap_enrich/data/mail_templates.xml 
2026-09-02 18:01:34,761 749 INFO wave4_premig_kyc_clean odoo.modules.loading: loading crm_iap_enrich/views/crm_lead_views.xml 
2026-09-02 18:01:34,786 749 INFO wave4_premig_kyc_clean odoo.modules.loading: loading crm_iap_enrich/views/res_config_settings_view.xml 
2026-09-02 18:01:34,850 749 INFO wave4_premig_kyc_clean odoo.modules.loading: Module crm_iap_enrich loaded in 0.25s, 171 queries (+171 other) 
2026-09-02 18:01:34,850 749 INFO wave4_premig_kyc_clean odoo.modules.loading: Loading module crm_iap_mine (52/53) 
2026-09-02 18:01:34,881 749 INFO wave4_premig_kyc_clean odoo.registry: module crm_iap_mine: creating or updating database tables 
2026-09-02 18:01:35,180 749 INFO wave4_premig_kyc_clean odoo.modules.loading: loading crm_iap_mine/data/crm.iap.lead.industry.csv 
2026-09-02 18:01:35,192 749 INFO wave4_premig_kyc_clean odoo.modules.loading: loading crm_iap_mine/data/crm.iap.lead.role.csv 
2026-09-02 18:01:35,201 749 INFO wave4_premig_kyc_clean odoo.modules.loading: loading crm_iap_mine/data/crm.iap.lead.seniority.csv 
2026-09-02 18:01:35,208 749 INFO wave4_premig_kyc_clean odoo.modules.loading: loading crm_iap_mine/data/mail_template_data.xml 
2026-09-02 18:01:35,217 749 INFO wave4_premig_kyc_clean odoo.modules.loading: loading crm_iap_mine/data/ir_sequence_data.xml 
2026-09-02 18:01:35,226 749 INFO wave4_premig_kyc_clean odoo.modules.loading: loading crm_iap_mine/security/ir.model.access.csv 
2026-09-02 18:01:35,239 749 INFO wave4_premig_kyc_clean odoo.modules.loading: loading crm_iap_mine/views/crm_lead_views.xml 
2026-09-02 18:01:35,312 749 INFO wave4_premig_kyc_clean odoo.modules.loading: loading crm_iap_mine/views/crm_iap_lead_mining_request_views.xml 
2026-09-02 18:01:35,347 749 INFO wave4_premig_kyc_clean odoo.modules.loading: loading crm_iap_mine/views/res_config_settings_views.xml 
2026-09-02 18:01:35,374 749 INFO wave4_premig_kyc_clean odoo.modules.loading: loading crm_iap_mine/views/mail_templates.xml 
2026-09-02 18:01:35,389 749 INFO wave4_premig_kyc_clean odoo.modules.loading: loading crm_iap_mine/views/crm_menus.xml 
2026-09-02 18:01:35,419 749 INFO wave4_premig_kyc_clean odoo.modules.loading: Module crm_iap_mine loaded in 0.57s, 426 queries (+426 other) 
2026-09-02 18:01:35,419 749 INFO wave4_premig_kyc_clean odoo.modules.loading: Loading module website_crm_sms (53/53) 
2026-09-02 18:01:35,433 749 INFO wave4_premig_kyc_clean odoo.registry: module website_crm_sms: creating or updating database tables 
2026-09-02 18:01:35,494 749 INFO wave4_premig_kyc_clean odoo.modules.loading: Module website_crm_sms loaded in 0.08s, 31 queries (+31 other) 
2026-09-02 18:01:35,494 749 INFO wave4_premig_kyc_clean odoo.modules.loading: 53 modules loaded in 38.00s, 31414 queries (+31415 extra) 
2026-09-02 18:01:36,209 749 INFO wave4_premig_kyc_clean odoo.modules.loading: Modules loaded. 
2026-09-02 18:01:36,231 749 INFO wave4_premig_kyc_clean odoo.registry: Registry changed, signaling through the database 
2026-09-02 18:01:36,234 749 INFO wave4_premig_kyc_clean odoo.registry: Registry loaded in 55.073s 
2026-09-02 18:01:36,234 749 INFO wave4_premig_kyc_clean odoo.service.server: Initiating shutdown 
2026-09-02 18:01:36,235 749 INFO wave4_premig_kyc_clean odoo.service.server: Hit CTRL-C again or send a second signal to force the shutdown. 
2026-09-02 18:01:36,235 749 INFO wave4_premig_kyc_clean odoo.sql_db: ConnectionPool(read/write;used=0/count=0/max=64): Closed 1 connections  
