
2026-09-02 18:09:46,389 830 INFO ? odoo: Odoo version 19.0-20260817 
2026-09-02 18:09:46,390 830 INFO ? odoo: Using configuration file at /etc/odoo/odoo.conf 
2026-09-02 18:09:46,390 830 INFO ? odoo: addons paths: _NamespacePath(['/usr/lib/python3/dist-packages/odoo/addons', '/var/lib/odoo/addons/19.0', '/mnt/extra-addons/.wave4_premigration', '/mnt/extra-addons', '/usr/lib/python3/dist-packages/addons']) 
2026-09-02 18:09:46,390 830 INFO ? odoo: database: odoo@wave4_pg:default 
2026-09-02 18:09:46,908 830 INFO wave4_premig_aml_clean odoo.modules.loading: Initializing database wave4_premig_aml_clean 
2026-09-02 18:09:53,383 830 WARNING wave4_premig_aml_clean odoo.modules.module: Missing `author` key in manifest for 'sgc_brochure_leadcapture', defaulting to '' 
2026-09-02 18:09:53,389 830 WARNING wave4_premig_aml_clean odoo.modules.module: Missing `author` key in manifest for 'sgc_brochure_leadcapture', defaulting to '' 
2026-09-02 18:09:53,719 830 WARNING wave4_premig_aml_clean odoo.modules.module: Missing `author` key in manifest for 'sgc_llm_router', defaulting to '' 
2026-09-02 18:09:53,735 830 WARNING wave4_premig_aml_clean odoo.modules.module: Missing `author` key in manifest for 'sgc_llm_router', defaulting to '' 
2026-09-02 18:09:55,275 830 INFO wave4_premig_aml_clean odoo.modules.loading: loading 1 modules... 
2026-09-02 18:09:55,275 830 INFO wave4_premig_aml_clean odoo.modules.loading: Loading module base (1/1) 
2026-09-02 18:09:55,421 830 INFO wave4_premig_aml_clean odoo.registry: module base: creating or updating database tables 
2026-09-02 18:09:56,531 830 INFO wave4_premig_aml_clean odoo.models: Prepare computation of ir.module.module.menus_by_module 
2026-09-02 18:09:56,532 830 INFO wave4_premig_aml_clean odoo.models: Prepare computation of ir.module.module.reports_by_module 
2026-09-02 18:09:56,532 830 INFO wave4_premig_aml_clean odoo.models: Prepare computation of ir.module.module.views_by_module 
2026-09-02 18:09:56,803 830 INFO wave4_premig_aml_clean odoo.models: Prepare computation of res.partner.user_id 
2026-09-02 18:09:56,804 830 INFO wave4_premig_aml_clean odoo.models: Prepare computation of res.partner.commercial_partner_id 
2026-09-02 18:09:56,804 830 INFO wave4_premig_aml_clean odoo.models: Prepare computation of res.partner.complete_name 
2026-09-02 18:09:56,804 830 INFO wave4_premig_aml_clean odoo.models: Prepare computation of res.partner.lang 
2026-09-02 18:09:56,804 830 INFO wave4_premig_aml_clean odoo.models: Prepare computation of res.partner.company_registry 
2026-09-02 18:09:56,804 830 INFO wave4_premig_aml_clean odoo.models: Prepare computation of res.partner.commercial_company_name 
2026-09-02 18:09:56,804 830 INFO wave4_premig_aml_clean odoo.models: Prepare computation of res.partner.properties 
2026-09-02 18:09:56,805 830 INFO wave4_premig_aml_clean odoo.models: Prepare computation of res.partner.partner_share 
2026-09-02 18:09:56,896 830 INFO wave4_premig_aml_clean odoo.models: Prepare computation of res.currency.decimal_places 
2026-09-02 18:09:56,954 830 INFO wave4_premig_aml_clean odoo.models: Prepare computation of res.company.uses_default_logo 
2026-09-02 18:09:56,954 830 INFO wave4_premig_aml_clean odoo.models: Prepare computation of res.company.logo_web 
2026-09-02 18:09:56,961 830 INFO wave4_premig_aml_clean odoo.models: Computing parent_path for table res_company... 
2026-09-02 18:09:57,071 830 INFO wave4_premig_aml_clean odoo.models: Prepare computation of res.users.signature 
2026-09-02 18:09:57,071 830 INFO wave4_premig_aml_clean odoo.models: Prepare computation of res.users.share 
2026-09-02 18:10:00,629 830 INFO wave4_premig_aml_clean odoo.modules.loading: loading base/data/res_bank.xml 
2026-09-02 18:10:00,636 830 INFO wave4_premig_aml_clean odoo.modules.loading: loading base/data/res.lang.csv 
2026-09-02 18:10:00,686 830 INFO wave4_premig_aml_clean odoo.modules.loading: loading base/data/res_lang_data.xml 
2026-09-02 18:10:00,738 830 INFO wave4_premig_aml_clean odoo.modules.loading: loading base/data/res_partner_data.xml 
2026-09-02 18:10:00,802 830 INFO wave4_premig_aml_clean odoo.modules.loading: loading base/data/res_currency_data.xml 
2026-09-02 18:10:01,768 830 INFO wave4_premig_aml_clean odoo.modules.loading: loading base/data/res_company_data.xml 
2026-09-02 18:10:01,782 830 INFO wave4_premig_aml_clean odoo.modules.loading: loading base/data/res_users_data.xml 
2026-09-02 18:10:03,137 830 INFO wave4_premig_aml_clean odoo.modules.loading: loading base/data/report_paperformat_data.xml 
2026-09-02 18:10:03,155 830 INFO wave4_premig_aml_clean odoo.modules.loading: loading base/data/res_country_data.xml 
2026-09-02 18:10:04,018 830 INFO wave4_premig_aml_clean odoo.modules.loading: loading base/data/ir_demo_data.xml 
2026-09-02 18:10:04,037 830 INFO wave4_premig_aml_clean odoo.modules.loading: loading base/security/base_groups.xml 
2026-09-02 18:10:04,307 830 INFO wave4_premig_aml_clean odoo.modules.loading: loading base/security/base_security.xml 
2026-09-02 18:10:04,618 830 INFO wave4_premig_aml_clean odoo.modules.loading: loading base/wizard/wizard_ir_model_menu_create_views.xml 
2026-09-02 18:10:04,642 830 INFO wave4_premig_aml_clean odoo.modules.loading: loading base/views/base_menus.xml 
2026-09-02 18:10:04,741 830 INFO wave4_premig_aml_clean odoo.modules.loading: loading base/views/decimal_precision_views.xml 
2026-09-02 18:10:04,764 830 INFO wave4_premig_aml_clean odoo.modules.loading: loading base/views/res_config_views.xml 
2026-09-02 18:10:04,773 830 INFO wave4_premig_aml_clean odoo.modules.loading: loading base/data/res.country.state.csv 
2026-09-02 18:10:05,234 830 INFO wave4_premig_aml_clean odoo.modules.loading: loading base/views/ir_actions_views.xml 
2026-09-02 18:10:05,485 830 INFO wave4_premig_aml_clean odoo.modules.loading: loading base/views/ir_asset_views.xml 
2026-09-02 18:10:05,520 830 INFO wave4_premig_aml_clean odoo.modules.loading: loading base/views/ir_config_parameter_views.xml 
2026-09-02 18:10:05,544 830 INFO wave4_premig_aml_clean odoo.modules.loading: loading base/views/ir_cron_views.xml 
2026-09-02 18:10:05,587 830 INFO wave4_premig_aml_clean odoo.modules.loading: loading base/views/ir_cron_trigger_views.xml 
2026-09-02 18:10:05,616 830 INFO wave4_premig_aml_clean odoo.modules.loading: loading base/views/ir_filters_views.xml 
2026-09-02 18:10:05,650 830 INFO wave4_premig_aml_clean odoo.modules.loading: loading base/views/ir_mail_server_views.xml 
2026-09-02 18:10:05,678 830 INFO wave4_premig_aml_clean odoo.modules.loading: loading base/views/ir_model_views.xml 
2026-09-02 18:10:05,898 830 INFO wave4_premig_aml_clean odoo.modules.loading: loading base/views/ir_attachment_views.xml 
2026-09-02 18:10:05,937 830 INFO wave4_premig_aml_clean odoo.modules.loading: loading base/views/ir_rule_views.xml 
2026-09-02 18:10:05,973 830 INFO wave4_premig_aml_clean odoo.modules.loading: loading base/views/ir_sequence_views.xml 
2026-09-02 18:10:06,018 830 INFO wave4_premig_aml_clean odoo.modules.loading: loading base/views/ir_ui_menu_views.xml 
2026-09-02 18:10:06,057 830 INFO wave4_premig_aml_clean odoo.modules.loading: loading base/views/ir_ui_view_views.xml 
2026-09-02 18:10:06,151 830 INFO wave4_premig_aml_clean odoo.modules.loading: loading base/views/ir_default_views.xml 
2026-09-02 18:10:06,186 830 INFO wave4_premig_aml_clean odoo.modules.loading: loading base/data/ir_config_parameter_data.xml 
2026-09-02 18:10:06,192 830 INFO wave4_premig_aml_clean odoo.modules.loading: loading base/data/ir_cron_data.xml 
2026-09-02 18:10:06,216 830 INFO wave4_premig_aml_clean odoo.modules.loading: loading base/report/ir_model_report.xml 
2026-09-02 18:10:06,224 830 INFO wave4_premig_aml_clean odoo.modules.loading: loading base/report/ir_model_templates.xml 
2026-09-02 18:10:06,239 830 INFO wave4_premig_aml_clean odoo.modules.loading: loading base/views/ir_logging_views.xml 
2026-09-02 18:10:06,272 830 INFO wave4_premig_aml_clean odoo.modules.loading: loading base/views/ir_qweb_widget_templates.xml 
2026-09-02 18:10:06,296 830 INFO wave4_premig_aml_clean odoo.modules.loading: loading base/views/ir_module_views.xml 
2026-09-02 18:10:06,386 830 INFO wave4_premig_aml_clean odoo.modules.loading: loading base/data/ir_module_category_data.xml 
2026-09-02 18:10:06,460 830 INFO wave4_premig_aml_clean odoo.modules.loading: loading base/data/ir_module_module.xml 
2026-09-02 18:10:06,605 830 INFO wave4_premig_aml_clean odoo.modules.loading: loading base/report/ir_module_reports.xml 
2026-09-02 18:10:06,612 830 INFO wave4_premig_aml_clean odoo.modules.loading: loading base/report/ir_module_report_templates.xml 
2026-09-02 18:10:06,626 830 INFO wave4_premig_aml_clean odoo.modules.loading: loading base/wizard/base_module_update_views.xml 
2026-09-02 18:10:06,649 830 INFO wave4_premig_aml_clean odoo.modules.loading: loading base/wizard/base_language_install_views.xml 
2026-09-02 18:10:06,675 830 INFO wave4_premig_aml_clean odoo.modules.loading: loading base/wizard/base_import_language_views.xml 
2026-09-02 18:10:06,691 830 INFO wave4_premig_aml_clean odoo.modules.loading: loading base/wizard/base_module_upgrade_views.xml 
2026-09-02 18:10:06,723 830 INFO wave4_premig_aml_clean odoo.modules.loading: loading base/wizard/base_module_uninstall_views.xml 
2026-09-02 18:10:06,742 830 INFO wave4_premig_aml_clean odoo.modules.loading: loading base/wizard/base_export_language_views.xml 
2026-09-02 18:10:06,765 830 INFO wave4_premig_aml_clean odoo.modules.loading: loading base/wizard/base_partner_merge_views.xml 
2026-09-02 18:10:06,789 830 INFO wave4_premig_aml_clean odoo.modules.loading: loading base/data/ir_demo_failure_data.xml 
2026-09-02 18:10:06,818 830 INFO wave4_premig_aml_clean odoo.modules.loading: loading base/views/ir_profile_views.xml 
2026-09-02 18:10:06,856 830 INFO wave4_premig_aml_clean odoo.modules.loading: loading base/views/res_company_views.xml 
2026-09-02 18:10:06,888 830 INFO wave4_premig_aml_clean odoo.modules.loading: loading base/views/res_lang_views.xml 
2026-09-02 18:10:06,920 830 INFO wave4_premig_aml_clean odoo.modules.loading: loading base/views/res_partner_views.xml 
2026-09-02 18:10:07,046 830 INFO wave4_premig_aml_clean odoo.modules.loading: loading base/views/res_bank_views.xml 
2026-09-02 18:10:07,094 830 INFO wave4_premig_aml_clean odoo.modules.loading: loading base/views/res_country_views.xml 
2026-09-02 18:10:07,157 830 INFO wave4_premig_aml_clean odoo.modules.loading: loading base/views/res_currency_views.xml 
2026-09-02 18:10:07,209 830 INFO wave4_premig_aml_clean odoo.modules.loading: loading base/views/res_groups_views.xml 
2026-09-02 18:10:07,283 830 INFO wave4_premig_aml_clean odoo.modules.loading: loading base/views/res_users_views.xml 
2026-09-02 18:10:07,413 830 INFO wave4_premig_aml_clean odoo.modules.loading: loading base/views/res_users_apikeys_views.xml 
2026-09-02 18:10:07,422 830 INFO wave4_premig_aml_clean odoo.modules.loading: loading base/views/res_device_views.xml 
2026-09-02 18:10:07,454 830 INFO wave4_premig_aml_clean odoo.modules.loading: loading base/views/res_users_identitycheck_views.xml 
2026-09-02 18:10:07,467 830 INFO wave4_premig_aml_clean odoo.modules.loading: loading base/views/res_config_settings_views.xml 
2026-09-02 18:10:07,482 830 INFO wave4_premig_aml_clean odoo.modules.loading: loading base/views/report_paperformat_views.xml 
2026-09-02 18:10:07,520 830 INFO wave4_premig_aml_clean odoo.modules.loading: loading base/security/ir.model.access.csv 
2026-09-02 18:10:07,684 830 INFO wave4_premig_aml_clean odoo.modules.loading: Module base loaded in 12.41s, 8455 queries (+8455 other) 
2026-09-02 18:10:07,684 830 INFO wave4_premig_aml_clean odoo.modules.loading: 1 modules loaded in 12.41s, 8455 queries (+8455 extra) 
2026-09-02 18:10:07,690 830 INFO wave4_premig_aml_clean odoo.modules.loading: updating modules list 
2026-09-02 18:10:07,692 830 INFO wave4_premig_aml_clean odoo.addons.base.models.ir_module: ALLOW access to module.update_list on [] to user __system__ #1 via n/a 
2026-09-02 18:10:09,642 830 WARNING wave4_premig_aml_clean odoo.modules.module: Missing `author` key in manifest for 'sgc_brochure_leadcapture', defaulting to '' 
2026-09-02 18:10:09,709 830 WARNING wave4_premig_aml_clean odoo.modules.module: Missing `author` key in manifest for 'sgc_llm_router', defaulting to '' 
2026-09-02 18:10:10,146 830 INFO wave4_premig_aml_clean odoo.addons.base.models.ir_module: ALLOW access to module.button_install on ['AML Compliance & goAML'] to user __system__ #1 via n/a 
2026-09-02 18:10:10,318 830 INFO wave4_premig_aml_clean odoo.modules.loading: loading 69 modules... 
2026-09-02 18:10:10,319 830 INFO wave4_premig_aml_clean odoo.modules.loading: Loading module rpc (2/69) 
2026-09-02 18:10:10,349 830 INFO wave4_premig_aml_clean odoo.modules.loading: Module rpc loaded in 0.03s, 9 queries (+9 other) 
2026-09-02 18:10:10,349 830 INFO wave4_premig_aml_clean odoo.modules.loading: Loading module social_media (3/69) 
2026-09-02 18:10:10,357 830 INFO wave4_premig_aml_clean odoo.registry: module social_media: creating or updating database tables 
2026-09-02 18:10:10,435 830 INFO wave4_premig_aml_clean odoo.modules.loading: loading social_media/views/res_company_views.xml 
2026-09-02 18:10:10,530 830 INFO wave4_premig_aml_clean odoo.modules.loading: Module social_media loaded in 0.18s, 75 queries (+75 other) 
2026-09-02 18:10:10,530 830 INFO wave4_premig_aml_clean odoo.modules.loading: Loading module uom (4/69) 
2026-09-02 18:10:10,560 830 INFO wave4_premig_aml_clean odoo.registry: module uom: creating or updating database tables 
2026-09-02 18:10:10,660 830 INFO wave4_premig_aml_clean odoo.modules.loading: loading uom/data/uom_data.xml 
2026-09-02 18:10:10,757 830 INFO wave4_premig_aml_clean odoo.modules.loading: loading uom/security/uom_security.xml 
2026-09-02 18:10:10,764 830 INFO wave4_premig_aml_clean odoo.modules.loading: loading uom/security/ir.model.access.csv 
2026-09-02 18:10:10,777 830 INFO wave4_premig_aml_clean odoo.modules.loading: loading uom/views/uom_uom_views.xml 
2026-09-02 18:10:10,819 830 INFO wave4_premig_aml_clean odoo.modules.loading: Module uom loaded in 0.29s, 230 queries (+230 other) 
2026-09-02 18:10:10,819 830 INFO wave4_premig_aml_clean odoo.modules.loading: Loading module web (5/69) 
2026-09-02 18:10:10,857 830 INFO wave4_premig_aml_clean odoo.registry: module web: creating or updating database tables 
2026-09-02 18:10:11,579 830 INFO wave4_premig_aml_clean odoo.modules.loading: loading web/security/ir.model.access.csv 
2026-09-02 18:10:11,591 830 INFO wave4_premig_aml_clean odoo.modules.loading: loading web/security/web_security.xml 
2026-09-02 18:10:11,611 830 INFO wave4_premig_aml_clean odoo.modules.loading: loading web/views/webclient_templates.xml 
2026-09-02 18:10:11,683 830 INFO wave4_premig_aml_clean odoo.modules.loading: loading web/views/report_templates.xml 
2026-09-02 18:10:11,809 830 INFO wave4_premig_aml_clean odoo.modules.loading: loading web/views/base_document_layout_views.xml 
2026-09-02 18:10:11,831 830 INFO wave4_premig_aml_clean odoo.modules.loading: loading web/views/partner_view.xml 
2026-09-02 18:10:11,840 830 INFO wave4_premig_aml_clean odoo.modules.loading: loading web/views/speedscope_template.xml 
2026-09-02 18:10:11,849 830 INFO wave4_premig_aml_clean odoo.modules.loading: loading web/views/memory_template.xml 
2026-09-02 18:10:11,857 830 INFO wave4_premig_aml_clean odoo.modules.loading: loading web/views/speedscope_config_wizard.xml 
2026-09-02 18:10:11,866 830 INFO wave4_premig_aml_clean odoo.modules.loading: loading web/views/neutralize_views.xml 
2026-09-02 18:10:11,877 830 INFO wave4_premig_aml_clean odoo.modules.loading: loading web/views/ir_ui_view_views.xml 
2026-09-02 18:10:11,891 830 INFO wave4_premig_aml_clean odoo.modules.loading: loading web/data/ir_attachment.xml 
2026-09-02 18:10:11,899 830 INFO wave4_premig_aml_clean odoo.modules.loading: loading web/data/report_layout.xml 
2026-09-02 18:10:11,965 830 INFO wave4_premig_aml_clean odoo.modules.loading: Module web loaded in 1.15s, 1239 queries (+1239 other) 
2026-09-02 18:10:11,965 830 INFO wave4_premig_aml_clean odoo.modules.loading: Loading module api_doc (6/69) 
2026-09-02 18:10:11,980 830 INFO wave4_premig_aml_clean odoo.registry: module api_doc: creating or updating database tables 
2026-09-02 18:10:12,011 830 INFO wave4_premig_aml_clean odoo.modules.loading: loading api_doc/security/res_groups.xml 
2026-09-02 18:10:12,040 830 INFO wave4_premig_aml_clean odoo.modules.loading: loading api_doc/views/docclient.xml 
2026-09-02 18:10:12,070 830 INFO wave4_premig_aml_clean odoo.modules.loading: Module api_doc loaded in 0.10s, 63 queries (+63 other) 
2026-09-02 18:10:12,070 830 INFO wave4_premig_aml_clean odoo.modules.loading: Loading module auth_totp (7/69) 
2026-09-02 18:10:12,089 830 INFO wave4_premig_aml_clean odoo.registry: module auth_totp: creating or updating database tables 
2026-09-02 18:10:12,197 830 INFO wave4_premig_aml_clean odoo.modules.loading: loading auth_totp/security/security.xml 
2026-09-02 18:10:12,231 830 INFO wave4_premig_aml_clean odoo.modules.loading: loading auth_totp/security/ir.model.access.csv 
2026-09-02 18:10:12,247 830 INFO wave4_premig_aml_clean odoo.modules.loading: loading auth_totp/data/ir_action_data.xml 
2026-09-02 18:10:12,257 830 INFO wave4_premig_aml_clean odoo.modules.loading: loading auth_totp/views/res_users_views.xml 
2026-09-02 18:10:12,291 830 INFO wave4_premig_aml_clean odoo.modules.loading: loading auth_totp/views/templates.xml 
2026-09-02 18:10:12,300 830 INFO wave4_premig_aml_clean odoo.modules.loading: loading auth_totp/wizard/auth_totp_wizard_views.xml 
2026-09-02 18:10:12,333 830 INFO wave4_premig_aml_clean odoo.modules.loading: Module auth_totp loaded in 0.26s, 218 queries (+218 other) 
2026-09-02 18:10:12,333 830 INFO wave4_premig_aml_clean odoo.modules.loading: Loading module base_import (8/69) 
2026-09-02 18:10:12,373 830 INFO wave4_premig_aml_clean odoo.registry: module base_import: creating or updating database tables 
2026-09-02 18:10:13,059 830 INFO wave4_premig_aml_clean odoo.modules.loading: loading base_import/security/ir.model.access.csv 
2026-09-02 18:10:13,084 830 INFO wave4_premig_aml_clean odoo.modules.loading: Module base_import loaded in 0.75s, 966 queries (+966 other) 
2026-09-02 18:10:13,084 830 INFO wave4_premig_aml_clean odoo.modules.loading: Loading module base_import_module (9/69) 
2026-09-02 18:10:13,096 830 INFO wave4_premig_aml_clean odoo.registry: module base_import_module: creating or updating database tables 
2026-09-02 18:10:13,184 830 INFO wave4_premig_aml_clean odoo.modules.loading: loading base_import_module/security/ir.model.access.csv 
2026-09-02 18:10:13,193 830 INFO wave4_premig_aml_clean odoo.modules.loading: loading base_import_module/views/base_import_module_view.xml 
2026-09-02 18:10:13,220 830 INFO wave4_premig_aml_clean odoo.modules.loading: loading base_import_module/views/ir_module_views.xml 
2026-09-02 18:10:13,280 830 INFO wave4_premig_aml_clean odoo.modules.loading: Module base_import_module loaded in 0.20s, 172 queries (+172 other) 
2026-09-02 18:10:13,280 830 INFO wave4_premig_aml_clean odoo.modules.loading: Loading module base_setup (10/69) 
2026-09-02 18:10:13,292 830 INFO wave4_premig_aml_clean odoo.registry: module base_setup: creating or updating database tables 
2026-09-02 18:10:13,362 830 INFO wave4_premig_aml_clean odoo.modules.loading: loading base_setup/data/base_setup_data.xml 
2026-09-02 18:10:13,371 830 INFO wave4_premig_aml_clean odoo.modules.loading: loading base_setup/views/res_config_settings_views.xml 
2026-09-02 18:10:13,423 830 INFO wave4_premig_aml_clean odoo.modules.loading: loading base_setup/views/res_partner_views.xml 
2026-09-02 18:10:13,454 830 INFO wave4_premig_aml_clean odoo.modules.loading: Module base_setup loaded in 0.17s, 152 queries (+152 other) 
2026-09-02 18:10:13,454 830 INFO wave4_premig_aml_clean odoo.modules.loading: Loading module bus (11/69) 
2026-09-02 18:10:13,477 830 INFO wave4_premig_aml_clean odoo.registry: module bus: creating or updating database tables 
2026-09-02 18:10:13,596 830 INFO wave4_premig_aml_clean odoo.modules.loading: loading bus/security/ir.model.access.csv 
2026-09-02 18:10:13,613 830 INFO wave4_premig_aml_clean odoo.modules.loading: Module bus loaded in 0.16s, 159 queries (+159 other) 
2026-09-02 18:10:13,613 830 INFO wave4_premig_aml_clean odoo.modules.loading: Loading module http_routing (12/69) 
2026-09-02 18:10:13,620 830 INFO wave4_premig_aml_clean odoo.registry: module http_routing: creating or updating database tables 
2026-09-02 18:10:13,647 830 INFO wave4_premig_aml_clean odoo.modules.loading: loading http_routing/views/http_routing_template.xml 
2026-09-02 18:10:13,701 830 INFO wave4_premig_aml_clean odoo.modules.loading: loading http_routing/views/res_lang_views.xml 
2026-09-02 18:10:13,742 830 INFO wave4_premig_aml_clean odoo.modules.loading: Module http_routing loaded in 0.13s, 114 queries (+114 other) 
2026-09-02 18:10:13,742 830 INFO wave4_premig_aml_clean odoo.modules.loading: Loading module onboarding (13/69) 
2026-09-02 18:10:13,750 830 INFO wave4_premig_aml_clean odoo.registry: module onboarding: creating or updating database tables 
2026-09-02 18:10:13,943 830 INFO wave4_premig_aml_clean odoo.modules.loading: loading onboarding/views/onboarding_templates.xml 
2026-09-02 18:10:13,965 830 INFO wave4_premig_aml_clean odoo.modules.loading: loading onboarding/views/onboarding_views.xml 
2026-09-02 18:10:14,001 830 INFO wave4_premig_aml_clean odoo.modules.loading: loading onboarding/views/onboarding_menus.xml 
2026-09-02 18:10:14,012 830 INFO wave4_premig_aml_clean odoo.modules.loading: loading onboarding/security/ir.model.access.csv 
2026-09-02 18:10:14,042 830 INFO wave4_premig_aml_clean odoo.modules.loading: Module onboarding loaded in 0.30s, 246 queries (+246 other) 
2026-09-02 18:10:14,042 830 INFO wave4_premig_aml_clean odoo.modules.loading: Loading module resource (14/69) 
2026-09-02 18:10:14,058 830 INFO wave4_premig_aml_clean odoo.registry: module resource: creating or updating database tables 
2026-09-02 18:10:14,269 830 INFO wave4_premig_aml_clean odoo.modules.loading: loading resource/data/resource_data.xml 
2026-09-02 18:10:14,292 830 INFO wave4_premig_aml_clean odoo.modules.loading: loading resource/security/ir.model.access.csv 
2026-09-02 18:10:14,308 830 INFO wave4_premig_aml_clean odoo.modules.loading: loading resource/security/resource_security.xml 
2026-09-02 18:10:14,341 830 INFO wave4_premig_aml_clean odoo.modules.loading: loading resource/views/resource_resource_views.xml 
2026-09-02 18:10:14,375 830 INFO wave4_premig_aml_clean odoo.modules.loading: loading resource/views/resource_calendar_leaves_views.xml 
2026-09-02 18:10:14,412 830 INFO wave4_premig_aml_clean odoo.modules.loading: loading resource/views/resource_calendar_attendance_views.xml 
2026-09-02 18:10:14,427 830 INFO wave4_premig_aml_clean odoo.modules.loading: loading resource/views/resource_calendar_views.xml 
2026-09-02 18:10:14,461 830 INFO wave4_premig_aml_clean odoo.modules.loading: loading resource/views/menuitems.xml 
2026-09-02 18:10:14,500 830 INFO wave4_premig_aml_clean odoo.modules.loading: Module resource loaded in 0.46s, 414 queries (+414 other) 
2026-09-02 18:10:14,500 830 INFO wave4_premig_aml_clean odoo.modules.loading: Loading module utm (15/69) 
2026-09-02 18:10:14,512 830 INFO wave4_premig_aml_clean odoo.registry: module utm: creating or updating database tables 
2026-09-02 18:10:14,690 830 INFO wave4_premig_aml_clean odoo.modules.loading: loading utm/data/utm_medium_data.xml 
2026-09-02 18:10:14,720 830 INFO wave4_premig_aml_clean odoo.modules.loading: loading utm/data/utm_source_data.xml 
2026-09-02 18:10:14,748 830 INFO wave4_premig_aml_clean odoo.modules.loading: loading utm/data/utm_stage_data.xml 
2026-09-02 18:10:14,753 830 INFO wave4_premig_aml_clean odoo.modules.loading: loading utm/data/utm_tag_data.xml 
2026-09-02 18:10:14,758 830 INFO wave4_premig_aml_clean odoo.modules.loading: loading utm/views/utm_campaign_views.xml 
2026-09-02 18:10:14,800 830 INFO wave4_premig_aml_clean odoo.modules.loading: loading utm/views/utm_medium_views.xml 
2026-09-02 18:10:14,820 830 INFO wave4_premig_aml_clean odoo.modules.loading: loading utm/views/utm_source_views.xml 
2026-09-02 18:10:14,838 830 INFO wave4_premig_aml_clean odoo.modules.loading: loading utm/views/utm_stage_views.xml 
2026-09-02 18:10:14,862 830 INFO wave4_premig_aml_clean odoo.modules.loading: loading utm/views/utm_tag_views.xml 
2026-09-02 18:10:14,874 830 INFO wave4_premig_aml_clean odoo.modules.loading: loading utm/views/utm_menus.xml 
2026-09-02 18:10:14,904 830 INFO wave4_premig_aml_clean odoo.modules.loading: loading utm/security/ir.model.access.csv 
2026-09-02 18:10:14,938 830 INFO wave4_premig_aml_clean odoo.modules.loading: Module utm loaded in 0.44s, 410 queries (+410 other) 
2026-09-02 18:10:14,938 830 INFO wave4_premig_aml_clean odoo.modules.loading: Loading module web_tour (16/69) 
2026-09-02 18:10:14,950 830 INFO wave4_premig_aml_clean odoo.registry: module web_tour: creating or updating database tables 
2026-09-02 18:10:14,957 830 INFO wave4_premig_aml_clean odoo.models: Prepare computation of res.users.tour_enabled 
2026-09-02 18:10:15,073 830 INFO wave4_premig_aml_clean odoo.modules.loading: loading web_tour/security/ir.model.access.csv 
2026-09-02 18:10:15,085 830 INFO wave4_premig_aml_clean odoo.modules.loading: loading web_tour/views/tour_views.xml 
2026-09-02 18:10:15,148 830 INFO wave4_premig_aml_clean odoo.modules.loading: Module web_tour loaded in 0.21s, 180 queries (+180 other) 
2026-09-02 18:10:15,148 830 INFO wave4_premig_aml_clean odoo.modules.loading: Loading module auth_passkey (17/69) 
2026-09-02 18:10:15,207 830 INFO wave4_premig_aml_clean odoo.registry: module auth_passkey: creating or updating database tables 
2026-09-02 18:10:15,317 830 INFO wave4_premig_aml_clean odoo.modules.loading: loading auth_passkey/views/auth_passkey_key_views.xml 
2026-09-02 18:10:15,347 830 INFO wave4_premig_aml_clean odoo.modules.loading: loading auth_passkey/views/auth_passkey_login_templates.xml 
2026-09-02 18:10:15,363 830 INFO wave4_premig_aml_clean odoo.modules.loading: loading auth_passkey/views/res_users_identitycheck_views.xml 
2026-09-02 18:10:15,375 830 INFO wave4_premig_aml_clean odoo.modules.loading: loading auth_passkey/views/res_users_views.xml 
2026-09-02 18:10:15,403 830 INFO wave4_premig_aml_clean odoo.modules.loading: loading auth_passkey/security/ir.model.access.csv 
2026-09-02 18:10:15,414 830 INFO wave4_premig_aml_clean odoo.modules.loading: loading auth_passkey/security/security.xml 
2026-09-02 18:10:15,452 830 INFO wave4_premig_aml_clean odoo.modules.loading: Module auth_passkey loaded in 0.30s, 218 queries (+218 other) 
2026-09-02 18:10:15,452 830 INFO wave4_premig_aml_clean odoo.modules.loading: Loading module google_recaptcha (18/69) 
2026-09-02 18:10:15,460 830 INFO wave4_premig_aml_clean odoo.registry: module google_recaptcha: creating or updating database tables 
2026-09-02 18:10:15,493 830 INFO wave4_premig_aml_clean odoo.modules.loading: loading google_recaptcha/views/res_config_settings_view.xml 
2026-09-02 18:10:15,536 830 INFO wave4_premig_aml_clean odoo.modules.loading: Module google_recaptcha loaded in 0.08s, 64 queries (+64 other) 
2026-09-02 18:10:15,536 830 INFO wave4_premig_aml_clean odoo.modules.loading: Loading module html_editor (19/69) 
2026-09-02 18:10:15,808 830 INFO wave4_premig_aml_clean odoo.registry: module html_editor: creating or updating database tables 
2026-09-02 18:10:16,606 830 INFO wave4_premig_aml_clean odoo.modules.loading: loading html_editor/security/ir.model.access.csv 
2026-09-02 18:10:16,628 830 INFO wave4_premig_aml_clean odoo.modules.loading: Module html_editor loaded in 1.09s, 1160 queries (+1160 other) 
2026-09-02 18:10:16,628 830 INFO wave4_premig_aml_clean odoo.modules.loading: Loading module iap (20/69) 
2026-09-02 18:10:16,634 830 INFO wave4_premig_aml_clean odoo.registry: module iap: creating or updating database tables 
2026-09-02 18:10:16,745 830 INFO wave4_premig_aml_clean odoo.modules.loading: loading iap/data/services.xml 
2026-09-02 18:10:16,752 830 INFO wave4_premig_aml_clean odoo.modules.loading: loading iap/security/ir.model.access.csv 
2026-09-02 18:10:16,762 830 INFO wave4_premig_aml_clean odoo.modules.loading: loading iap/security/ir_rule.xml 
2026-09-02 18:10:16,770 830 INFO wave4_premig_aml_clean odoo.modules.loading: loading iap/views/iap_views.xml 
2026-09-02 18:10:16,806 830 INFO wave4_premig_aml_clean odoo.modules.loading: loading iap/views/res_config_settings.xml 
2026-09-02 18:10:16,837 830 INFO wave4_premig_aml_clean odoo.modules.loading: Module iap loaded in 0.21s, 184 queries (+184 other) 
2026-09-02 18:10:16,837 830 INFO wave4_premig_aml_clean odoo.modules.loading: Loading module mail (21/69) 
2026-09-02 18:10:16,924 830 INFO wave4_premig_aml_clean odoo.registry: module mail: creating or updating database tables 
2026-09-02 18:10:17,504 830 INFO wave4_premig_aml_clean odoo.models: Prepare computation of ir.actions.server.partner_ids 
2026-09-02 18:10:17,504 830 INFO wave4_premig_aml_clean odoo.models: Prepare computation of ir.actions.server.activity_user_id 
2026-09-02 18:10:17,505 830 INFO wave4_premig_aml_clean odoo.models: Prepare computation of ir.actions.server.activity_type_id 
2026-09-02 18:10:17,505 830 INFO wave4_premig_aml_clean odoo.models: Prepare computation of ir.actions.server.template_id 
2026-09-02 18:10:17,505 830 INFO wave4_premig_aml_clean odoo.models: Prepare computation of ir.actions.server.activity_date_deadline_range 
2026-09-02 18:10:17,505 830 INFO wave4_premig_aml_clean odoo.models: Prepare computation of ir.actions.server.activity_summary 
2026-09-02 18:10:17,505 830 INFO wave4_premig_aml_clean odoo.models: Prepare computation of ir.actions.server.followers_type 
2026-09-02 18:10:17,505 830 INFO wave4_premig_aml_clean odoo.models: Prepare computation of ir.actions.server.followers_partner_field_name 
2026-09-02 18:10:17,506 830 INFO wave4_premig_aml_clean odoo.models: Prepare computation of ir.actions.server.mail_post_method 
2026-09-02 18:10:17,506 830 INFO wave4_premig_aml_clean odoo.models: Prepare computation of ir.actions.server.activity_date_deadline_range_type 
2026-09-02 18:10:17,506 830 INFO wave4_premig_aml_clean odoo.models: Prepare computation of ir.actions.server.activity_user_type 
2026-09-02 18:10:17,506 830 INFO wave4_premig_aml_clean odoo.models: Prepare computation of ir.actions.server.activity_user_field_name 
2026-09-02 18:10:17,506 830 INFO wave4_premig_aml_clean odoo.models: Prepare computation of ir.actions.server.activity_note 
2026-09-02 18:10:17,506 830 INFO wave4_premig_aml_clean odoo.models: Prepare computation of ir.actions.server.mail_post_autofollow 
2026-09-02 18:10:17,602 830 INFO wave4_premig_aml_clean odoo.models: Prepare computation of res.users.notification_type 
2026-09-02 18:10:17,753 830 INFO wave4_premig_aml_clean odoo.models: Prepare computation of res.partner.email_normalized 
<string>:38: (ERROR/3) Unexpected indentation.
<string>:43: (WARNING/2) Block quote ends without a blank line; unexpected unindent.
2026-09-02 18:10:20,268 830 INFO wave4_premig_aml_clean odoo.modules.loading: loading mail/data/mail_groups.xml 
2026-09-02 18:10:20,298 830 INFO wave4_premig_aml_clean odoo.modules.loading: loading mail/wizard/mail_activity_schedule_views.xml 
2026-09-02 18:10:20,317 830 INFO wave4_premig_aml_clean odoo.modules.loading: loading mail/wizard/mail_blacklist_remove_views.xml 
2026-09-02 18:10:20,326 830 INFO wave4_premig_aml_clean odoo.modules.loading: loading mail/wizard/mail_compose_message_views.xml 
2026-09-02 18:10:20,351 830 INFO wave4_premig_aml_clean odoo.modules.loading: loading mail/wizard/mail_template_preview_views.xml 
2026-09-02 18:10:20,372 830 INFO wave4_premig_aml_clean odoo.modules.loading: loading mail/wizard/mail_followers_edit_views.xml 
2026-09-02 18:10:20,414 830 INFO wave4_premig_aml_clean odoo.modules.loading: loading mail/wizard/mail_template_reset_views.xml 
2026-09-02 18:10:20,437 830 INFO wave4_premig_aml_clean odoo.modules.loading: loading mail/views/fetchmail_views.xml 
2026-09-02 18:10:20,476 830 INFO wave4_premig_aml_clean odoo.modules.loading: loading mail/views/ir_cron_views.xml 
2026-09-02 18:10:20,497 830 INFO wave4_premig_aml_clean odoo.modules.loading: loading mail/views/ir_filters_views.xml 
2026-09-02 18:10:20,527 830 INFO wave4_premig_aml_clean odoo.modules.loading: loading mail/views/ir_mail_server_views.xml 
2026-09-02 18:10:20,549 830 INFO wave4_premig_aml_clean odoo.modules.loading: loading mail/views/mail_message_subtype_views.xml 
2026-09-02 18:10:20,580 830 INFO wave4_premig_aml_clean odoo.modules.loading: loading mail/views/mail_tracking_value_views.xml 
2026-09-02 18:10:20,617 830 INFO wave4_premig_aml_clean odoo.modules.loading: loading mail/views/mail_notification_views.xml 
2026-09-02 18:10:20,647 830 INFO wave4_premig_aml_clean odoo.modules.loading: loading mail/views/mail_message_views.xml 
2026-09-02 18:10:20,725 830 INFO wave4_premig_aml_clean odoo.modules.loading: loading mail/views/mail_message_schedule_views.xml 
2026-09-02 18:10:20,763 830 INFO wave4_premig_aml_clean odoo.modules.loading: loading mail/views/mail_mail_views.xml 
2026-09-02 18:10:20,814 830 INFO wave4_premig_aml_clean odoo.modules.loading: loading mail/views/mail_followers_views.xml 
2026-09-02 18:10:20,842 830 INFO wave4_premig_aml_clean odoo.modules.loading: loading mail/views/mail_ice_server_views.xml 
2026-09-02 18:10:20,889 830 INFO wave4_premig_aml_clean odoo.modules.loading: loading mail/views/discuss_channel_member_views.xml 
2026-09-02 18:10:20,912 830 INFO wave4_premig_aml_clean odoo.modules.loading: loading mail/views/discuss_channel_rtc_session_views.xml 
2026-09-02 18:10:20,948 830 INFO wave4_premig_aml_clean odoo.modules.loading: loading mail/views/mail_link_preview_views.xml 
2026-09-02 18:10:20,984 830 INFO wave4_premig_aml_clean odoo.modules.loading: loading mail/views/discuss/discuss_gif_favorite_views.xml 
2026-09-02 18:10:21,014 830 INFO wave4_premig_aml_clean odoo.modules.loading: loading mail/views/discuss_channel_views.xml 
2026-09-02 18:10:21,082 830 INFO wave4_premig_aml_clean odoo.modules.loading: loading mail/views/mail_canned_response_views.xml 
2026-09-02 18:10:21,129 830 INFO wave4_premig_aml_clean odoo.modules.loading: loading mail/views/res_role_views.xml 
2026-09-02 18:10:21,166 830 INFO wave4_premig_aml_clean odoo.modules.loading: loading mail/views/mail_activity_views.xml 
2026-09-02 18:10:21,351 830 INFO wave4_premig_aml_clean odoo.modules.loading: loading mail/views/mail_activity_plan_views.xml 
2026-09-02 18:10:21,414 830 INFO wave4_premig_aml_clean odoo.modules.loading: loading mail/views/mail_activity_plan_template_views.xml 
2026-09-02 18:10:21,430 830 INFO wave4_premig_aml_clean odoo.modules.loading: loading mail/views/res_config_settings_views.xml 
2026-09-02 18:10:21,467 830 INFO wave4_premig_aml_clean odoo.modules.loading: loading mail/data/ir_config_parameter_data.xml 
2026-09-02 18:10:21,475 830 INFO wave4_premig_aml_clean odoo.modules.loading: loading mail/data/res_partner_data.xml 
2026-09-02 18:10:21,567 830 INFO wave4_premig_aml_clean odoo.modules.loading: loading mail/data/mail_message_subtype_data.xml 
2026-09-02 18:10:21,582 830 INFO wave4_premig_aml_clean odoo.modules.loading: loading mail/data/mail_templates_chatter.xml 
2026-09-02 18:10:21,619 830 INFO wave4_premig_aml_clean odoo.modules.loading: loading mail/data/mail_templates_email_layouts.xml 
2026-09-02 18:10:21,659 830 INFO wave4_premig_aml_clean odoo.modules.loading: loading mail/data/mail_templates_mailgateway.xml 
2026-09-02 18:10:21,702 830 INFO wave4_premig_aml_clean odoo.modules.loading: loading mail/data/discuss_channel_data.xml 
2026-09-02 18:10:21,806 830 INFO wave4_premig_aml_clean odoo.modules.loading: loading mail/data/mail_activity_type_data.xml 
2026-09-02 18:10:21,829 830 INFO wave4_premig_aml_clean odoo.modules.loading: loading mail/data/security_notifications_templates.xml 
2026-09-02 18:10:21,839 830 INFO wave4_premig_aml_clean odoo.modules.loading: loading mail/data/ir_cron_data.xml 
2026-09-02 18:10:22,060 830 INFO wave4_premig_aml_clean odoo.modules.loading: loading mail/data/ir_actions_client.xml 
2026-09-02 18:10:22,070 830 INFO wave4_premig_aml_clean odoo.modules.loading: loading mail/security/mail_security.xml 
2026-09-02 18:10:22,330 830 INFO wave4_premig_aml_clean odoo.modules.loading: loading mail/security/ir.model.access.csv 
2026-09-02 18:10:22,411 830 INFO wave4_premig_aml_clean odoo.modules.loading: loading mail/views/discuss_public_templates.xml 
2026-09-02 18:10:22,424 830 INFO wave4_premig_aml_clean odoo.modules.loading: loading mail/views/mail_alias_domain_views.xml 
2026-09-02 18:10:22,466 830 INFO wave4_premig_aml_clean odoo.modules.loading: loading mail/views/mail_alias_views.xml 
2026-09-02 18:10:22,508 830 INFO wave4_premig_aml_clean odoo.modules.loading: loading mail/views/mail_gateway_allowed_views.xml 
2026-09-02 18:10:22,534 830 INFO wave4_premig_aml_clean odoo.modules.loading: loading mail/views/mail_guest_views.xml 
2026-09-02 18:10:22,558 830 INFO wave4_premig_aml_clean odoo.modules.loading: loading mail/views/mail_message_reaction_views.xml 
2026-09-02 18:10:22,581 830 INFO wave4_premig_aml_clean odoo.modules.loading: loading mail/views/mail_templates_public.xml 
2026-09-02 18:10:22,605 830 INFO wave4_premig_aml_clean odoo.modules.loading: loading mail/views/res_users_views.xml 
2026-09-02 18:10:22,658 830 INFO wave4_premig_aml_clean odoo.modules.loading: loading mail/views/res_users_settings_views.xml 
2026-09-02 18:10:22,693 830 INFO wave4_premig_aml_clean odoo.modules.loading: loading mail/views/mail_template_views.xml 
2026-09-02 18:10:22,746 830 INFO wave4_premig_aml_clean odoo.modules.loading: loading mail/views/ir_actions_server_views.xml 
2026-09-02 18:10:22,801 830 INFO wave4_premig_aml_clean odoo.modules.loading: loading mail/views/ir_model_views.xml 
2026-09-02 18:10:22,874 830 INFO wave4_premig_aml_clean odoo.modules.loading: loading mail/views/res_partner_views.xml 
2026-09-02 18:10:22,966 830 INFO wave4_premig_aml_clean odoo.modules.loading: loading mail/views/mail_blacklist_views.xml 
2026-09-02 18:10:23,000 830 INFO wave4_premig_aml_clean odoo.modules.loading: loading mail/views/mail_menus.xml 
2026-09-02 18:10:23,239 830 INFO wave4_premig_aml_clean odoo.modules.loading: loading mail/views/discuss/discuss_menus.xml 
2026-09-02 18:10:23,247 830 INFO wave4_premig_aml_clean odoo.modules.loading: loading mail/views/discuss/discuss_call_history_views.xml 
2026-09-02 18:10:23,271 830 INFO wave4_premig_aml_clean odoo.modules.loading: loading mail/views/res_company_views.xml 
2026-09-02 18:10:23,290 830 INFO wave4_premig_aml_clean odoo.modules.loading: loading mail/views/mail_scheduled_message_views.xml 
2026-09-02 18:10:23,304 830 INFO wave4_premig_aml_clean odoo.modules.loading: loading mail/data/mail_canned_response_data.xml 
2026-09-02 18:10:23,319 830 INFO wave4_premig_aml_clean odoo.modules.loading: loading mail/data/mail_templates_invite.xml 
2026-09-02 18:10:23,339 830 INFO wave4_premig_aml_clean odoo.modules.loading: loading mail/data/web_tour_tour.xml 
2026-09-02 18:10:23,433 830 INFO wave4_premig_aml_clean odoo.modules.loading: Module mail loaded in 6.60s, 5105 queries (+5106 other) 
2026-09-02 18:10:23,433 830 INFO wave4_premig_aml_clean odoo.modules.loading: Loading module web_unsplash (22/69) 
2026-09-02 18:10:23,459 830 INFO wave4_premig_aml_clean odoo.registry: module web_unsplash: creating or updating database tables 
2026-09-02 18:10:23,551 830 INFO wave4_premig_aml_clean odoo.modules.loading: loading web_unsplash/views/res_config_settings_view.xml 
2026-09-02 18:10:23,627 830 INFO wave4_premig_aml_clean odoo.modules.loading: Module web_unsplash loaded in 0.19s, 103 queries (+103 other) 
2026-09-02 18:10:23,627 830 INFO wave4_premig_aml_clean odoo.modules.loading: Loading module analytic (23/69) 
2026-09-02 18:10:23,647 830 INFO wave4_premig_aml_clean odoo.registry: module analytic: creating or updating database tables 
2026-09-02 18:10:23,945 830 INFO wave4_premig_aml_clean odoo.modules.loading: loading analytic/security/analytic_security.xml 
2026-09-02 18:10:23,974 830 INFO wave4_premig_aml_clean odoo.modules.loading: loading analytic/security/ir.model.access.csv 
2026-09-02 18:10:23,994 830 INFO wave4_premig_aml_clean odoo.modules.loading: loading analytic/views/analytic_line_views.xml 
2026-09-02 18:10:24,046 830 INFO wave4_premig_aml_clean odoo.modules.loading: loading analytic/views/analytic_account_views.xml 
2026-09-02 18:10:24,087 830 INFO wave4_premig_aml_clean odoo.modules.loading: loading analytic/views/analytic_plan_views.xml 
2026-09-02 18:10:24,116 830 INFO wave4_premig_aml_clean odoo.modules.loading: loading analytic/views/analytic_distribution_model_views.xml 
2026-09-02 18:10:24,138 830 INFO wave4_premig_aml_clean odoo.modules.loading: loading analytic/data/analytic_data.xml 
2026-09-02 18:10:24,190 830 INFO wave4_premig_aml_clean odoo.modules.loading: Module analytic loaded in 0.56s, 425 queries (+425 other) 
2026-09-02 18:10:24,191 830 INFO wave4_premig_aml_clean odoo.modules.loading: Loading module auth_signup (24/69) 
2026-09-02 18:10:24,211 830 INFO wave4_premig_aml_clean odoo.registry: module auth_signup: creating or updating database tables 
2026-09-02 18:10:24,307 830 INFO wave4_premig_aml_clean odoo.modules.loading: loading auth_signup/data/ir_config_parameter_data.xml 
2026-09-02 18:10:24,316 830 INFO wave4_premig_aml_clean odoo.modules.loading: loading auth_signup/data/ir_cron_data.xml 
2026-09-02 18:10:24,349 830 INFO wave4_premig_aml_clean odoo.modules.loading: loading auth_signup/data/mail_template_data.xml 
2026-09-02 18:10:24,469 830 INFO wave4_premig_aml_clean odoo.modules.loading: loading auth_signup/views/res_config_settings_views.xml 
2026-09-02 18:10:24,490 830 INFO wave4_premig_aml_clean odoo.modules.loading: loading auth_signup/views/res_users_views.xml 
2026-09-02 18:10:24,528 830 INFO wave4_premig_aml_clean odoo.modules.loading: loading auth_signup/views/auth_signup_login_templates.xml 
2026-09-02 18:10:24,556 830 INFO wave4_premig_aml_clean odoo.modules.loading: loading auth_signup/views/auth_signup_templates_email.xml 
2026-09-02 18:10:24,565 830 INFO wave4_premig_aml_clean odoo.modules.loading: loading auth_signup/views/webclient_templates.xml 
2026-09-02 18:10:24,607 830 INFO wave4_premig_aml_clean odoo.modules.loading: Module auth_signup loaded in 0.42s, 255 queries (+255 other) 
2026-09-02 18:10:24,608 830 INFO wave4_premig_aml_clean odoo.modules.loading: Loading module auth_totp_mail (25/69) 
2026-09-02 18:10:24,623 830 INFO wave4_premig_aml_clean odoo.registry: module auth_totp_mail: creating or updating database tables 
2026-09-02 18:10:24,686 830 INFO wave4_premig_aml_clean odoo.modules.loading: loading auth_totp_mail/data/ir_action_data.xml 
2026-09-02 18:10:24,720 830 INFO wave4_premig_aml_clean odoo.modules.loading: loading auth_totp_mail/data/mail_template_data.xml 
2026-09-02 18:10:24,775 830 INFO wave4_premig_aml_clean odoo.modules.loading: loading auth_totp_mail/data/security_notifications_template.xml 
2026-09-02 18:10:24,787 830 INFO wave4_premig_aml_clean odoo.modules.loading: loading auth_totp_mail/views/res_config_settings_views.xml 
2026-09-02 18:10:24,810 830 INFO wave4_premig_aml_clean odoo.modules.loading: loading auth_totp_mail/views/res_users_views.xml 
2026-09-02 18:10:24,836 830 INFO wave4_premig_aml_clean odoo.modules.loading: loading auth_totp_mail/views/templates.xml 
2026-09-02 18:10:24,873 830 INFO wave4_premig_aml_clean odoo.modules.loading: Module auth_totp_mail loaded in 0.27s, 189 queries (+189 other) 
2026-09-02 18:10:24,873 830 INFO wave4_premig_aml_clean odoo.modules.loading: Loading module base_install_request (26/69) 
2026-09-02 18:10:24,883 830 INFO wave4_premig_aml_clean odoo.registry: module base_install_request: creating or updating database tables 
2026-09-02 18:10:24,973 830 INFO wave4_premig_aml_clean odoo.modules.loading: loading base_install_request/security/ir.model.access.csv 
2026-09-02 18:10:24,989 830 INFO wave4_premig_aml_clean odoo.modules.loading: loading base_install_request/wizard/base_module_install_request_views.xml 
2026-09-02 18:10:25,017 830 INFO wave4_premig_aml_clean odoo.modules.loading: loading base_install_request/data/mail_template_data.xml 
2026-09-02 18:10:25,025 830 INFO wave4_premig_aml_clean odoo.modules.loading: loading base_install_request/data/mail_templates_module_install.xml 
2026-09-02 18:10:25,031 830 INFO wave4_premig_aml_clean odoo.modules.loading: loading base_install_request/views/ir_module_module_views.xml 
2026-09-02 18:10:25,068 830 INFO wave4_premig_aml_clean odoo.modules.loading: Module base_install_request loaded in 0.19s, 154 queries (+154 other) 
2026-09-02 18:10:25,068 830 INFO wave4_premig_aml_clean odoo.modules.loading: Loading module calendar (27/69) 
2026-09-02 18:10:25,106 830 INFO wave4_premig_aml_clean odoo.registry: module calendar: creating or updating database tables 
2026-09-02 18:10:25,637 830 INFO wave4_premig_aml_clean odoo.modules.loading: loading calendar/security/ir.model.access.csv 
2026-09-02 18:10:25,664 830 INFO wave4_premig_aml_clean odoo.modules.loading: loading calendar/security/calendar_security.xml 
2026-09-02 18:10:25,692 830 INFO wave4_premig_aml_clean odoo.modules.loading: loading calendar/data/calendar_cron.xml 
2026-09-02 18:10:25,733 830 INFO wave4_premig_aml_clean odoo.modules.loading: loading calendar/data/mail_template_data.xml 
2026-09-02 18:10:25,799 830 INFO wave4_premig_aml_clean odoo.modules.loading: loading calendar/data/calendar_data.xml 
2026-09-02 18:10:25,821 830 INFO wave4_premig_aml_clean odoo.modules.loading: loading calendar/data/mail_activity_type_data.xml 
2026-09-02 18:10:25,826 830 INFO wave4_premig_aml_clean odoo.modules.loading: loading calendar/data/mail_message_subtype_data.xml 
2026-09-02 18:10:25,831 830 INFO wave4_premig_aml_clean odoo.modules.loading: loading calendar/views/mail_activity_views.xml 
2026-09-02 18:10:25,856 830 INFO wave4_premig_aml_clean odoo.modules.loading: loading calendar/views/calendar_templates.xml 
2026-09-02 18:10:25,865 830 INFO wave4_premig_aml_clean odoo.modules.loading: loading calendar/views/calendar_views.xml 
2026-09-02 18:10:26,025 830 INFO wave4_premig_aml_clean odoo.modules.loading: loading calendar/views/res_config_settings_views.xml 
2026-09-02 18:10:26,043 830 INFO wave4_premig_aml_clean odoo.modules.loading: loading calendar/views/res_partner_views.xml 
2026-09-02 18:10:26,064 830 INFO wave4_premig_aml_clean odoo.modules.loading: loading calendar/views/res_users_views.xml 
2026-09-02 18:10:26,091 830 INFO wave4_premig_aml_clean odoo.modules.loading: loading calendar/wizard/calendar_provider_config.xml 
2026-09-02 18:10:26,103 830 INFO wave4_premig_aml_clean odoo.modules.loading: loading calendar/wizard/calendar_popover_delete_wizard.xml 
2026-09-02 18:10:26,122 830 INFO wave4_premig_aml_clean odoo.modules.loading: loading calendar/wizard/mail_activity_schedule_views.xml 
2026-09-02 18:10:26,178 830 INFO wave4_premig_aml_clean odoo.modules.loading: Module calendar loaded in 1.11s, 883 queries (+883 other) 
2026-09-02 18:10:26,178 830 INFO wave4_premig_aml_clean odoo.modules.loading: Loading module contacts (28/69) 
2026-09-02 18:10:26,203 830 INFO wave4_premig_aml_clean odoo.registry: module contacts: creating or updating database tables 
2026-09-02 18:10:26,265 830 INFO wave4_premig_aml_clean odoo.modules.loading: loading contacts/views/contact_views.xml 
2026-09-02 18:10:26,361 830 INFO wave4_premig_aml_clean odoo.modules.loading: Module contacts loaded in 0.18s, 209 queries (+209 other) 
2026-09-02 18:10:26,361 830 INFO wave4_premig_aml_clean odoo.modules.loading: Loading module google_gmail (29/69) 
2026-09-02 18:10:26,378 830 INFO wave4_premig_aml_clean odoo.registry: module google_gmail: creating or updating database tables 
2026-09-02 18:10:26,459 830 INFO wave4_premig_aml_clean odoo.modules.loading: loading google_gmail/views/fetchmail_server_views.xml 
2026-09-02 18:10:26,482 830 INFO wave4_premig_aml_clean odoo.modules.loading: loading google_gmail/views/ir_mail_server_views.xml 
2026-09-02 18:10:26,497 830 INFO wave4_premig_aml_clean odoo.modules.loading: loading google_gmail/views/res_config_settings_views.xml 
2026-09-02 18:10:26,524 830 INFO wave4_premig_aml_clean odoo.modules.loading: loading google_gmail/views/templates.xml 
2026-09-02 18:10:26,549 830 INFO wave4_premig_aml_clean odoo.modules.loading: Module google_gmail loaded in 0.19s, 155 queries (+155 other) 
2026-09-02 18:10:26,549 830 INFO wave4_premig_aml_clean odoo.modules.loading: Loading module html_builder (30/69) 
2026-09-02 18:10:26,603 830 INFO wave4_premig_aml_clean odoo.modules.loading: Module html_builder loaded in 0.05s, 10 queries (+10 other) 
2026-09-02 18:10:26,603 830 INFO wave4_premig_aml_clean odoo.modules.loading: Loading module iap_mail (31/69) 
2026-09-02 18:10:26,619 830 INFO wave4_premig_aml_clean odoo.registry: module iap_mail: creating or updating database tables 
2026-09-02 18:10:26,664 830 INFO wave4_premig_aml_clean odoo.modules.loading: loading iap_mail/data/mail_templates.xml 
2026-09-02 18:10:26,685 830 INFO wave4_premig_aml_clean odoo.modules.loading: loading iap_mail/views/iap_views.xml 
2026-09-02 18:10:26,715 830 INFO wave4_premig_aml_clean odoo.modules.loading: Module iap_mail loaded in 0.11s, 70 queries (+70 other) 
2026-09-02 18:10:26,715 830 INFO wave4_premig_aml_clean odoo.modules.loading: Loading module mail_bot (32/69) 
2026-09-02 18:10:26,736 830 INFO wave4_premig_aml_clean odoo.registry: module mail_bot: creating or updating database tables 
2026-09-02 18:10:26,804 830 INFO wave4_premig_aml_clean odoo.modules.loading: loading mail_bot/views/res_users_views.xml 
2026-09-02 18:10:26,828 830 INFO wave4_premig_aml_clean odoo.modules.loading: loading mail_bot/data/mailbot_data.xml 
2026-09-02 18:10:26,849 830 INFO wave4_premig_aml_clean odoo.modules.loading: Module mail_bot loaded in 0.13s, 109 queries (+109 other) 
2026-09-02 18:10:26,849 830 INFO wave4_premig_aml_clean odoo.modules.loading: Loading module microsoft_outlook (33/69) 
2026-09-02 18:10:26,871 830 INFO wave4_premig_aml_clean odoo.registry: module microsoft_outlook: creating or updating database tables 
2026-09-02 18:10:27,015 830 INFO wave4_premig_aml_clean odoo.modules.loading: loading microsoft_outlook/views/fetchmail_server_views.xml 
2026-09-02 18:10:27,038 830 INFO wave4_premig_aml_clean odoo.modules.loading: loading microsoft_outlook/views/ir_mail_server_views.xml 
2026-09-02 18:10:27,056 830 INFO wave4_premig_aml_clean odoo.modules.loading: loading microsoft_outlook/views/res_config_settings_views.xml 
2026-09-02 18:10:27,087 830 INFO wave4_premig_aml_clean odoo.modules.loading: loading microsoft_outlook/views/templates.xml 
2026-09-02 18:10:27,105 830 INFO wave4_premig_aml_clean odoo.modules.loading: Module microsoft_outlook loaded in 0.26s, 158 queries (+158 other) 
2026-09-02 18:10:27,105 830 INFO wave4_premig_aml_clean odoo.modules.loading: Loading module phone_validation (34/69) 
2026-09-02 18:10:27,236 830 INFO wave4_premig_aml_clean odoo.registry: module phone_validation: creating or updating database tables 
2026-09-02 18:10:27,267 830 INFO wave4_premig_aml_clean odoo.models: Prepare computation of res.partner.phone_sanitized 
2026-09-02 18:10:28,694 830 INFO wave4_premig_aml_clean odoo.modules.loading: loading phone_validation/security/ir.model.access.csv 
2026-09-02 18:10:28,708 830 INFO wave4_premig_aml_clean odoo.modules.loading: loading phone_validation/views/phone_blacklist_views.xml 
2026-09-02 18:10:28,749 830 INFO wave4_premig_aml_clean odoo.modules.loading: loading phone_validation/views/res_partner_views.xml 
2026-09-02 18:10:28,766 830 INFO wave4_premig_aml_clean odoo.modules.loading: loading phone_validation/wizard/phone_blacklist_remove_view.xml 
2026-09-02 18:10:28,796 830 INFO wave4_premig_aml_clean odoo.modules.loading: Module phone_validation loaded in 1.69s, 1856 queries (+1856 other) 
2026-09-02 18:10:28,796 830 INFO wave4_premig_aml_clean odoo.modules.loading: Loading module privacy_lookup (35/69) 
2026-09-02 18:10:28,820 830 INFO wave4_premig_aml_clean odoo.registry: module privacy_lookup: creating or updating database tables 
2026-09-02 18:10:29,001 830 INFO wave4_premig_aml_clean odoo.modules.loading: loading privacy_lookup/wizard/privacy_lookup_wizard_views.xml 
2026-09-02 18:10:29,074 830 INFO wave4_premig_aml_clean odoo.modules.loading: loading privacy_lookup/views/privacy_log_views.xml 
2026-09-02 18:10:29,106 830 INFO wave4_premig_aml_clean odoo.modules.loading: loading privacy_lookup/security/ir.model.access.csv 
2026-09-02 18:10:29,129 830 INFO wave4_premig_aml_clean odoo.modules.loading: loading privacy_lookup/data/ir_actions_server_data.xml 
2026-09-02 18:10:29,185 830 INFO wave4_premig_aml_clean odoo.modules.loading: Module privacy_lookup loaded in 0.39s, 296 queries (+296 other) 
2026-09-02 18:10:29,185 830 INFO wave4_premig_aml_clean odoo.modules.loading: Loading module product (36/69) 
2026-09-02 18:10:29,246 830 INFO wave4_premig_aml_clean odoo.registry: module product: creating or updating database tables 
2026-09-02 18:10:30,544 830 INFO wave4_premig_aml_clean odoo.modules.loading: loading product/data/product_data.xml 
2026-09-02 18:10:30,592 830 INFO wave4_premig_aml_clean odoo.modules.loading: loading product/security/product_security.xml 
2026-09-02 18:10:30,770 830 INFO wave4_premig_aml_clean odoo.modules.loading: loading product/security/ir.model.access.csv 
2026-09-02 18:10:30,813 830 INFO wave4_premig_aml_clean odoo.modules.loading: loading product/wizard/product_label_layout_views.xml 
2026-09-02 18:10:30,838 830 INFO wave4_premig_aml_clean odoo.modules.loading: loading product/wizard/update_product_attribute_value_views.xml 
2026-09-02 18:10:30,853 830 INFO wave4_premig_aml_clean odoo.modules.loading: loading product/views/product_tag_views.xml 
2026-09-02 18:10:30,878 830 INFO wave4_premig_aml_clean odoo.modules.loading: loading product/views/product_views.xml 
2026-09-02 18:10:31,058 830 INFO wave4_premig_aml_clean odoo.modules.loading: loading product/views/res_config_settings_views.xml 
2026-09-02 18:10:31,082 830 INFO wave4_premig_aml_clean odoo.modules.loading: loading product/views/product_attribute_views.xml 
2026-09-02 18:10:31,136 830 INFO wave4_premig_aml_clean odoo.modules.loading: loading product/views/product_attribute_value_views.xml 
2026-09-02 18:10:31,143 830 INFO wave4_premig_aml_clean odoo.modules.loading: loading product/views/product_category_views.xml 
2026-09-02 18:10:31,168 830 INFO wave4_premig_aml_clean odoo.modules.loading: loading product/views/product_combo_views.xml 
2026-09-02 18:10:31,218 830 INFO wave4_premig_aml_clean odoo.modules.loading: loading product/views/product_document_views.xml 
2026-09-02 18:10:31,272 830 INFO wave4_premig_aml_clean odoo.modules.loading: loading product/views/product_pricelist_item_views.xml 
2026-09-02 18:10:31,325 830 INFO wave4_premig_aml_clean odoo.modules.loading: loading product/views/product_pricelist_views.xml 
2026-09-02 18:10:31,364 830 INFO wave4_premig_aml_clean odoo.modules.loading: loading product/views/product_supplierinfo_views.xml 
2026-09-02 18:10:31,396 830 INFO wave4_premig_aml_clean odoo.modules.loading: loading product/views/product_template_attribute_line_views.xml 
2026-09-02 18:10:31,404 830 INFO wave4_premig_aml_clean odoo.modules.loading: loading product/views/product_template_views.xml 
2026-09-02 18:10:31,504 830 INFO wave4_premig_aml_clean odoo.modules.loading: loading product/views/res_country_group_views.xml 
2026-09-02 18:10:31,533 830 INFO wave4_premig_aml_clean odoo.modules.loading: loading product/views/res_partner_views.xml 
2026-09-02 18:10:31,553 830 INFO wave4_premig_aml_clean odoo.modules.loading: loading product/views/uom_views.xml 
2026-09-02 18:10:31,576 830 INFO wave4_premig_aml_clean odoo.modules.loading: loading product/report/product_reports.xml 
2026-09-02 18:10:31,608 830 INFO wave4_premig_aml_clean odoo.modules.loading: loading product/report/product_product_templates.xml 
2026-09-02 18:10:31,656 830 INFO wave4_premig_aml_clean odoo.modules.loading: loading product/report/product_template_templates.xml 
2026-09-02 18:10:31,683 830 INFO wave4_premig_aml_clean odoo.modules.loading: loading product/report/product_packaging.xml 
2026-09-02 18:10:31,694 830 INFO wave4_premig_aml_clean odoo.modules.loading: loading product/report/product_pricelist_report_templates.xml 
2026-09-02 18:10:31,767 830 INFO wave4_premig_aml_clean odoo.modules.loading: Module product loaded in 2.58s, 1637 queries (+1637 other) 
2026-09-02 18:10:31,767 830 INFO wave4_premig_aml_clean odoo.modules.loading: Loading module resource_mail (37/69) 
2026-09-02 18:10:31,781 830 INFO wave4_premig_aml_clean odoo.registry: module resource_mail: creating or updating database tables 
2026-09-02 18:10:31,849 830 INFO wave4_premig_aml_clean odoo.modules.loading: Module resource_mail loaded in 0.08s, 36 queries (+36 other) 
2026-09-02 18:10:31,849 830 INFO wave4_premig_aml_clean odoo.modules.loading: Loading module sales_team (38/69) 
2026-09-02 18:10:31,914 830 INFO wave4_premig_aml_clean odoo.registry: module sales_team: creating or updating database tables 
2026-09-02 18:10:31,980 830 INFO wave4_premig_aml_clean odoo.models: Prepare computation of res.users.sale_team_id 
2026-09-02 18:10:32,139 830 INFO wave4_premig_aml_clean odoo.modules.loading: loading sales_team/security/sales_team_security.xml 
2026-09-02 18:10:32,204 830 INFO wave4_premig_aml_clean odoo.modules.loading: loading sales_team/security/ir.model.access.csv 
2026-09-02 18:10:32,218 830 INFO wave4_premig_aml_clean odoo.modules.loading: loading sales_team/data/crm_team_data.xml 
2026-09-02 18:10:32,274 830 INFO wave4_premig_aml_clean odoo.modules.loading: loading sales_team/views/crm_tag_views.xml 
2026-09-02 18:10:32,297 830 INFO wave4_premig_aml_clean odoo.modules.loading: loading sales_team/views/crm_team_views.xml 
2026-09-02 18:10:32,348 830 INFO wave4_premig_aml_clean odoo.modules.loading: loading sales_team/views/crm_team_member_views.xml 
2026-09-02 18:10:32,423 830 INFO wave4_premig_aml_clean odoo.modules.loading: loading sales_team/views/mail_activity_views.xml 
2026-09-02 18:10:32,531 830 INFO wave4_premig_aml_clean odoo.modules.loading: Module sales_team loaded in 0.68s, 365 queries (+365 other) 
2026-09-02 18:10:32,532 830 INFO wave4_premig_aml_clean odoo.modules.loading: Loading module partner_autocomplete (39/69) 
2026-09-02 18:10:32,564 830 INFO wave4_premig_aml_clean odoo.registry: module partner_autocomplete: creating or updating database tables 
2026-09-02 18:10:32,689 830 INFO wave4_premig_aml_clean odoo.modules.loading: loading partner_autocomplete/views/res_company_views.xml 
2026-09-02 18:10:32,711 830 INFO wave4_premig_aml_clean odoo.modules.loading: loading partner_autocomplete/views/res_config_settings_views.xml 
2026-09-02 18:10:32,740 830 INFO wave4_premig_aml_clean odoo.modules.loading: loading partner_autocomplete/data/iap_service_data.xml 
2026-09-02 18:10:32,761 830 INFO wave4_premig_aml_clean odoo.modules.loading: Module partner_autocomplete loaded in 0.23s, 144 queries (+144 other) 
2026-09-02 18:10:32,761 830 INFO wave4_premig_aml_clean odoo.modules.loading: Loading module portal (40/69) 
2026-09-02 18:10:32,823 830 INFO wave4_premig_aml_clean odoo.registry: module portal: creating or updating database tables 
2026-09-02 18:10:33,206 830 INFO wave4_premig_aml_clean odoo.modules.loading: loading portal/security/ir.model.access.csv 
2026-09-02 18:10:33,220 830 INFO wave4_premig_aml_clean odoo.modules.loading: loading portal/data/mail_templates.xml 
2026-09-02 18:10:33,231 830 INFO wave4_premig_aml_clean odoo.modules.loading: loading portal/views/address_templates.xml 
2026-09-02 18:10:33,275 830 INFO wave4_premig_aml_clean odoo.modules.loading: loading portal/views/mail_templates_public.xml 
2026-09-02 18:10:33,289 830 INFO wave4_premig_aml_clean odoo.modules.loading: loading portal/views/portal_templates.xml 
2026-09-02 18:10:33,502 830 INFO wave4_premig_aml_clean odoo.modules.loading: loading portal/views/res_config_settings_views.xml 
2026-09-02 18:10:33,563 830 INFO wave4_premig_aml_clean odoo.modules.loading: loading portal/wizard/portal_share_views.xml 
2026-09-02 18:10:33,582 830 INFO wave4_premig_aml_clean odoo.modules.loading: loading portal/wizard/portal_wizard_views.xml 
2026-09-02 18:10:33,652 830 INFO wave4_premig_aml_clean odoo.modules.loading: Module portal loaded in 0.89s, 625 queries (+625 other) 
2026-09-02 18:10:33,653 830 INFO wave4_premig_aml_clean odoo.modules.loading: Loading module sms (41/69) 
2026-09-02 18:10:33,791 830 INFO wave4_premig_aml_clean odoo.registry: module sms: creating or updating database tables 
2026-09-02 18:10:33,809 830 INFO wave4_premig_aml_clean odoo.models: Prepare computation of ir.actions.server.sms_template_id 
2026-09-02 18:10:33,809 830 INFO wave4_premig_aml_clean odoo.models: Prepare computation of ir.actions.server.sms_method 
2026-09-02 18:10:35,520 830 INFO wave4_premig_aml_clean odoo.modules.loading: loading sms/data/iap_service_data.xml 
2026-09-02 18:10:35,527 830 INFO wave4_premig_aml_clean odoo.modules.loading: loading sms/data/ir_cron_data.xml 
2026-09-02 18:10:35,559 830 INFO wave4_premig_aml_clean odoo.modules.loading: loading sms/wizard/sms_account_code_views.xml 
2026-09-02 18:10:35,576 830 INFO wave4_premig_aml_clean odoo.modules.loading: loading sms/wizard/sms_account_phone_views.xml 
2026-09-02 18:10:35,586 830 INFO wave4_premig_aml_clean odoo.modules.loading: loading sms/wizard/sms_account_sender_views.xml 
2026-09-02 18:10:35,597 830 INFO wave4_premig_aml_clean odoo.modules.loading: loading sms/wizard/sms_composer_views.xml 
2026-09-02 18:10:35,616 830 INFO wave4_premig_aml_clean odoo.modules.loading: loading sms/wizard/sms_template_preview_views.xml 
2026-09-02 18:10:35,631 830 INFO wave4_premig_aml_clean odoo.modules.loading: loading sms/wizard/sms_template_reset_views.xml 
2026-09-02 18:10:35,646 830 INFO wave4_premig_aml_clean odoo.modules.loading: loading sms/views/ir_actions_server_views.xml 
2026-09-02 18:10:35,667 830 INFO wave4_premig_aml_clean odoo.modules.loading: loading sms/views/mail_notification_views.xml 
2026-09-02 18:10:35,689 830 INFO wave4_premig_aml_clean odoo.modules.loading: loading sms/views/res_config_settings_views.xml 
2026-09-02 18:10:35,711 830 INFO wave4_premig_aml_clean odoo.modules.loading: loading sms/views/res_partner_views.xml 
2026-09-02 18:10:35,737 830 INFO wave4_premig_aml_clean odoo.modules.loading: loading sms/views/iap_account_views.xml 
2026-09-02 18:10:35,755 830 INFO wave4_premig_aml_clean odoo.modules.loading: loading sms/views/sms_sms_views.xml 
2026-09-02 18:10:35,795 830 INFO wave4_premig_aml_clean odoo.modules.loading: loading sms/views/sms_template_views.xml 
2026-09-02 18:10:35,836 830 INFO wave4_premig_aml_clean odoo.modules.loading: loading sms/security/ir.model.access.csv 
2026-09-02 18:10:35,885 830 INFO wave4_premig_aml_clean odoo.modules.loading: loading sms/security/sms_security.xml 
2026-09-02 18:10:35,927 830 INFO wave4_premig_aml_clean odoo.modules.loading: Module sms loaded in 2.27s, 2488 queries (+2488 other) 
2026-09-02 18:10:35,927 830 INFO wave4_premig_aml_clean odoo.modules.loading: Loading module snailmail (42/69) 
2026-09-02 18:10:36,070 830 INFO wave4_premig_aml_clean odoo.registry: module snailmail: creating or updating database tables 
2026-09-02 18:10:36,459 830 INFO wave4_premig_aml_clean odoo.modules.loading: loading snailmail/data/iap_service_data.xml 
2026-09-02 18:10:36,467 830 INFO wave4_premig_aml_clean odoo.modules.loading: loading snailmail/data/snailmail_data.xml 
2026-09-02 18:10:36,503 830 INFO wave4_premig_aml_clean odoo.modules.loading: loading snailmail/views/report_assets.xml 
2026-09-02 18:10:36,522 830 INFO wave4_premig_aml_clean odoo.modules.loading: loading snailmail/views/snailmail_views.xml 
2026-09-02 18:10:36,551 830 INFO wave4_premig_aml_clean odoo.modules.loading: loading snailmail/security/ir.model.access.csv 
2026-09-02 18:10:36,587 830 INFO wave4_premig_aml_clean odoo.modules.loading: Module snailmail loaded in 0.66s, 491 queries (+491 other) 
2026-09-02 18:10:36,587 830 INFO wave4_premig_aml_clean odoo.modules.loading: Loading module auth_passkey_portal (43/69) 
2026-09-02 18:10:36,609 830 INFO wave4_premig_aml_clean odoo.modules.loading: loading auth_passkey_portal/views/templates.xml 
2026-09-02 18:10:36,671 830 INFO wave4_premig_aml_clean odoo.modules.loading: Module auth_passkey_portal loaded in 0.08s, 22 queries (+22 other) 
2026-09-02 18:10:36,671 830 INFO wave4_premig_aml_clean odoo.modules.loading: Loading module auth_totp_portal (44/69) 
2026-09-02 18:10:36,689 830 INFO wave4_premig_aml_clean odoo.registry: module auth_totp_portal: creating or updating database tables 
2026-09-02 18:10:36,723 830 INFO wave4_premig_aml_clean odoo.modules.loading: loading auth_totp_portal/security/security.xml 
2026-09-02 18:10:36,747 830 INFO wave4_premig_aml_clean odoo.modules.loading: loading auth_totp_portal/views/templates.xml 
2026-09-02 18:10:36,774 830 INFO wave4_premig_aml_clean odoo.modules.loading: Module auth_totp_portal loaded in 0.10s, 70 queries (+70 other) 
2026-09-02 18:10:36,774 830 INFO wave4_premig_aml_clean odoo.modules.loading: Loading module calendar_sms (45/69) 
2026-09-02 18:10:36,786 830 INFO wave4_premig_aml_clean odoo.registry: module calendar_sms: creating or updating database tables 
2026-09-02 18:10:36,792 830 INFO wave4_premig_aml_clean odoo.models: Prepare computation of calendar.alarm.sms_template_id 
2026-09-02 18:10:36,848 830 INFO wave4_premig_aml_clean odoo.modules.loading: loading calendar_sms/data/sms_data.xml 
2026-09-02 18:10:36,856 830 INFO wave4_premig_aml_clean odoo.modules.loading: loading calendar_sms/views/calendar_views.xml 
2026-09-02 18:10:36,917 830 INFO wave4_premig_aml_clean odoo.modules.loading: Module calendar_sms loaded in 0.14s, 106 queries (+106 other) 
2026-09-02 18:10:36,917 830 INFO wave4_premig_aml_clean odoo.modules.loading: Loading module digest (46/69) 
2026-09-02 18:10:36,948 830 INFO wave4_premig_aml_clean odoo.registry: module digest: creating or updating database tables 
2026-09-02 18:10:37,111 830 INFO wave4_premig_aml_clean odoo.modules.loading: loading digest/security/ir.model.access.csv 
2026-09-02 18:10:37,124 830 INFO wave4_premig_aml_clean odoo.modules.loading: loading digest/data/digest_data.xml 
2026-09-02 18:10:37,158 830 INFO wave4_premig_aml_clean odoo.modules.loading: loading digest/data/digest_tips_data.xml 
2026-09-02 18:10:37,182 830 INFO wave4_premig_aml_clean odoo.modules.loading: loading digest/data/ir_cron_data.xml 
2026-09-02 18:10:37,214 830 INFO wave4_premig_aml_clean odoo.modules.loading: loading digest/data/res_config_settings_data.xml 
2026-09-02 18:10:37,222 830 INFO wave4_premig_aml_clean odoo.modules.loading: loading digest/views/digest_views.xml 
2026-09-02 18:10:37,288 830 INFO wave4_premig_aml_clean odoo.modules.loading: loading digest/views/digest_templates.xml 
2026-09-02 18:10:37,296 830 INFO wave4_premig_aml_clean odoo.modules.loading: loading digest/views/res_config_settings_views.xml 
2026-09-02 18:10:37,347 830 INFO wave4_premig_aml_clean odoo.modules.loading: Module digest loaded in 0.43s, 326 queries (+326 other) 
2026-09-02 18:10:37,347 830 INFO wave4_premig_aml_clean odoo.modules.loading: Loading module payment (47/69) 
2026-09-02 18:10:37,387 830 INFO wave4_premig_aml_clean odoo.registry: module payment: creating or updating database tables 
2026-09-02 18:10:37,894 830 INFO wave4_premig_aml_clean odoo.modules.loading: loading payment/data/ir_actions_server_data.xml 
2026-09-02 18:10:37,920 830 INFO wave4_premig_aml_clean odoo.modules.loading: loading payment/data/payment_method_data.xml 
2026-09-02 18:10:40,158 830 INFO wave4_premig_aml_clean odoo.modules.loading: loading payment/data/payment_provider_data.xml 
2026-09-02 18:10:40,488 830 INFO wave4_premig_aml_clean odoo.modules.loading: loading payment/data/payment_cron.xml 
2026-09-02 18:10:40,523 830 INFO wave4_premig_aml_clean odoo.modules.loading: loading payment/views/express_checkout_templates.xml 
2026-09-02 18:10:40,536 830 INFO wave4_premig_aml_clean odoo.modules.loading: loading payment/views/payment_form_templates.xml 
2026-09-02 18:10:40,633 830 INFO wave4_premig_aml_clean odoo.modules.loading: loading payment/views/portal_templates.xml 
2026-09-02 18:10:40,728 830 INFO wave4_premig_aml_clean odoo.modules.loading: loading payment/views/payment_provider_views.xml 
2026-09-02 18:10:40,800 830 INFO wave4_premig_aml_clean odoo.modules.loading: loading payment/views/payment_method_views.xml 
2026-09-02 18:10:40,839 830 INFO wave4_premig_aml_clean odoo.modules.loading: loading payment/views/payment_transaction_views.xml 
2026-09-02 18:10:40,923 830 INFO wave4_premig_aml_clean odoo.modules.loading: loading payment/views/payment_token_views.xml 
2026-09-02 18:10:40,977 830 INFO wave4_premig_aml_clean odoo.modules.loading: loading payment/views/res_partner_views.xml 
2026-09-02 18:10:41,003 830 INFO wave4_premig_aml_clean odoo.modules.loading: loading payment/security/ir.model.access.csv 
2026-09-02 18:10:42,004 830 INFO wave4_premig_aml_clean odoo.modules.loading: loading payment/security/payment_security.xml 
2026-09-02 18:10:42,061 830 INFO wave4_premig_aml_clean odoo.modules.loading: loading payment/wizards/payment_capture_wizard_views.xml 
2026-09-02 18:10:42,081 830 INFO wave4_premig_aml_clean odoo.modules.loading: loading payment/wizards/payment_link_wizard_views.xml 
2026-09-02 18:10:42,118 830 INFO wave4_premig_aml_clean odoo.modules.loading: Module payment loaded in 4.77s, 2517 queries (+2517 other) 
2026-09-02 18:10:42,119 830 INFO wave4_premig_aml_clean odoo.modules.loading: Loading module spreadsheet (48/69) 
2026-09-02 18:10:42,137 830 INFO wave4_premig_aml_clean odoo.registry: module spreadsheet: creating or updating database tables 
2026-09-02 18:10:42,209 830 INFO wave4_premig_aml_clean odoo.modules.loading: loading spreadsheet/views/public_readonly_spreadsheet_templates.xml 
2026-09-02 18:10:42,232 830 INFO wave4_premig_aml_clean odoo.modules.loading: Module spreadsheet loaded in 0.11s, 93 queries (+93 other) 
2026-09-02 18:10:42,232 830 INFO wave4_premig_aml_clean odoo.modules.loading: Loading module account (49/69) 
2026-09-02 18:10:42,390 830 INFO wave4_premig_aml_clean odoo.registry: module account: creating or updating database tables 
2026-09-02 18:10:42,787 830 INFO wave4_premig_aml_clean odoo.models: Prepare computation of res.company.domestic_fiscal_position_id 
2026-09-02 18:10:42,787 830 INFO wave4_premig_aml_clean odoo.models: Prepare computation of res.company.account_fiscal_country_id 
2026-09-02 18:10:42,787 830 INFO wave4_premig_aml_clean odoo.models: Prepare computation of res.company.invoice_terms_html 
2026-09-02 18:10:42,787 830 INFO wave4_premig_aml_clean odoo.models: Prepare computation of res.company.account_storno 
2026-09-02 18:10:46,075 830 INFO wave4_premig_aml_clean odoo.modules.loading: loading account/security/account_security.xml 
2026-09-02 18:10:46,348 830 INFO wave4_premig_aml_clean odoo.modules.loading: loading account/security/ir.model.access.csv 
2026-09-02 18:10:46,412 830 INFO wave4_premig_aml_clean odoo.modules.loading: loading account/data/account_data.xml 
2026-09-02 18:10:46,524 830 INFO wave4_premig_aml_clean odoo.modules.loading: loading account/data/digest_data.xml 
2026-09-02 18:10:46,538 830 INFO wave4_premig_aml_clean odoo.modules.loading: loading account/views/account_report.xml 
2026-09-02 18:10:46,566 830 INFO wave4_premig_aml_clean odoo.modules.loading: loading account/data/mail_template_data.xml 
2026-09-02 18:10:46,628 830 INFO wave4_premig_aml_clean odoo.modules.loading: loading account/data/onboarding_data.xml 
2026-09-02 18:10:46,665 830 INFO wave4_premig_aml_clean odoo.modules.loading: loading account/data/account_tour.xml 
2026-09-02 18:10:46,676 830 INFO wave4_premig_aml_clean odoo.modules.loading: loading account/data/ir_sequence.xml 
2026-09-02 18:10:46,685 830 INFO wave4_premig_aml_clean odoo.modules.loading: loading account/data/res_country_group.xml 
2026-09-02 18:10:46,718 830 INFO wave4_premig_aml_clean odoo.modules.loading: loading account/views/account_payment_view.xml 
2026-09-02 18:10:46,833 830 INFO wave4_premig_aml_clean odoo.modules.loading: loading account/wizard/account_automatic_entry_wizard_views.xml 
2026-09-02 18:10:46,850 830 INFO wave4_premig_aml_clean odoo.modules.loading: loading account/wizard/account_autopost_bills_wizard.xml 
2026-09-02 18:10:46,863 830 INFO wave4_premig_aml_clean odoo.modules.loading: loading account/wizard/account_unreconcile_view.xml 
2026-09-02 18:10:46,880 830 INFO wave4_premig_aml_clean odoo.modules.loading: loading account/wizard/account_move_reversal_view.xml 
2026-09-02 18:10:46,897 830 INFO wave4_premig_aml_clean odoo.modules.loading: loading account/wizard/account_resequence_views.xml 
2026-09-02 18:10:46,913 830 INFO wave4_premig_aml_clean odoo.modules.loading: loading account/wizard/account_payment_register_views.xml 
2026-09-02 18:10:46,931 830 INFO wave4_premig_aml_clean odoo.modules.loading: loading account/views/account_move_views.xml 
2026-09-02 18:10:47,719 830 INFO wave4_premig_aml_clean odoo.modules.loading: loading account/wizard/setup_wizards_view.xml 
2026-09-02 18:10:47,757 830 INFO wave4_premig_aml_clean odoo.modules.loading: loading account/views/account_account_views.xml 
2026-09-02 18:10:47,817 830 INFO wave4_premig_aml_clean odoo.modules.loading: loading account/views/account_group_views.xml 
2026-09-02 18:10:47,842 830 INFO wave4_premig_aml_clean odoo.modules.loading: loading account/views/account_journal_views.xml 
2026-09-02 18:10:47,922 830 INFO wave4_premig_aml_clean odoo.modules.loading: loading account/views/account_account_tag_views.xml 
2026-09-02 18:10:47,955 830 INFO wave4_premig_aml_clean odoo.modules.loading: loading account/views/account_bank_statement_views.xml 
2026-09-02 18:10:48,006 830 INFO wave4_premig_aml_clean odoo.modules.loading: loading account/views/account_reconcile_model_views.xml 
2026-09-02 18:10:48,044 830 INFO wave4_premig_aml_clean odoo.modules.loading: loading account/views/account_tax_views.xml 
2026-09-02 18:10:48,182 830 INFO wave4_premig_aml_clean odoo.modules.loading: loading account/views/account_full_reconcile_views.xml 
2026-09-02 18:10:48,204 830 INFO wave4_premig_aml_clean odoo.modules.loading: loading account/views/account_payment_term_views.xml 
2026-09-02 18:10:48,294 830 INFO wave4_premig_aml_clean odoo.modules.loading: loading account/views/account_payment_method.xml 
2026-09-02 18:10:48,325 830 INFO wave4_premig_aml_clean odoo.modules.loading: loading account/views/res_partner_bank_views.xml 
2026-09-02 18:10:48,387 830 INFO wave4_premig_aml_clean odoo.modules.loading: loading account/views/report_statement.xml 
2026-09-02 18:10:48,422 830 INFO wave4_premig_aml_clean odoo.modules.loading: loading account/views/terms_template.xml 
2026-09-02 18:10:48,449 830 INFO wave4_premig_aml_clean odoo.modules.loading: loading account/wizard/account_validate_move_view.xml 
2026-09-02 18:10:48,482 830 INFO wave4_premig_aml_clean odoo.modules.loading: loading account/views/res_company_views.xml 
2026-09-02 18:10:48,552 830 INFO wave4_premig_aml_clean odoo.modules.loading: loading account/views/product_view.xml 
2026-09-02 18:10:48,689 830 INFO wave4_premig_aml_clean odoo.modules.loading: loading account/views/account_analytic_plan_views.xml 
2026-09-02 18:10:48,718 830 INFO wave4_premig_aml_clean odoo.modules.loading: loading account/views/account_analytic_account_views.xml 
2026-09-02 18:10:48,778 830 INFO wave4_premig_aml_clean odoo.modules.loading: loading account/views/account_analytic_distribution_model_views.xml 
2026-09-02 18:10:48,815 830 INFO wave4_premig_aml_clean odoo.modules.loading: loading account/views/account_analytic_line_views.xml 
2026-09-02 18:10:48,897 830 INFO wave4_premig_aml_clean odoo.modules.loading: loading account/views/report_invoice.xml 
2026-09-02 18:10:49,042 830 INFO wave4_premig_aml_clean odoo.modules.loading: loading account/report/account_invoice_report_view.xml 
2026-09-02 18:10:49,141 830 INFO wave4_premig_aml_clean odoo.modules.loading: loading account/views/account_cash_rounding_view.xml 
2026-09-02 18:10:49,202 830 INFO wave4_premig_aml_clean odoo.modules.loading: loading account/views/ir_actions_views.xml 
2026-09-02 18:10:49,229 830 INFO wave4_premig_aml_clean odoo.modules.loading: loading account/views/ir_module_views.xml 
2026-09-02 18:10:49,255 830 INFO wave4_premig_aml_clean odoo.modules.loading: loading account/views/base_document_layout_views.xml 
2026-09-02 18:10:49,283 830 INFO wave4_premig_aml_clean odoo.modules.loading: loading account/views/res_config_settings_views.xml 
2026-09-02 18:10:49,400 830 INFO wave4_premig_aml_clean odoo.modules.loading: loading account/views/partner_view.xml 
2026-09-02 18:10:49,589 830 INFO wave4_premig_aml_clean odoo.modules.loading: loading account/views/account_journal_dashboard_view.xml 
2026-09-02 18:10:49,619 830 INFO wave4_premig_aml_clean odoo.modules.loading: loading account/views/account_portal_templates.xml 
2026-09-02 18:10:49,691 830 INFO wave4_premig_aml_clean odoo.modules.loading: loading account/views/report_payment_receipt_templates.xml 
2026-09-02 18:10:49,711 830 INFO wave4_premig_aml_clean odoo.modules.loading: loading account/data/service_cron.xml 
2026-09-02 18:10:49,759 830 INFO wave4_premig_aml_clean odoo.modules.loading: loading account/views/account_incoterms_view.xml 
2026-09-02 18:10:49,792 830 INFO wave4_premig_aml_clean odoo.modules.loading: loading account/data/account_incoterms_data.xml 
2026-09-02 18:10:49,819 830 INFO wave4_premig_aml_clean odoo.modules.loading: loading account/views/digest_views.xml 
2026-09-02 18:10:49,840 830 INFO wave4_premig_aml_clean odoo.modules.loading: loading account/wizard/account_move_send_wizard.xml 
2026-09-02 18:10:49,875 830 INFO wave4_premig_aml_clean odoo.modules.loading: loading account/wizard/account_move_send_batch_wizard.xml 
2026-09-02 18:10:49,904 830 INFO wave4_premig_aml_clean odoo.modules.loading: loading account/report/account_hash_integrity_templates.xml 
2026-09-02 18:10:49,922 830 INFO wave4_premig_aml_clean odoo.modules.loading: loading account/views/res_currency.xml 
2026-09-02 18:10:49,942 830 INFO wave4_premig_aml_clean odoo.modules.loading: loading account/views/res_country_group_view.xml 
2026-09-02 18:10:49,961 830 INFO wave4_premig_aml_clean odoo.modules.loading: loading account/views/account_menuitem.xml 
2026-09-02 18:10:50,208 830 INFO wave4_premig_aml_clean odoo.modules.loading: loading account/wizard/account_secure_entries_wizard.xml 
2026-09-02 18:10:50,236 830 INFO wave4_premig_aml_clean odoo.modules.loading: loading account/views/mail_message_views.xml 
2026-09-02 18:10:50,263 830 INFO wave4_premig_aml_clean odoo.modules.loading: loading account/wizard/accrued_orders.xml 
2026-09-02 18:10:50,278 830 INFO wave4_premig_aml_clean odoo.modules.loading: loading account/views/bill_preview_template.xml 
2026-09-02 18:10:50,293 830 INFO wave4_premig_aml_clean odoo.modules.loading: loading account/data/account_reports_data.xml 
2026-09-02 18:10:50,365 830 INFO wave4_premig_aml_clean odoo.modules.loading: loading account/views/uom_uom_views.xml 
2026-09-02 18:10:50,397 830 INFO wave4_premig_aml_clean odoo.modules.loading: loading account/views/product_views.xml 
2026-09-02 18:10:50,454 830 INFO wave4_premig_aml_clean odoo.modules.loading: loading account/views/tests_shared_js_python.xml 
2026-09-02 18:10:50,473 830 INFO wave4_premig_aml_clean odoo.modules.loading: loading account/views/account_lock_exception_views.xml 
2026-09-02 18:10:50,504 830 INFO wave4_premig_aml_clean odoo.modules.loading: loading account/views/report_templates.xml 
2026-09-02 18:10:50,539 830 INFO wave4_premig_aml_clean odoo.modules.loading: loading account/wizard/account_merge_wizard_views.xml 
2026-09-02 18:10:50,560 830 INFO wave4_premig_aml_clean odoo.modules.loading: loading account/data/ir_config_parameter_data.xml 
2026-09-02 18:10:50,726 830 INFO wave4_premig_aml_clean odoo.modules.loading: Module account loaded in 8.49s, 5779 queries (+5779 other) 
2026-09-02 18:10:50,726 830 INFO wave4_premig_aml_clean odoo.modules.loading: Loading module crm (50/69) 
2026-09-02 18:10:50,830 830 INFO wave4_premig_aml_clean odoo.registry: module crm: creating or updating database tables 
2026-09-02 18:10:51,556 830 INFO wave4_premig_aml_clean odoo.addons.mail.models.mail_alias_mixin: Mail alias created for crm.team Sales (id 1) 
2026-09-02 18:10:51,558 830 INFO wave4_premig_aml_clean odoo.addons.mail.models.mail_alias_mixin: Mail alias created for crm.team Point of Sale (id 3) 
2026-09-02 18:10:51,561 830 INFO wave4_premig_aml_clean odoo.addons.mail.models.mail_alias_mixin: Mail alias created for crm.team Website (id 2) 
2026-09-02 18:10:52,226 830 INFO wave4_premig_aml_clean odoo.modules.loading: loading crm/security/crm_security.xml 
2026-09-02 18:10:52,304 830 INFO wave4_premig_aml_clean odoo.modules.loading: loading crm/security/ir.model.access.csv 
2026-09-02 18:10:52,340 830 INFO wave4_premig_aml_clean odoo.modules.loading: loading crm/data/crm_lead_merge_template.xml 
2026-09-02 18:10:52,356 830 INFO wave4_premig_aml_clean odoo.modules.loading: loading crm/data/crm_lead_prediction_data.xml 
2026-09-02 18:10:52,501 830 INFO wave4_premig_aml_clean odoo.modules.loading: loading crm/data/crm_lost_reason_data.xml 
2026-09-02 18:10:52,511 830 INFO wave4_premig_aml_clean odoo.modules.loading: loading crm/data/crm_stage_data.xml 
2026-09-02 18:10:52,533 830 INFO wave4_premig_aml_clean odoo.modules.loading: loading crm/data/crm_team_data.xml 
2026-09-02 18:10:52,603 830 INFO wave4_premig_aml_clean odoo.modules.loading: loading crm/data/digest_data.xml 
2026-09-02 18:10:52,669 830 INFO wave4_premig_aml_clean odoo.modules.loading: loading crm/data/ir_action_data.xml 
2026-09-02 18:10:52,732 830 INFO wave4_premig_aml_clean odoo.modules.loading: loading crm/data/ir_cron_data.xml 
2026-09-02 18:10:52,777 830 INFO wave4_premig_aml_clean odoo.modules.loading: loading crm/data/mail_message_subtype_data.xml 
2026-09-02 18:10:52,818 830 INFO wave4_premig_aml_clean odoo.modules.loading: loading crm/data/crm_recurring_plan_data.xml 
2026-09-02 18:10:52,832 830 INFO wave4_premig_aml_clean odoo.modules.loading: loading crm/data/crm_tour.xml 
2026-09-02 18:10:52,845 830 INFO wave4_premig_aml_clean odoo.modules.loading: loading crm/wizard/crm_lead_lost_views.xml 
2026-09-02 18:10:52,879 830 INFO wave4_premig_aml_clean odoo.modules.loading: loading crm/wizard/crm_lead_to_opportunity_views.xml 
2026-09-02 18:10:52,920 830 INFO wave4_premig_aml_clean odoo.modules.loading: loading crm/wizard/crm_lead_to_opportunity_mass_views.xml 
2026-09-02 18:10:52,951 830 INFO wave4_premig_aml_clean odoo.modules.loading: loading crm/wizard/crm_merge_opportunities_views.xml 
2026-09-02 18:10:52,979 830 INFO wave4_premig_aml_clean odoo.modules.loading: loading crm/wizard/crm_lead_pls_update_views.xml 
2026-09-02 18:10:53,008 830 INFO wave4_premig_aml_clean odoo.modules.loading: loading crm/views/calendar_views.xml 
2026-09-02 18:10:53,032 830 INFO wave4_premig_aml_clean odoo.modules.loading: loading crm/views/crm_recurring_plan_views.xml 
2026-09-02 18:10:53,058 830 INFO wave4_premig_aml_clean odoo.modules.loading: loading crm/views/crm_lost_reason_views.xml 
2026-09-02 18:10:53,095 830 INFO wave4_premig_aml_clean odoo.modules.loading: loading crm/views/crm_stage_views.xml 
2026-09-02 18:10:53,125 830 INFO wave4_premig_aml_clean odoo.modules.loading: loading crm/views/crm_lead_views.xml 
2026-09-02 18:10:53,555 830 INFO wave4_premig_aml_clean odoo.modules.loading: loading crm/views/crm_team_member_views.xml 
2026-09-02 18:10:53,638 830 INFO wave4_premig_aml_clean odoo.modules.loading: loading crm/views/digest_views.xml 
2026-09-02 18:10:53,665 830 INFO wave4_premig_aml_clean odoo.modules.loading: loading crm/views/mail_activity_plan_views.xml 
2026-09-02 18:10:53,673 830 INFO wave4_premig_aml_clean odoo.modules.loading: loading crm/views/mail_activity_views.xml 
2026-09-02 18:10:53,680 830 INFO wave4_premig_aml_clean odoo.modules.loading: loading crm/views/res_config_settings_views.xml 
2026-09-02 18:10:53,739 830 INFO wave4_premig_aml_clean odoo.modules.loading: loading crm/views/res_partner_views.xml 
2026-09-02 18:10:53,777 830 INFO wave4_premig_aml_clean odoo.modules.loading: loading crm/views/utm_campaign_views.xml 
2026-09-02 18:10:53,815 830 INFO wave4_premig_aml_clean odoo.modules.loading: loading crm/report/crm_activity_report_views.xml 
2026-09-02 18:10:53,873 830 INFO wave4_premig_aml_clean odoo.modules.loading: loading crm/report/crm_opportunity_report_views.xml 
2026-09-02 18:10:54,006 830 INFO wave4_premig_aml_clean odoo.modules.loading: loading crm/views/crm_team_views.xml 
2026-09-02 18:10:54,135 830 INFO wave4_premig_aml_clean odoo.modules.loading: loading crm/views/crm_menu_views.xml 
2026-09-02 18:10:54,335 830 INFO wave4_premig_aml_clean odoo.modules.loading: loading crm/views/crm_helper_templates.xml 
2026-09-02 18:10:54,422 830 INFO wave4_premig_aml_clean odoo.modules.loading: Module crm loaded in 3.70s, 1994 queries (+1994 other) 
2026-09-02 18:10:54,423 830 INFO wave4_premig_aml_clean odoo.modules.loading: Loading module spreadsheet_dashboard (51/69) 
2026-09-02 18:10:54,473 830 INFO wave4_premig_aml_clean odoo.registry: module spreadsheet_dashboard: creating or updating database tables 
2026-09-02 18:10:54,813 830 INFO wave4_premig_aml_clean odoo.modules.loading: loading spreadsheet_dashboard/security/security.xml 
2026-09-02 18:10:54,892 830 INFO wave4_premig_aml_clean odoo.modules.loading: loading spreadsheet_dashboard/security/ir.model.access.csv 
2026-09-02 18:10:54,908 830 INFO wave4_premig_aml_clean odoo.modules.loading: loading spreadsheet_dashboard/views/spreadsheet_dashboard_views.xml 
2026-09-02 18:10:54,964 830 INFO wave4_premig_aml_clean odoo.modules.loading: loading spreadsheet_dashboard/views/menu_views.xml 
2026-09-02 18:10:55,028 830 INFO wave4_premig_aml_clean odoo.modules.loading: loading spreadsheet_dashboard/data/dashboard.xml 
2026-09-02 18:10:55,093 830 INFO wave4_premig_aml_clean odoo.modules.loading: Module spreadsheet_dashboard loaded in 0.67s, 313 queries (+313 other) 
2026-09-02 18:10:55,093 830 INFO wave4_premig_aml_clean odoo.modules.loading: Loading module website (52/69) 
2026-09-02 18:10:55,467 830 INFO wave4_premig_aml_clean odoo.registry: module website: creating or updating database tables 
2026-09-02 18:10:55,718 830 INFO wave4_premig_aml_clean odoo.models: Prepare computation of ir.ui.view.is_seo_optimized 
2026-09-02 18:10:55,741 830 INFO wave4_premig_aml_clean odoo.models: Prepare computation of res.company.website_id 
2026-09-02 18:11:00,077 830 INFO wave4_premig_aml_clean odoo.modules.loading: loading website/security/website_security.xml 
2026-09-02 18:11:00,256 830 INFO wave4_premig_aml_clean odoo.modules.loading: loading website/security/ir.model.access.csv 
2026-09-02 18:11:00,320 830 INFO wave4_premig_aml_clean odoo.modules.loading: loading website/data/image_library.xml 
2026-09-02 18:11:00,965 830 INFO wave4_premig_aml_clean odoo.modules.loading: loading website/data/ir_asset.xml 
2026-09-02 18:11:00,978 830 INFO wave4_premig_aml_clean odoo.modules.loading: loading website/data/ir_cron_data.xml 
2026-09-02 18:11:01,027 830 INFO wave4_premig_aml_clean odoo.modules.loading: loading website/data/mail_mail_data.xml 
2026-09-02 18:11:01,039 830 INFO wave4_premig_aml_clean odoo.modules.loading: loading website/data/website_data.xml 
2026-09-02 18:11:01,282 830 INFO wave4_premig_aml_clean odoo.modules.loading: loading website/data/website_visitor_cron.xml 
2026-09-02 18:11:01,307 830 INFO wave4_premig_aml_clean odoo.modules.loading: loading website/data/digest_data.xml 
2026-09-02 18:11:01,323 830 INFO wave4_premig_aml_clean odoo.modules.loading: loading website/views/website_technical_views.xml 
2026-09-02 18:11:01,339 830 INFO wave4_premig_aml_clean odoo.modules.loading: loading website/views/website_templates.xml 
2026-09-02 18:11:02,945 830 INFO wave4_premig_aml_clean odoo.modules.loading: loading website/views/snippets/snippets.xml 
2026-09-02 18:11:02,987 830 INFO wave4_premig_aml_clean odoo.modules.loading: loading website/views/snippets/s_announcement_scroll.xml 
2026-09-02 18:11:03,000 830 INFO wave4_premig_aml_clean odoo.modules.loading: loading website/views/snippets/s_framed_intro.xml 
2026-09-02 18:11:03,008 830 INFO wave4_premig_aml_clean odoo.modules.loading: loading website/views/snippets/s_title.xml 
2026-09-02 18:11:03,020 830 INFO wave4_premig_aml_clean odoo.modules.loading: loading website/views/snippets/s_cover.xml 
2026-09-02 18:11:03,030 830 INFO wave4_premig_aml_clean odoo.modules.loading: loading website/views/snippets/s_text_cover.xml 
2026-09-02 18:11:03,046 830 INFO wave4_premig_aml_clean odoo.modules.loading: loading website/views/snippets/s_image_text_box.xml 
2026-09-02 18:11:03,056 830 INFO wave4_premig_aml_clean odoo.modules.loading: loading website/views/snippets/s_striped_top.xml 
2026-09-02 18:11:03,066 830 INFO wave4_premig_aml_clean odoo.modules.loading: loading website/views/snippets/s_text_image.xml 
2026-09-02 18:11:03,077 830 INFO wave4_premig_aml_clean odoo.modules.loading: loading website/views/snippets/s_image_text.xml 
2026-09-02 18:11:03,090 830 INFO wave4_premig_aml_clean odoo.modules.loading: loading website/views/snippets/s_mockup_image.xml 
2026-09-02 18:11:03,103 830 INFO wave4_premig_aml_clean odoo.modules.loading: loading website/views/snippets/s_instagram_page.xml 
2026-09-02 18:11:03,114 830 INFO wave4_premig_aml_clean odoo.modules.loading: loading website/views/snippets/s_image_text_overlap.xml 
2026-09-02 18:11:03,123 830 INFO wave4_premig_aml_clean odoo.modules.loading: loading website/views/snippets/s_banner.xml 
2026-09-02 18:11:03,133 830 INFO wave4_premig_aml_clean odoo.modules.loading: loading website/views/snippets/s_bento_block.xml 
2026-09-02 18:11:03,145 830 INFO wave4_premig_aml_clean odoo.modules.loading: loading website/views/snippets/s_snippet_group.xml 
2026-09-02 18:11:03,156 830 INFO wave4_premig_aml_clean odoo.modules.loading: loading website/views/snippets/s_text_block.xml 
2026-09-02 18:11:03,166 830 INFO wave4_premig_aml_clean odoo.modules.loading: loading website/views/snippets/s_features.xml 
2026-09-02 18:11:03,180 830 INFO wave4_premig_aml_clean odoo.modules.loading: loading website/views/snippets/s_features_wall.xml 
2026-09-02 18:11:03,191 830 INFO wave4_premig_aml_clean odoo.modules.loading: loading website/views/snippets/s_three_columns.xml 
2026-09-02 18:11:03,205 830 INFO wave4_premig_aml_clean odoo.modules.loading: loading website/views/snippets/s_key_benefits.xml 
2026-09-02 18:11:03,217 830 INFO wave4_premig_aml_clean odoo.modules.loading: loading website/views/snippets/s_picture.xml 
2026-09-02 18:11:03,227 830 INFO wave4_premig_aml_clean odoo.modules.loading: loading website/views/snippets/s_image_punchy.xml 
2026-09-02 18:11:03,236 830 INFO wave4_premig_aml_clean odoo.modules.loading: loading website/views/snippets/s_bento_grid.xml 
2026-09-02 18:11:03,247 830 INFO wave4_premig_aml_clean odoo.modules.loading: loading website/views/snippets/s_carousel.xml 
2026-09-02 18:11:03,263 830 INFO wave4_premig_aml_clean odoo.modules.loading: loading website/views/snippets/s_carousel_intro.xml 
2026-09-02 18:11:03,279 830 INFO wave4_premig_aml_clean odoo.modules.loading: loading website/views/snippets/s_carousel_cards.xml 
2026-09-02 18:11:03,295 830 INFO wave4_premig_aml_clean odoo.modules.loading: loading website/views/snippets/s_alert.xml 
2026-09-02 18:11:03,308 830 INFO wave4_premig_aml_clean odoo.modules.loading: loading website/views/snippets/s_motto.xml 
2026-09-02 18:11:03,319 830 INFO wave4_premig_aml_clean odoo.modules.loading: loading website/views/snippets/s_card.xml 
2026-09-02 18:11:03,336 830 INFO wave4_premig_aml_clean odoo.modules.loading: loading website/views/snippets/s_cards_grid.xml 
2026-09-02 18:11:03,349 830 INFO wave4_premig_aml_clean odoo.modules.loading: loading website/views/snippets/s_cards_soft.xml 
2026-09-02 18:11:03,360 830 INFO wave4_premig_aml_clean odoo.modules.loading: loading website/views/snippets/s_share.xml 
2026-09-02 18:11:03,372 830 INFO wave4_premig_aml_clean odoo.modules.loading: loading website/views/snippets/s_social_media.xml 
2026-09-02 18:11:03,384 830 INFO wave4_premig_aml_clean odoo.modules.loading: loading website/views/snippets/s_rating.xml 
2026-09-02 18:11:03,400 830 INFO wave4_premig_aml_clean odoo.modules.loading: loading website/views/snippets/s_hr.xml 
2026-09-02 18:11:03,412 830 INFO wave4_premig_aml_clean odoo.modules.loading: loading website/views/snippets/s_closer_look.xml 
2026-09-02 18:11:03,423 830 INFO wave4_premig_aml_clean odoo.modules.loading: loading website/views/snippets/s_facebook_page.xml 
2026-09-02 18:11:03,438 830 INFO wave4_premig_aml_clean odoo.modules.loading: loading website/views/snippets/s_image_gallery.xml 
2026-09-02 18:11:03,471 830 INFO wave4_premig_aml_clean odoo.modules.loading: loading website/views/snippets/s_countdown.xml 
2026-09-02 18:11:03,490 830 INFO wave4_premig_aml_clean odoo.modules.loading: loading website/views/snippets/s_product_catalog.xml 
2026-09-02 18:11:03,512 830 INFO wave4_premig_aml_clean odoo.modules.loading: loading website/views/snippets/s_comparisons.xml 
2026-09-02 18:11:03,528 830 INFO wave4_premig_aml_clean odoo.modules.loading: loading website/views/snippets/s_comparisons_horizontal.xml 
2026-09-02 18:11:03,545 830 INFO wave4_premig_aml_clean odoo.modules.loading: loading website/views/snippets/s_company_team.xml 
2026-09-02 18:11:03,560 830 INFO wave4_premig_aml_clean odoo.modules.loading: loading website/views/snippets/s_company_team_basic.xml 
2026-09-02 18:11:03,572 830 INFO wave4_premig_aml_clean odoo.modules.loading: loading website/views/snippets/s_company_team_shapes.xml 
2026-09-02 18:11:03,582 830 INFO wave4_premig_aml_clean odoo.modules.loading: loading website/views/snippets/s_company_team_detail.xml 
2026-09-02 18:11:03,597 830 INFO wave4_premig_aml_clean odoo.modules.loading: loading website/views/snippets/s_company_team_spotlight.xml 
2026-09-02 18:11:03,609 830 INFO wave4_premig_aml_clean odoo.modules.loading: loading website/views/snippets/s_company_team_grid.xml 
2026-09-02 18:11:03,622 830 INFO wave4_premig_aml_clean odoo.modules.loading: loading website/views/snippets/s_company_team_card.xml 
2026-09-02 18:11:03,634 830 INFO wave4_premig_aml_clean odoo.modules.loading: loading website/views/snippets/s_call_to_action.xml 
2026-09-02 18:11:03,646 830 INFO wave4_premig_aml_clean odoo.modules.loading: loading website/views/snippets/s_references.xml 
2026-09-02 18:11:03,659 830 INFO wave4_premig_aml_clean odoo.modules.loading: loading website/views/snippets/s_references_social.xml 
2026-09-02 18:11:03,672 830 INFO wave4_premig_aml_clean odoo.modules.loading: loading website/views/snippets/s_references_grid.xml 
2026-09-02 18:11:03,684 830 INFO wave4_premig_aml_clean odoo.modules.loading: loading website/views/snippets/s_popup.xml 
2026-09-02 18:11:03,699 830 INFO wave4_premig_aml_clean odoo.modules.loading: loading website/views/snippets/s_faq_list.xml 
2026-09-02 18:11:03,709 830 INFO wave4_premig_aml_clean odoo.modules.loading: loading website/views/snippets/s_faq_collapse.xml 
2026-09-02 18:11:03,720 830 INFO wave4_premig_aml_clean odoo.modules.loading: loading website/views/snippets/s_features_grid.xml 
2026-09-02 18:11:03,739 830 INFO wave4_premig_aml_clean odoo.modules.loading: loading website/views/snippets/s_features_wave.xml 
2026-09-02 18:11:03,759 830 INFO wave4_premig_aml_clean odoo.modules.loading: loading website/views/snippets/s_tabs.xml 
2026-09-02 18:11:03,781 830 INFO wave4_premig_aml_clean odoo.modules.loading: loading website/views/snippets/s_tabs_images.xml 
2026-09-02 18:11:03,802 830 INFO wave4_premig_aml_clean odoo.modules.loading: loading website/views/snippets/s_table_of_content.xml 
2026-09-02 18:11:03,815 830 INFO wave4_premig_aml_clean odoo.modules.loading: loading website/views/snippets/s_images_constellation.xml 
2026-09-02 18:11:03,827 830 INFO wave4_premig_aml_clean odoo.modules.loading: loading website/views/snippets/s_chart.xml 
2026-09-02 18:11:03,838 830 INFO wave4_premig_aml_clean odoo.modules.loading: loading website/views/snippets/s_parallax.xml 
2026-09-02 18:11:03,851 830 INFO wave4_premig_aml_clean odoo.modules.loading: loading website/views/snippets/s_quotes_carousel.xml 
2026-09-02 18:11:03,875 830 INFO wave4_premig_aml_clean odoo.modules.loading: loading website/views/snippets/s_numbers_grid.xml 
2026-09-02 18:11:03,883 830 INFO wave4_premig_aml_clean odoo.modules.loading: loading website/views/snippets/s_quotes_carousel_minimal.xml 
2026-09-02 18:11:03,895 830 INFO wave4_premig_aml_clean odoo.modules.loading: loading website/views/snippets/s_quotes_carousel_compact.xml 
2026-09-02 18:11:03,906 830 INFO wave4_premig_aml_clean odoo.modules.loading: loading website/views/snippets/s_numbers.xml 
2026-09-02 18:11:03,916 830 INFO wave4_premig_aml_clean odoo.modules.loading: loading website/views/snippets/s_contact_info.xml 
2026-09-02 18:11:03,930 830 INFO wave4_premig_aml_clean odoo.modules.loading: loading website/views/snippets/s_numbers_boxed.xml 
2026-09-02 18:11:03,939 830 INFO wave4_premig_aml_clean odoo.modules.loading: loading website/views/snippets/s_cta_box.xml 
2026-09-02 18:11:03,948 830 INFO wave4_premig_aml_clean odoo.modules.loading: loading website/views/snippets/s_numbers_framed.xml 
2026-09-02 18:11:03,959 830 INFO wave4_premig_aml_clean odoo.modules.loading: loading website/views/snippets/s_masonry_block.xml 
2026-09-02 18:11:04,016 830 INFO wave4_premig_aml_clean odoo.modules.loading: loading website/views/snippets/s_sidegrid.xml 
2026-09-02 18:11:04,027 830 INFO wave4_premig_aml_clean odoo.modules.loading: loading website/views/snippets/s_media_list.xml 
2026-09-02 18:11:04,046 830 INFO wave4_premig_aml_clean odoo.modules.loading: loading website/views/snippets/s_showcase.xml 
2026-09-02 18:11:04,067 830 INFO wave4_premig_aml_clean odoo.modules.loading: loading website/views/snippets/s_faq_horizontal.xml 
2026-09-02 18:11:04,082 830 INFO wave4_premig_aml_clean odoo.modules.loading: loading website/views/snippets/s_floating_blocks.xml 
2026-09-02 18:11:04,099 830 INFO wave4_premig_aml_clean odoo.modules.loading: loading website/views/snippets/s_opening_hours.xml 
2026-09-02 18:11:04,110 830 INFO wave4_premig_aml_clean odoo.modules.loading: loading website/views/snippets/s_timeline.xml 
2026-09-02 18:11:04,131 830 INFO wave4_premig_aml_clean odoo.modules.loading: loading website/views/snippets/s_timeline_images.xml 
2026-09-02 18:11:04,147 830 INFO wave4_premig_aml_clean odoo.modules.loading: loading website/views/snippets/s_timeline_list.xml 
2026-09-02 18:11:04,166 830 INFO wave4_premig_aml_clean odoo.modules.loading: loading website/views/snippets/s_process_steps.xml 
2026-09-02 18:11:04,185 830 INFO wave4_premig_aml_clean odoo.modules.loading: loading website/views/snippets/s_accordion.xml 
2026-09-02 18:11:04,200 830 INFO wave4_premig_aml_clean odoo.modules.loading: loading website/views/snippets/s_website_form_info.xml 
2026-09-02 18:11:04,213 830 INFO wave4_premig_aml_clean odoo.modules.loading: loading website/views/snippets/s_numbers_showcase.xml 
2026-09-02 18:11:04,222 830 INFO wave4_premig_aml_clean odoo.modules.loading: loading website/views/snippets/s_numbers_charts.xml 
2026-09-02 18:11:04,235 830 INFO wave4_premig_aml_clean odoo.modules.loading: loading website/views/snippets/s_accordion_image.xml 
2026-09-02 18:11:04,244 830 INFO wave4_premig_aml_clean odoo.modules.loading: loading website/views/snippets/s_pricelist_boxed.xml 
2026-09-02 18:11:04,260 830 INFO wave4_premig_aml_clean odoo.modules.loading: loading website/views/snippets/s_adventure.xml 
2026-09-02 18:11:04,270 830 INFO wave4_premig_aml_clean odoo.modules.loading: loading website/views/snippets/s_image_title.xml 
2026-09-02 18:11:04,281 830 INFO wave4_premig_aml_clean odoo.modules.loading: loading website/views/snippets/s_key_images.xml 
2026-09-02 18:11:04,293 830 INFO wave4_premig_aml_clean odoo.modules.loading: loading website/views/snippets/s_kickoff.xml 
2026-09-02 18:11:04,302 830 INFO wave4_premig_aml_clean odoo.modules.loading: loading website/views/snippets/s_discovery.xml 
2026-09-02 18:11:04,313 830 INFO wave4_premig_aml_clean odoo.modules.loading: loading website/views/snippets/s_bento_banner.xml 
2026-09-02 18:11:04,321 830 INFO wave4_premig_aml_clean odoo.modules.loading: loading website/views/snippets/s_striped.xml 
2026-09-02 18:11:04,331 830 INFO wave4_premig_aml_clean odoo.modules.loading: loading website/views/snippets/s_intro_pill.xml 
2026-09-02 18:11:04,342 830 INFO wave4_premig_aml_clean odoo.modules.loading: loading website/views/snippets/s_big_number.xml 
2026-09-02 18:11:04,354 830 INFO wave4_premig_aml_clean odoo.modules.loading: loading website/views/snippets/s_wavy_grid.xml 
2026-09-02 18:11:04,365 830 INFO wave4_premig_aml_clean odoo.modules.loading: loading website/views/snippets/s_images_mosaic.xml 
2026-09-02 18:11:04,375 830 INFO wave4_premig_aml_clean odoo.modules.loading: loading website/views/snippets/s_shape_image.xml 
2026-09-02 18:11:04,386 830 INFO wave4_premig_aml_clean odoo.modules.loading: loading website/views/snippets/s_empowerment.xml 
2026-09-02 18:11:04,398 830 INFO wave4_premig_aml_clean odoo.modules.loading: loading website/views/snippets/s_split_intro.xml 
2026-09-02 18:11:04,406 830 INFO wave4_premig_aml_clean odoo.modules.loading: loading website/views/snippets/s_text_highlight.xml 
2026-09-02 18:11:04,419 830 INFO wave4_premig_aml_clean odoo.modules.loading: loading website/views/snippets/s_pricelist_cafe.xml 
2026-09-02 18:11:04,440 830 INFO wave4_premig_aml_clean odoo.modules.loading: loading website/views/snippets/s_progress_bar.xml 
2026-09-02 18:11:04,453 830 INFO wave4_premig_aml_clean odoo.modules.loading: loading website/views/snippets/s_blockquote.xml 
2026-09-02 18:11:04,472 830 INFO wave4_premig_aml_clean odoo.modules.loading: loading website/views/snippets/s_badge.xml 
2026-09-02 18:11:04,493 830 INFO wave4_premig_aml_clean odoo.modules.loading: loading website/views/snippets/s_color_blocks_2.xml 
2026-09-02 18:11:04,507 830 INFO wave4_premig_aml_clean odoo.modules.loading: loading website/views/snippets/s_attributes_horizontal.xml 
2026-09-02 18:11:04,524 830 INFO wave4_premig_aml_clean odoo.modules.loading: loading website/views/snippets/s_attributes_vertical.xml 
2026-09-02 18:11:04,541 830 INFO wave4_premig_aml_clean odoo.modules.loading: loading website/views/snippets/s_product_list.xml 
2026-09-02 18:11:04,566 830 INFO wave4_premig_aml_clean odoo.modules.loading: loading website/views/snippets/s_mega_menu_multi_menus.xml 
2026-09-02 18:11:04,581 830 INFO wave4_premig_aml_clean odoo.modules.loading: loading website/views/snippets/s_mega_menu_menu_image_menu.xml 
2026-09-02 18:11:04,598 830 INFO wave4_premig_aml_clean odoo.modules.loading: loading website/views/snippets/s_mega_menu_thumbnails.xml 
2026-09-02 18:11:04,625 830 INFO wave4_premig_aml_clean odoo.modules.loading: loading website/views/snippets/s_mega_menu_little_icons.xml 
2026-09-02 18:11:04,646 830 INFO wave4_premig_aml_clean odoo.modules.loading: loading website/views/snippets/s_mega_menu_images_subtitles.xml 
2026-09-02 18:11:04,669 830 INFO wave4_premig_aml_clean odoo.modules.loading: loading website/views/snippets/s_mega_menu_menus_logos.xml 
2026-09-02 18:11:04,686 830 INFO wave4_premig_aml_clean odoo.modules.loading: loading website/views/snippets/s_mega_menu_odoo_menu.xml 
2026-09-02 18:11:04,709 830 INFO wave4_premig_aml_clean odoo.modules.loading: loading website/views/snippets/s_mega_menu_big_icons_subtitles.xml 
2026-09-02 18:11:04,742 830 INFO wave4_premig_aml_clean odoo.modules.loading: loading website/views/snippets/s_mega_menu_cards.xml 
2026-09-02 18:11:04,770 830 INFO wave4_premig_aml_clean odoo.modules.loading: loading website/views/snippets/s_google_map.xml 
2026-09-02 18:11:04,787 830 INFO wave4_premig_aml_clean odoo.modules.loading: loading website/views/snippets/s_cta_mockups.xml 
2026-09-02 18:11:04,800 830 INFO wave4_premig_aml_clean odoo.modules.loading: loading website/views/snippets/s_map.xml 
2026-09-02 18:11:04,817 830 INFO wave4_premig_aml_clean odoo.modules.loading: loading website/views/snippets/s_dynamic_snippet.xml 
2026-09-02 18:11:04,843 830 INFO wave4_premig_aml_clean odoo.modules.loading: loading website/views/snippets/s_dynamic_snippet_carousel.xml 
2026-09-02 18:11:04,862 830 INFO wave4_premig_aml_clean odoo.modules.loading: loading website/views/snippets/s_banner_product.xml 
2026-09-02 18:11:04,874 830 INFO wave4_premig_aml_clean odoo.modules.loading: loading website/views/snippets/s_embed_code.xml 
2026-09-02 18:11:04,888 830 INFO wave4_premig_aml_clean odoo.modules.loading: loading website/views/snippets/s_website_form.xml 
2026-09-02 18:11:04,914 830 INFO wave4_premig_aml_clean odoo.modules.loading: loading website/views/snippets/s_website_form_overlay.xml 
2026-09-02 18:11:04,924 830 INFO wave4_premig_aml_clean odoo.modules.loading: loading website/views/snippets/s_title_form.xml 
2026-09-02 18:11:04,941 830 INFO wave4_premig_aml_clean odoo.modules.loading: loading website/views/snippets/s_searchbar.xml 
2026-09-02 18:11:04,969 830 INFO wave4_premig_aml_clean odoo.modules.loading: loading website/views/snippets/s_inline_text.xml 
2026-09-02 18:11:04,986 830 INFO wave4_premig_aml_clean odoo.modules.loading: loading website/views/snippets/s_button.xml 
2026-09-02 18:11:04,999 830 INFO wave4_premig_aml_clean odoo.modules.loading: loading website/views/snippets/s_freegrid.xml 
2026-09-02 18:11:05,012 830 INFO wave4_premig_aml_clean odoo.modules.loading: loading website/views/snippets/s_card_offset.xml 
2026-09-02 18:11:05,026 830 INFO wave4_premig_aml_clean odoo.modules.loading: loading website/views/snippets/s_image.xml 
2026-09-02 18:11:05,039 830 INFO wave4_premig_aml_clean odoo.modules.loading: loading website/views/snippets/s_video.xml 
2026-09-02 18:11:05,052 830 INFO wave4_premig_aml_clean odoo.modules.loading: loading website/views/snippets/s_cta_badge.xml 
2026-09-02 18:11:05,063 830 INFO wave4_premig_aml_clean odoo.modules.loading: loading website/views/snippets/s_unveil.xml 
2026-09-02 18:11:05,073 830 INFO wave4_premig_aml_clean odoo.modules.loading: loading website/views/snippets/s_image_hexagonal.xml 
2026-09-02 18:11:05,088 830 INFO wave4_premig_aml_clean odoo.modules.loading: loading website/views/snippets/s_striped_center_top.xml 
2026-09-02 18:11:05,106 830 INFO wave4_premig_aml_clean odoo.modules.loading: loading website/views/snippets/s_numbers_list.xml 
2026-09-02 18:11:05,130 830 INFO wave4_premig_aml_clean odoo.modules.loading: loading website/views/snippets/s_quadrant.xml 
2026-09-02 18:11:05,159 830 INFO wave4_premig_aml_clean odoo.modules.loading: loading website/views/snippets/s_cta_card.xml 
2026-09-02 18:11:05,180 830 INFO wave4_premig_aml_clean odoo.modules.loading: loading website/views/snippets/s_image_frame.xml 
2026-09-02 18:11:05,194 830 INFO wave4_premig_aml_clean odoo.modules.loading: loading website/views/snippets/s_cta_mobile.xml 
2026-09-02 18:11:05,216 830 INFO wave4_premig_aml_clean odoo.modules.loading: loading website/views/snippets/s_reviews_wall.xml 
2026-09-02 18:11:05,250 830 INFO wave4_premig_aml_clean odoo.modules.loading: loading website/views/snippets/s_website_form_cover.xml 
2026-09-02 18:11:05,272 830 INFO wave4_premig_aml_clean odoo.modules.loading: loading website/views/snippets/s_form_aside.xml 
2026-09-02 18:11:05,292 830 INFO wave4_premig_aml_clean odoo.modules.loading: loading website/views/snippets/s_banner_connected.xml 
2026-09-02 18:11:05,307 830 INFO wave4_premig_aml_clean odoo.modules.loading: loading website/views/snippets/s_ecomm_categories_showcase.xml 
2026-09-02 18:11:05,332 830 INFO wave4_premig_aml_clean odoo.modules.loading: loading website/views/snippets/s_banner_categories.xml 
2026-09-02 18:11:05,352 830 INFO wave4_premig_aml_clean odoo.modules.loading: loading website/views/new_page_template_templates.xml 
2026-09-02 18:11:07,568 830 INFO wave4_premig_aml_clean odoo.addons.website.models.ir_module_module: Generated 227 primary snippet templates for 'website' 
2026-09-02 18:11:07,695 830 INFO wave4_premig_aml_clean odoo.addons.website.models.ir_module_module: Generated 39 primary page templates for 'website' 
2026-09-02 18:11:07,731 830 INFO wave4_premig_aml_clean odoo.modules.loading: loading website/views/website_views.xml 
2026-09-02 18:11:08,252 830 INFO wave4_premig_aml_clean odoo.modules.loading: loading website/views/website_pages_views.xml 
2026-09-02 18:11:08,435 830 INFO wave4_premig_aml_clean odoo.modules.loading: loading website/views/website_controller_pages_views.xml 
2026-09-02 18:11:08,499 830 INFO wave4_premig_aml_clean odoo.modules.loading: loading website/views/website_visitor_views.xml 
2026-09-02 18:11:08,629 830 INFO wave4_premig_aml_clean odoo.modules.loading: loading website/views/res_config_settings_views.xml 
2026-09-02 18:11:08,745 830 INFO wave4_premig_aml_clean odoo.modules.loading: loading website/views/website_rewrite.xml 
2026-09-02 18:11:08,787 830 INFO wave4_premig_aml_clean odoo.modules.loading: loading website/views/ir_actions_server_views.xml 
2026-09-02 18:11:08,829 830 INFO wave4_premig_aml_clean odoo.modules.loading: loading website/views/ir_asset_views.xml 
2026-09-02 18:11:08,855 830 INFO wave4_premig_aml_clean odoo.modules.loading: loading website/views/ir_attachment_views.xml 
2026-09-02 18:11:08,883 830 INFO wave4_premig_aml_clean odoo.modules.loading: loading website/views/ir_model_views.xml 
2026-09-02 18:11:08,935 830 INFO wave4_premig_aml_clean odoo.modules.loading: loading website/views/res_partner_views.xml 
2026-09-02 18:11:08,971 830 INFO wave4_premig_aml_clean odoo.modules.loading: loading website/views/neutralize_views.xml 
2026-09-02 18:11:08,991 830 INFO wave4_premig_aml_clean odoo.modules.loading: loading website/wizard/base_language_install_views.xml 
2026-09-02 18:11:09,008 830 INFO wave4_premig_aml_clean odoo.modules.loading: loading website/wizard/blocked_third_party_domains.xml 
2026-09-02 18:11:09,021 830 INFO wave4_premig_aml_clean odoo.modules.loading: loading website/wizard/website_robots.xml 
2026-09-02 18:11:09,032 830 INFO wave4_premig_aml_clean odoo.modules.loading: loading website/data/update_theme_images.xml 
2026-09-02 18:11:09,104 830 INFO wave4_premig_aml_clean odoo.modules.loading: loading website/views/website_templates_svg.xml 
2026-09-02 18:11:09,270 830 INFO wave4_premig_aml_clean odoo.modules.loading: Module website loaded in 14.18s, 8700 queries (+8700 other) 
2026-09-02 18:11:09,270 830 INFO wave4_premig_aml_clean odoo.modules.loading: Loading module account_add_gln (53/69) 
2026-09-02 18:11:09,310 830 INFO wave4_premig_aml_clean odoo.registry: module account_add_gln: creating or updating database tables 
2026-09-02 18:11:09,449 830 INFO wave4_premig_aml_clean odoo.modules.loading: loading account_add_gln/views/res_partner_views.xml 
2026-09-02 18:11:09,522 830 INFO wave4_premig_aml_clean odoo.modules.loading: Module account_add_gln loaded in 0.25s, 109 queries (+109 other) 
2026-09-02 18:11:09,522 830 INFO wave4_premig_aml_clean odoo.modules.loading: Loading module account_edi_ubl_cii (54/69) 
2026-09-02 18:11:09,606 830 INFO wave4_premig_aml_clean odoo.registry: module account_edi_ubl_cii: creating or updating database tables 
2026-09-02 18:11:09,655 830 INFO wave4_premig_aml_clean odoo.models: Prepare computation of res.partner.peppol_endpoint 
2026-09-02 18:11:09,656 830 INFO wave4_premig_aml_clean odoo.models: Prepare computation of res.partner.peppol_eas 
2026-09-02 18:11:09,879 830 INFO wave4_premig_aml_clean odoo.modules.loading: loading account_edi_ubl_cii/data/cii_22_templates.xml 
2026-09-02 18:11:09,928 830 INFO wave4_premig_aml_clean odoo.modules.loading: loading account_edi_ubl_cii/data/ir_config_parameter_data.xml 
2026-09-02 18:11:09,938 830 INFO wave4_premig_aml_clean odoo.modules.loading: loading account_edi_ubl_cii/views/account_tax_views.xml 
2026-09-02 18:11:09,968 830 INFO wave4_premig_aml_clean odoo.modules.loading: loading account_edi_ubl_cii/views/account_move_views.xml 
2026-09-02 18:11:10,000 830 INFO wave4_premig_aml_clean odoo.modules.loading: loading account_edi_ubl_cii/views/res_partner_views.xml 
2026-09-02 18:11:10,027 830 INFO wave4_premig_aml_clean odoo.modules.loading: loading account_edi_ubl_cii/report/account_edi_ubl_cii_report_templates.xml 
2026-09-02 18:11:10,134 830 INFO wave4_premig_aml_clean odoo.modules.loading: Module account_edi_ubl_cii loaded in 0.61s, 383 queries (+383 other) 
2026-09-02 18:11:10,134 830 INFO wave4_premig_aml_clean odoo.modules.loading: Loading module account_payment (55/69) 
2026-09-02 18:11:10,187 830 INFO wave4_premig_aml_clean odoo.registry: module account_payment: creating or updating database tables 
2026-09-02 18:11:10,615 830 INFO wave4_premig_aml_clean odoo.modules.loading: loading account_payment/data/ir_config_parameter.xml 
2026-09-02 18:11:10,623 830 INFO wave4_premig_aml_clean odoo.modules.loading: loading account_payment/security/ir.model.access.csv 
2026-09-02 18:11:10,636 830 INFO wave4_premig_aml_clean odoo.modules.loading: loading account_payment/security/ir_rules.xml 
2026-09-02 18:11:10,647 830 INFO wave4_premig_aml_clean odoo.modules.loading: loading account_payment/views/account_payment_menus.xml 
2026-09-02 18:11:10,679 830 INFO wave4_premig_aml_clean odoo.modules.loading: loading account_payment/views/account_portal_templates.xml 
2026-09-02 18:11:10,924 830 INFO wave4_premig_aml_clean odoo.modules.loading: loading account_payment/views/account_move_views.xml 
2026-09-02 18:11:10,974 830 INFO wave4_premig_aml_clean odoo.modules.loading: loading account_payment/views/account_journal_views.xml 
2026-09-02 18:11:11,006 830 INFO wave4_premig_aml_clean odoo.modules.loading: loading account_payment/views/account_payment_views.xml 
2026-09-02 18:11:11,026 830 INFO wave4_premig_aml_clean odoo.modules.loading: loading account_payment/views/payment_form_templates.xml 
2026-09-02 18:11:11,045 830 INFO wave4_premig_aml_clean odoo.modules.loading: loading account_payment/views/payment_provider_views.xml 
2026-09-02 18:11:11,062 830 INFO wave4_premig_aml_clean odoo.modules.loading: loading account_payment/views/payment_transaction_views.xml 
2026-09-02 18:11:11,078 830 INFO wave4_premig_aml_clean odoo.modules.loading: loading account_payment/wizards/account_payment_register_views.xml 
2026-09-02 18:11:11,103 830 INFO wave4_premig_aml_clean odoo.modules.loading: loading account_payment/wizards/payment_link_wizard_views.xml 
2026-09-02 18:11:11,128 830 INFO wave4_premig_aml_clean odoo.modules.loading: loading account_payment/wizards/payment_refund_wizard_views.xml 
2026-09-02 18:11:11,140 830 INFO wave4_premig_aml_clean odoo.modules.loading: loading account_payment/wizards/res_config_settings_views.xml 
2026-09-02 18:11:11,267 830 INFO wave4_premig_aml_clean odoo.modules.loading: Module account_payment loaded in 1.13s, 584 queries (+584 other) 
2026-09-02 18:11:11,267 830 INFO wave4_premig_aml_clean odoo.modules.loading: Loading module crm_sms (56/69) 
2026-09-02 18:11:11,306 830 INFO wave4_premig_aml_clean odoo.modules.loading: loading crm_sms/views/crm_lead_views.xml 
2026-09-02 18:11:11,474 830 INFO wave4_premig_aml_clean odoo.modules.loading: loading crm_sms/security/ir.model.access.csv 
2026-09-02 18:11:11,488 830 INFO wave4_premig_aml_clean odoo.modules.loading: loading crm_sms/security/sms_security.xml 
2026-09-02 18:11:11,528 830 INFO wave4_premig_aml_clean odoo.modules.loading: Module crm_sms loaded in 0.26s, 91 queries (+91 other) 
2026-09-02 18:11:11,528 830 INFO wave4_premig_aml_clean odoo.modules.loading: Loading module iap_crm (57/69) 
2026-09-02 18:11:11,550 830 INFO wave4_premig_aml_clean odoo.registry: module iap_crm: creating or updating database tables 
2026-09-02 18:11:11,673 830 INFO wave4_premig_aml_clean odoo.modules.loading: Module iap_crm loaded in 0.15s, 72 queries (+72 other) 
2026-09-02 18:11:11,674 830 INFO wave4_premig_aml_clean odoo.modules.loading: Loading module kyc_management (58/69) 
2026-09-02 18:11:11,953 830 WARNING wave4_premig_aml_clean odoo.registry: Model attribute '_sql_constraints' is no longer supported, please define models.Constraint on the model. 
2026-09-02 18:11:11,998 830 INFO wave4_premig_aml_clean odoo.registry: module kyc_management: creating or updating database tables 
2026-09-02 18:11:12,133 830 INFO wave4_premig_aml_clean odoo.models: Prepare computation of res.partner.x_is_pep 
2026-09-02 18:11:12,223 830 WARNING wave4_premig_aml_clean odoo.addons.base.models.ir_model: Two fields (x_currency_id, currency_id) of res.partner() have the same label: Currency. [Modules: kyc_management and account] 
2026-09-02 18:11:12,223 830 WARNING wave4_premig_aml_clean odoo.addons.base.models.ir_model: Two fields (x_currency_id, currency_id) of res.users() have the same label: Currency. [Modules: None and None] 
<string>:8: (WARNING/2) Line block ends without a blank line.
<string>:8: (ERROR/3) Undefined substitution referenced: "-------".
2026-09-02 18:11:12,788 830 INFO wave4_premig_aml_clean odoo.modules.loading: loading kyc_management/security/groups.xml 
2026-09-02 18:11:12,848 830 INFO wave4_premig_aml_clean odoo.modules.loading: loading kyc_management/security/ir.model.access.csv 
2026-09-02 18:11:12,881 830 INFO wave4_premig_aml_clean odoo.modules.loading: loading kyc_management/security/ir_rules.xml 
2026-09-02 18:11:12,905 830 INFO wave4_premig_aml_clean odoo.modules.loading: loading kyc_management/data/legacy_security_compat.xml 
2026-09-02 18:11:12,912 830 INFO wave4_premig_aml_clean odoo.modules.loading: loading kyc_management/data/crm_data.xml 
2026-09-02 18:11:12,937 830 INFO wave4_premig_aml_clean odoo.modules.loading: loading kyc_management/reports/kyc_application_report.xml 
2026-09-02 18:11:12,978 830 INFO wave4_premig_aml_clean odoo.modules.loading: loading kyc_management/reports/kyc_approvals_summary_report.xml 
2026-09-02 18:11:13,012 830 INFO wave4_premig_aml_clean odoo.modules.loading: loading kyc_management/wizard/kyc_wizard_views.xml 
2026-09-02 18:11:13,075 830 INFO wave4_premig_aml_clean odoo.modules.loading: loading kyc_management/views/kyc_application_views.xml 
2026-09-02 18:11:13,149 830 INFO wave4_premig_aml_clean odoo.modules.loading: loading kyc_management/views/kyc_approval_views.xml 
2026-09-02 18:11:13,224 830 INFO wave4_premig_aml_clean odoo.modules.loading: loading kyc_management/views/kyc_notification_views.xml 
2026-09-02 18:11:13,300 830 INFO wave4_premig_aml_clean odoo.modules.loading: loading kyc_management/views/kyc_menu.xml 
2026-09-02 18:11:13,461 830 INFO wave4_premig_aml_clean odoo.modules.loading: loading kyc_management/views/portal_kyc_templates.xml 
2026-09-02 18:11:13,642 830 INFO wave4_premig_aml_clean odoo.modules.loading: Module kyc_management loaded in 1.97s, 997 queries (+997 other) 
2026-09-02 18:11:13,642 830 INFO wave4_premig_aml_clean odoo.modules.loading: Loading module snailmail_account (59/69) 
2026-09-02 18:11:13,699 830 INFO wave4_premig_aml_clean odoo.registry: module snailmail_account: creating or updating database tables 
2026-09-02 18:11:13,759 830 WARNING wave4_premig_aml_clean odoo.addons.base.models.ir_model: Two fields (x_currency_id, currency_id) of res.partner() have the same label: Currency. [Modules: kyc_management and account] 
2026-09-02 18:11:13,760 830 WARNING wave4_premig_aml_clean odoo.addons.base.models.ir_model: Two fields (x_currency_id, currency_id) of res.users() have the same label: Currency. [Modules: None and None] 
2026-09-02 18:11:13,920 830 INFO wave4_premig_aml_clean odoo.modules.loading: loading snailmail_account/views/res_config_settings_views.xml 
2026-09-02 18:11:14,029 830 INFO wave4_premig_aml_clean odoo.modules.loading: Module snailmail_account loaded in 0.39s, 199 queries (+199 other) 
2026-09-02 18:11:14,029 830 INFO wave4_premig_aml_clean odoo.modules.loading: Loading module spreadsheet_account (60/69) 
2026-09-02 18:11:14,065 830 INFO wave4_premig_aml_clean odoo.registry: module spreadsheet_account: creating or updating database tables 
2026-09-02 18:11:14,203 830 INFO wave4_premig_aml_clean odoo.modules.loading: Module spreadsheet_account loaded in 0.17s, 58 queries (+58 other) 
2026-09-02 18:11:14,203 830 INFO wave4_premig_aml_clean odoo.modules.loading: Loading module spreadsheet_dashboard_account (61/69) 
2026-09-02 18:11:14,231 830 INFO wave4_premig_aml_clean odoo.modules.loading: loading spreadsheet_dashboard_account/data/dashboards.xml 
2026-09-02 18:11:14,291 830 INFO wave4_premig_aml_clean odoo.modules.loading: Module spreadsheet_dashboard_account loaded in 0.09s, 29 queries (+29 other) 
2026-09-02 18:11:14,292 830 INFO wave4_premig_aml_clean odoo.modules.loading: Loading module website_crm (62/69) 
2026-09-02 18:11:14,314 830 INFO wave4_premig_aml_clean odoo.registry: module website_crm: creating or updating database tables 
2026-09-02 18:11:14,451 830 INFO wave4_premig_aml_clean odoo.modules.loading: loading website_crm/security/ir.model.access.csv 
2026-09-02 18:11:14,460 830 INFO wave4_premig_aml_clean odoo.modules.loading: loading website_crm/data/crm_lead_merge_template.xml 
2026-09-02 18:11:14,472 830 INFO wave4_premig_aml_clean odoo.modules.loading: loading website_crm/data/ir_actions_data.xml 
2026-09-02 18:11:14,483 830 INFO wave4_premig_aml_clean odoo.modules.loading: loading website_crm/data/ir_model_data.xml 
2026-09-02 18:11:14,500 830 INFO wave4_premig_aml_clean odoo.modules.loading: loading website_crm/views/crm_lead_views.xml 
2026-09-02 18:11:14,520 830 INFO wave4_premig_aml_clean odoo.modules.loading: loading website_crm/views/website_visitor_views.xml 
2026-09-02 18:11:14,562 830 INFO wave4_premig_aml_clean odoo.modules.loading: loading website_crm/views/website_templates_contactus.xml 
2026-09-02 18:11:14,590 830 INFO wave4_premig_aml_clean odoo.modules.loading: Module website_crm loaded in 0.30s, 232 queries (+232 other) 
2026-09-02 18:11:14,590 830 INFO wave4_premig_aml_clean odoo.modules.loading: Loading module website_mail (63/69) 
2026-09-02 18:11:14,608 830 INFO wave4_premig_aml_clean odoo.registry: module website_mail: creating or updating database tables 
2026-09-02 18:11:14,629 830 INFO wave4_premig_aml_clean odoo.modules.loading: loading website_mail/views/website_mail_templates.xml 
2026-09-02 18:11:14,692 830 INFO wave4_premig_aml_clean odoo.modules.loading: Module website_mail loaded in 0.10s, 35 queries (+35 other) 
2026-09-02 18:11:14,693 830 INFO wave4_premig_aml_clean odoo.modules.loading: Loading module website_sms (64/69) 
2026-09-02 18:11:14,708 830 INFO wave4_premig_aml_clean odoo.registry: module website_sms: creating or updating database tables 
2026-09-02 18:11:14,741 830 INFO wave4_premig_aml_clean odoo.modules.loading: loading website_sms/views/website_visitor_views.xml 
2026-09-02 18:11:14,880 830 INFO wave4_premig_aml_clean odoo.modules.loading: Module website_sms loaded in 0.19s, 80 queries (+80 other) 
2026-09-02 18:11:14,880 830 INFO wave4_premig_aml_clean odoo.modules.loading: Loading module aml_compliance (65/69) 
2026-09-02 18:11:15,226 830 WARNING wave4_premig_aml_clean odoo.registry: Model attribute '_sql_constraints' is no longer supported, please define models.Constraint on the model. 
2026-09-02 18:11:15,226 830 WARNING wave4_premig_aml_clean odoo.registry: Model attribute '_sql_constraints' is no longer supported, please define models.Constraint on the model. 
2026-09-02 18:11:15,227 830 WARNING wave4_premig_aml_clean odoo.registry: Model attribute '_sql_constraints' is no longer supported, please define models.Constraint on the model. 
2026-09-02 18:11:15,282 830 INFO wave4_premig_aml_clean odoo.registry: module aml_compliance: creating or updating database tables 
2026-09-02 18:11:15,360 830 INFO wave4_premig_aml_clean odoo.models: Prepare computation of res.partner.aml_requires_edd 
2026-09-02 18:11:15,599 830 WARNING wave4_premig_aml_clean odoo.addons.base.models.ir_model: Two fields (x_currency_id, currency_id) of res.partner() have the same label: Currency. [Modules: kyc_management and account] 
2026-09-02 18:11:15,600 830 WARNING wave4_premig_aml_clean odoo.addons.base.models.ir_model: Two fields (x_currency_id, currency_id) of res.users() have the same label: Currency. [Modules: None and None] 
2026-09-02 18:11:16,440 830 INFO wave4_premig_aml_clean odoo.modules.loading: loading aml_compliance/security/aml_groups.xml 
2026-09-02 18:11:16,486 830 INFO wave4_premig_aml_clean odoo.modules.loading: loading aml_compliance/security/ir.model.access.csv 
2026-09-02 18:11:16,529 830 INFO wave4_premig_aml_clean odoo.modules.loading: loading aml_compliance/security/security.xml 
2026-09-02 18:11:16,581 830 INFO wave4_premig_aml_clean odoo.modules.loading: loading aml_compliance/data/sequence_data.xml 
2026-09-02 18:11:16,598 830 INFO wave4_premig_aml_clean odoo.modules.loading: loading aml_compliance/data/sequence_phase2_data.xml 
2026-09-02 18:11:16,616 830 INFO wave4_premig_aml_clean odoo.modules.loading: loading aml_compliance/data/edd_enquiry_data.xml 
2026-09-02 18:11:16,636 830 INFO wave4_premig_aml_clean odoo.modules.loading: loading aml_compliance/data/risk_factor_data.xml 
2026-09-02 18:11:16,667 830 INFO wave4_premig_aml_clean odoo.modules.loading: loading aml_compliance/data/fatf_jurisdiction_data.xml 
2026-09-02 18:11:16,725 830 INFO wave4_premig_aml_clean odoo.modules.loading: loading aml_compliance/data/monitoring_rule_data.xml 
2026-09-02 18:11:16,747 830 INFO wave4_premig_aml_clean odoo.modules.loading: loading aml_compliance/data/cron_data.xml 
2026-09-02 18:11:16,916 830 INFO wave4_premig_aml_clean odoo.modules.loading: loading aml_compliance/reports/risk_assessment_report.xml 
2026-09-02 18:11:16,940 830 INFO wave4_premig_aml_clean odoo.modules.loading: loading aml_compliance/reports/goaml_report_print.xml 
2026-09-02 18:11:16,962 830 INFO wave4_premig_aml_clean odoo.modules.loading: loading aml_compliance/reports/screening_certificate.xml 
2026-09-02 18:11:16,993 830 INFO wave4_premig_aml_clean odoo.modules.loading: loading aml_compliance/reports/consolidated_kyc_report.xml 
2026-09-02 18:11:17,021 830 INFO wave4_premig_aml_clean odoo.modules.loading: loading aml_compliance/views/risk_assessment_views.xml 
2026-09-02 18:11:17,076 830 INFO wave4_premig_aml_clean odoo.modules.loading: loading aml_compliance/views/risk_factor_views.xml 
2026-09-02 18:11:17,137 830 INFO wave4_premig_aml_clean odoo.modules.loading: loading aml_compliance/views/goaml_report_views.xml 
2026-09-02 18:11:17,188 830 INFO wave4_premig_aml_clean odoo.modules.loading: loading aml_compliance/views/transaction_monitoring_views.xml 
2026-09-02 18:11:17,245 830 INFO wave4_premig_aml_clean odoo.modules.loading: loading aml_compliance/views/sanctions_screening_views.xml 
2026-09-02 18:11:17,304 830 INFO wave4_premig_aml_clean odoo.modules.loading: loading aml_compliance/views/opensanctions_views.xml 
2026-09-02 18:11:17,324 830 WARNING wave4_premig_aml_clean odoo.addons.base.models.ir_ui_view: A <i> with fa class (fa fa-check-circle me-2) must have title in its tag, parents, descendants or have text
View error context:
{'file': '/mnt/extra-addons/.wave4_premigration/aml_compliance/views/opensanctions_views.xml',
 'line': 5,
 'name': 'aml.opensanctions.config.form',
 'view': ir.ui.view(1815,),
 'view.model': 'aml.opensanctions.config',
 'view.parent': ir.ui.view(),
 'xmlid': 'view_opensanctions_config_form'} 
2026-09-02 18:11:17,325 830 WARNING wave4_premig_aml_clean odoo.addons.base.models.ir_ui_view: A <i> with fa class (fa fa-times-circle me-2) must have title in its tag, parents, descendants or have text
View error context:
{'file': '/mnt/extra-addons/.wave4_premigration/aml_compliance/views/opensanctions_views.xml',
 'line': 16,
 'name': 'aml.opensanctions.config.form',
 'view': ir.ui.view(1815,),
 'view.model': 'aml.opensanctions.config',
 'view.parent': ir.ui.view(),
 'xmlid': 'view_opensanctions_config_form'} 
2026-09-02 18:11:17,342 830 INFO wave4_premig_aml_clean odoo.modules.loading: loading aml_compliance/views/dashboard_views.xml 
2026-09-02 18:11:17,506 830 INFO wave4_premig_aml_clean odoo.modules.loading: loading aml_compliance/views/kyc_application_views.xml 
2026-09-02 18:11:17,535 830 INFO wave4_premig_aml_clean odoo.modules.loading: loading aml_compliance/views/res_partner_views.xml 
2026-09-02 18:11:17,572 830 INFO wave4_premig_aml_clean odoo.modules.loading: loading aml_compliance/views/edd_workflow_views.xml 
2026-09-02 18:11:17,617 830 INFO wave4_premig_aml_clean odoo.modules.loading: loading aml_compliance/views/investigation_case_views.xml 
2026-09-02 18:11:17,654 830 INFO wave4_premig_aml_clean odoo.modules.loading: loading aml_compliance/views/aml_menu.xml 
2026-09-02 18:11:17,800 830 INFO wave4_premig_aml_clean odoo.modules.loading: loading aml_compliance/wizard/risk_override_wizard_views.xml 
2026-09-02 18:11:17,818 830 INFO wave4_premig_aml_clean odoo.modules.loading: loading aml_compliance/wizard/goaml_filing_wizard_views.xml 
2026-09-02 18:11:18,099 830 INFO wave4_premig_aml_clean odoo.modules.loading: Module aml_compliance loaded in 3.22s, 1871 queries (+1871 other) 
2026-09-02 18:11:18,099 830 INFO wave4_premig_aml_clean odoo.modules.loading: Loading module crm_iap_enrich (66/69) 
2026-09-02 18:11:18,131 830 INFO wave4_premig_aml_clean odoo.registry: module crm_iap_enrich: creating or updating database tables 
2026-09-02 18:11:18,317 830 INFO wave4_premig_aml_clean odoo.modules.loading: loading crm_iap_enrich/data/ir_cron.xml 
2026-09-02 18:11:18,436 830 INFO wave4_premig_aml_clean odoo.modules.loading: loading crm_iap_enrich/data/ir_action.xml 
2026-09-02 18:11:18,475 830 INFO wave4_premig_aml_clean odoo.modules.loading: loading crm_iap_enrich/data/mail_templates.xml 
2026-09-02 18:11:18,519 830 INFO wave4_premig_aml_clean odoo.modules.loading: loading crm_iap_enrich/views/crm_lead_views.xml 
2026-09-02 18:11:18,610 830 INFO wave4_premig_aml_clean odoo.modules.loading: loading crm_iap_enrich/views/res_config_settings_view.xml 
2026-09-02 18:11:18,696 830 INFO wave4_premig_aml_clean odoo.modules.loading: Module crm_iap_enrich loaded in 0.60s, 174 queries (+174 other) 
2026-09-02 18:11:18,696 830 INFO wave4_premig_aml_clean odoo.modules.loading: Loading module crm_iap_mine (67/69) 
2026-09-02 18:11:18,728 830 INFO wave4_premig_aml_clean odoo.registry: module crm_iap_mine: creating or updating database tables 
2026-09-02 18:11:19,189 830 INFO wave4_premig_aml_clean odoo.modules.loading: loading crm_iap_mine/data/crm.iap.lead.industry.csv 
2026-09-02 18:11:19,211 830 INFO wave4_premig_aml_clean odoo.modules.loading: loading crm_iap_mine/data/crm.iap.lead.role.csv 
2026-09-02 18:11:19,222 830 INFO wave4_premig_aml_clean odoo.modules.loading: loading crm_iap_mine/data/crm.iap.lead.seniority.csv 
2026-09-02 18:11:19,232 830 INFO wave4_premig_aml_clean odoo.modules.loading: loading crm_iap_mine/data/mail_template_data.xml 
2026-09-02 18:11:19,244 830 INFO wave4_premig_aml_clean odoo.modules.loading: loading crm_iap_mine/data/ir_sequence_data.xml 
2026-09-02 18:11:19,252 830 INFO wave4_premig_aml_clean odoo.modules.loading: loading crm_iap_mine/security/ir.model.access.csv 
2026-09-02 18:11:19,268 830 INFO wave4_premig_aml_clean odoo.modules.loading: loading crm_iap_mine/views/crm_lead_views.xml 
2026-09-02 18:11:19,408 830 INFO wave4_premig_aml_clean odoo.modules.loading: loading crm_iap_mine/views/crm_iap_lead_mining_request_views.xml 
2026-09-02 18:11:19,505 830 INFO wave4_premig_aml_clean odoo.modules.loading: loading crm_iap_mine/views/res_config_settings_views.xml 
2026-09-02 18:11:19,583 830 INFO wave4_premig_aml_clean odoo.modules.loading: loading crm_iap_mine/views/mail_templates.xml 
2026-09-02 18:11:19,617 830 INFO wave4_premig_aml_clean odoo.modules.loading: loading crm_iap_mine/views/crm_menus.xml 
2026-09-02 18:11:19,670 830 INFO wave4_premig_aml_clean odoo.modules.loading: Module crm_iap_mine loaded in 0.97s, 430 queries (+430 other) 
2026-09-02 18:11:19,670 830 INFO wave4_premig_aml_clean odoo.modules.loading: Loading module website_crm_sms (68/69) 
2026-09-02 18:11:19,697 830 INFO wave4_premig_aml_clean odoo.registry: module website_crm_sms: creating or updating database tables 
2026-09-02 18:11:19,851 830 INFO wave4_premig_aml_clean odoo.modules.loading: Module website_crm_sms loaded in 0.18s, 35 queries (+35 other) 
2026-09-02 18:11:19,851 830 INFO wave4_premig_aml_clean odoo.modules.loading: Loading module website_payment (69/69) 
2026-09-02 18:11:19,925 830 INFO wave4_premig_aml_clean odoo.registry: module website_payment: creating or updating database tables 
2026-09-02 18:11:20,128 830 INFO wave4_premig_aml_clean odoo.modules.loading: loading website_payment/data/mail_templates.xml 
2026-09-02 18:11:20,146 830 INFO wave4_premig_aml_clean odoo.modules.loading: loading website_payment/views/payment_form_templates.xml 
2026-09-02 18:11:20,195 830 INFO wave4_premig_aml_clean odoo.modules.loading: loading website_payment/views/payment_provider.xml 
2026-09-02 18:11:20,230 830 INFO wave4_premig_aml_clean odoo.modules.loading: loading website_payment/views/res_config_settings_views.xml 
2026-09-02 18:11:20,281 830 INFO wave4_premig_aml_clean odoo.modules.loading: loading website_payment/views/snippets/snippets.xml 
2026-09-02 18:11:20,342 830 INFO wave4_premig_aml_clean odoo.modules.loading: loading website_payment/views/snippets/s_donation.xml 
2026-09-02 18:11:20,393 830 INFO wave4_premig_aml_clean odoo.modules.loading: loading website_payment/views/snippets/s_supported_payment_methods.xml 
2026-09-02 18:11:20,448 830 INFO wave4_premig_aml_clean odoo.modules.loading: Module website_payment loaded in 0.60s, 205 queries (+205 other) 
2026-09-02 18:11:20,449 830 INFO wave4_premig_aml_clean odoo.modules.loading: 69 modules loaded in 70.13s, 47540 queries (+47541 extra) 
2026-09-02 18:11:22,035 830 INFO wave4_premig_aml_clean odoo.modules.loading: Modules loaded. 
2026-09-02 18:11:23,962 830 INFO wave4_premig_aml_clean odoo.registry: Registry changed, signaling through the database 
2026-09-02 18:11:23,967 830 INFO wave4_premig_aml_clean odoo.registry: Registry loaded in 97.141s 
2026-09-02 18:11:23,968 830 INFO wave4_premig_aml_clean odoo.service.server: Initiating shutdown 
2026-09-02 18:11:23,968 830 INFO wave4_premig_aml_clean odoo.service.server: Hit CTRL-C again or send a second signal to force the shutdown. 
2026-09-02 18:11:23,969 830 INFO wave4_premig_aml_clean odoo.sql_db: ConnectionPool(read/write;used=0/count=0/max=64): Closed 1 connections  
