
2026-09-02 18:03:24,556 765 INFO ? odoo: Odoo version 19.0-20260817 
2026-09-02 18:03:24,556 765 INFO ? odoo: Using configuration file at /etc/odoo/odoo.conf 
2026-09-02 18:03:24,557 765 INFO ? odoo: addons paths: _NamespacePath(['/usr/lib/python3/dist-packages/odoo/addons', '/var/lib/odoo/addons/19.0', '/mnt/extra-addons/.wave4_premigration', '/mnt/extra-addons', '/usr/lib/python3/dist-packages/addons']) 
2026-09-02 18:03:24,557 765 INFO ? odoo: database: odoo@wave4_pg:default 
2026-09-02 18:03:25,200 765 INFO wave4_premig_kyc_dirty odoo.modules.loading: Initializing database wave4_premig_kyc_dirty 
2026-09-02 18:03:29,162 765 WARNING wave4_premig_kyc_dirty odoo.modules.module: Missing `author` key in manifest for 'sgc_brochure_leadcapture', defaulting to '' 
2026-09-02 18:03:29,177 765 WARNING wave4_premig_kyc_dirty odoo.modules.module: Missing `author` key in manifest for 'sgc_brochure_leadcapture', defaulting to '' 
2026-09-02 18:03:30,195 765 WARNING wave4_premig_kyc_dirty odoo.modules.module: Missing `author` key in manifest for 'sgc_llm_router', defaulting to '' 
2026-09-02 18:03:30,206 765 WARNING wave4_premig_kyc_dirty odoo.modules.module: Missing `author` key in manifest for 'sgc_llm_router', defaulting to '' 
2026-09-02 18:03:32,571 765 INFO wave4_premig_kyc_dirty odoo.modules.loading: loading 1 modules... 
2026-09-02 18:03:32,571 765 INFO wave4_premig_kyc_dirty odoo.modules.loading: Loading module base (1/1) 
2026-09-02 18:03:32,603 765 INFO wave4_premig_kyc_dirty odoo.registry: module base: creating or updating database tables 
2026-09-02 18:03:33,317 765 INFO wave4_premig_kyc_dirty odoo.models: Prepare computation of ir.module.module.menus_by_module 
2026-09-02 18:03:33,317 765 INFO wave4_premig_kyc_dirty odoo.models: Prepare computation of ir.module.module.reports_by_module 
2026-09-02 18:03:33,317 765 INFO wave4_premig_kyc_dirty odoo.models: Prepare computation of ir.module.module.views_by_module 
2026-09-02 18:03:33,562 765 INFO wave4_premig_kyc_dirty odoo.models: Prepare computation of res.partner.user_id 
2026-09-02 18:03:33,562 765 INFO wave4_premig_kyc_dirty odoo.models: Prepare computation of res.partner.commercial_partner_id 
2026-09-02 18:03:33,562 765 INFO wave4_premig_kyc_dirty odoo.models: Prepare computation of res.partner.complete_name 
2026-09-02 18:03:33,562 765 INFO wave4_premig_kyc_dirty odoo.models: Prepare computation of res.partner.lang 
2026-09-02 18:03:33,562 765 INFO wave4_premig_kyc_dirty odoo.models: Prepare computation of res.partner.company_registry 
2026-09-02 18:03:33,562 765 INFO wave4_premig_kyc_dirty odoo.models: Prepare computation of res.partner.commercial_company_name 
2026-09-02 18:03:33,562 765 INFO wave4_premig_kyc_dirty odoo.models: Prepare computation of res.partner.properties 
2026-09-02 18:03:33,563 765 INFO wave4_premig_kyc_dirty odoo.models: Prepare computation of res.partner.partner_share 
2026-09-02 18:03:33,626 765 INFO wave4_premig_kyc_dirty odoo.models: Prepare computation of res.currency.decimal_places 
2026-09-02 18:03:33,675 765 INFO wave4_premig_kyc_dirty odoo.models: Prepare computation of res.company.uses_default_logo 
2026-09-02 18:03:33,675 765 INFO wave4_premig_kyc_dirty odoo.models: Prepare computation of res.company.logo_web 
2026-09-02 18:03:33,680 765 INFO wave4_premig_kyc_dirty odoo.models: Computing parent_path for table res_company... 
2026-09-02 18:03:33,733 765 INFO wave4_premig_kyc_dirty odoo.models: Prepare computation of res.users.signature 
2026-09-02 18:03:33,733 765 INFO wave4_premig_kyc_dirty odoo.models: Prepare computation of res.users.share 
2026-09-02 18:03:35,997 765 INFO wave4_premig_kyc_dirty odoo.modules.loading: loading base/data/res_bank.xml 
2026-09-02 18:03:36,007 765 INFO wave4_premig_kyc_dirty odoo.modules.loading: loading base/data/res.lang.csv 
2026-09-02 18:03:36,086 765 INFO wave4_premig_kyc_dirty odoo.modules.loading: loading base/data/res_lang_data.xml 
2026-09-02 18:03:36,141 765 INFO wave4_premig_kyc_dirty odoo.modules.loading: loading base/data/res_partner_data.xml 
2026-09-02 18:03:36,213 765 INFO wave4_premig_kyc_dirty odoo.modules.loading: loading base/data/res_currency_data.xml 
2026-09-02 18:03:36,931 765 INFO wave4_premig_kyc_dirty odoo.modules.loading: loading base/data/res_company_data.xml 
2026-09-02 18:03:36,943 765 INFO wave4_premig_kyc_dirty odoo.modules.loading: loading base/data/res_users_data.xml 
2026-09-02 18:03:38,243 765 INFO wave4_premig_kyc_dirty odoo.modules.loading: loading base/data/report_paperformat_data.xml 
2026-09-02 18:03:38,259 765 INFO wave4_premig_kyc_dirty odoo.modules.loading: loading base/data/res_country_data.xml 
2026-09-02 18:03:39,167 765 INFO wave4_premig_kyc_dirty odoo.modules.loading: loading base/data/ir_demo_data.xml 
2026-09-02 18:03:39,187 765 INFO wave4_premig_kyc_dirty odoo.modules.loading: loading base/security/base_groups.xml 
2026-09-02 18:03:39,463 765 INFO wave4_premig_kyc_dirty odoo.modules.loading: loading base/security/base_security.xml 
2026-09-02 18:03:39,732 765 INFO wave4_premig_kyc_dirty odoo.modules.loading: loading base/wizard/wizard_ir_model_menu_create_views.xml 
2026-09-02 18:03:39,753 765 INFO wave4_premig_kyc_dirty odoo.modules.loading: loading base/views/base_menus.xml 
2026-09-02 18:03:39,853 765 INFO wave4_premig_kyc_dirty odoo.modules.loading: loading base/views/decimal_precision_views.xml 
2026-09-02 18:03:39,882 765 INFO wave4_premig_kyc_dirty odoo.modules.loading: loading base/views/res_config_views.xml 
2026-09-02 18:03:39,894 765 INFO wave4_premig_kyc_dirty odoo.modules.loading: loading base/data/res.country.state.csv 
2026-09-02 18:03:40,354 765 INFO wave4_premig_kyc_dirty odoo.modules.loading: loading base/views/ir_actions_views.xml 
2026-09-02 18:03:40,571 765 INFO wave4_premig_kyc_dirty odoo.modules.loading: loading base/views/ir_asset_views.xml 
2026-09-02 18:03:40,598 765 INFO wave4_premig_kyc_dirty odoo.modules.loading: loading base/views/ir_config_parameter_views.xml 
2026-09-02 18:03:40,626 765 INFO wave4_premig_kyc_dirty odoo.modules.loading: loading base/views/ir_cron_views.xml 
2026-09-02 18:03:40,667 765 INFO wave4_premig_kyc_dirty odoo.modules.loading: loading base/views/ir_cron_trigger_views.xml 
2026-09-02 18:03:40,693 765 INFO wave4_premig_kyc_dirty odoo.modules.loading: loading base/views/ir_filters_views.xml 
2026-09-02 18:03:40,726 765 INFO wave4_premig_kyc_dirty odoo.modules.loading: loading base/views/ir_mail_server_views.xml 
2026-09-02 18:03:40,757 765 INFO wave4_premig_kyc_dirty odoo.modules.loading: loading base/views/ir_model_views.xml 
2026-09-02 18:03:40,965 765 INFO wave4_premig_kyc_dirty odoo.modules.loading: loading base/views/ir_attachment_views.xml 
2026-09-02 18:03:41,000 765 INFO wave4_premig_kyc_dirty odoo.modules.loading: loading base/views/ir_rule_views.xml 
2026-09-02 18:03:41,034 765 INFO wave4_premig_kyc_dirty odoo.modules.loading: loading base/views/ir_sequence_views.xml 
2026-09-02 18:03:41,065 765 INFO wave4_premig_kyc_dirty odoo.modules.loading: loading base/views/ir_ui_menu_views.xml 
2026-09-02 18:03:41,096 765 INFO wave4_premig_kyc_dirty odoo.modules.loading: loading base/views/ir_ui_view_views.xml 
2026-09-02 18:03:41,171 765 INFO wave4_premig_kyc_dirty odoo.modules.loading: loading base/views/ir_default_views.xml 
2026-09-02 18:03:41,206 765 INFO wave4_premig_kyc_dirty odoo.modules.loading: loading base/data/ir_config_parameter_data.xml 
2026-09-02 18:03:41,212 765 INFO wave4_premig_kyc_dirty odoo.modules.loading: loading base/data/ir_cron_data.xml 
2026-09-02 18:03:41,232 765 INFO wave4_premig_kyc_dirty odoo.modules.loading: loading base/report/ir_model_report.xml 
2026-09-02 18:03:41,238 765 INFO wave4_premig_kyc_dirty odoo.modules.loading: loading base/report/ir_model_templates.xml 
2026-09-02 18:03:41,249 765 INFO wave4_premig_kyc_dirty odoo.modules.loading: loading base/views/ir_logging_views.xml 
2026-09-02 18:03:41,277 765 INFO wave4_premig_kyc_dirty odoo.modules.loading: loading base/views/ir_qweb_widget_templates.xml 
2026-09-02 18:03:41,299 765 INFO wave4_premig_kyc_dirty odoo.modules.loading: loading base/views/ir_module_views.xml 
2026-09-02 18:03:41,376 765 INFO wave4_premig_kyc_dirty odoo.modules.loading: loading base/data/ir_module_category_data.xml 
2026-09-02 18:03:41,436 765 INFO wave4_premig_kyc_dirty odoo.modules.loading: loading base/data/ir_module_module.xml 
2026-09-02 18:03:41,549 765 INFO wave4_premig_kyc_dirty odoo.modules.loading: loading base/report/ir_module_reports.xml 
2026-09-02 18:03:41,556 765 INFO wave4_premig_kyc_dirty odoo.modules.loading: loading base/report/ir_module_report_templates.xml 
2026-09-02 18:03:41,565 765 INFO wave4_premig_kyc_dirty odoo.modules.loading: loading base/wizard/base_module_update_views.xml 
2026-09-02 18:03:41,587 765 INFO wave4_premig_kyc_dirty odoo.modules.loading: loading base/wizard/base_language_install_views.xml 
2026-09-02 18:03:41,611 765 INFO wave4_premig_kyc_dirty odoo.modules.loading: loading base/wizard/base_import_language_views.xml 
2026-09-02 18:03:41,627 765 INFO wave4_premig_kyc_dirty odoo.modules.loading: loading base/wizard/base_module_upgrade_views.xml 
2026-09-02 18:03:41,653 765 INFO wave4_premig_kyc_dirty odoo.modules.loading: loading base/wizard/base_module_uninstall_views.xml 
2026-09-02 18:03:41,667 765 INFO wave4_premig_kyc_dirty odoo.modules.loading: loading base/wizard/base_export_language_views.xml 
2026-09-02 18:03:41,686 765 INFO wave4_premig_kyc_dirty odoo.modules.loading: loading base/wizard/base_partner_merge_views.xml 
2026-09-02 18:03:41,708 765 INFO wave4_premig_kyc_dirty odoo.modules.loading: loading base/data/ir_demo_failure_data.xml 
2026-09-02 18:03:41,729 765 INFO wave4_premig_kyc_dirty odoo.modules.loading: loading base/views/ir_profile_views.xml 
2026-09-02 18:03:41,761 765 INFO wave4_premig_kyc_dirty odoo.modules.loading: loading base/views/res_company_views.xml 
2026-09-02 18:03:41,790 765 INFO wave4_premig_kyc_dirty odoo.modules.loading: loading base/views/res_lang_views.xml 
2026-09-02 18:03:41,816 765 INFO wave4_premig_kyc_dirty odoo.modules.loading: loading base/views/res_partner_views.xml 
2026-09-02 18:03:41,946 765 INFO wave4_premig_kyc_dirty odoo.modules.loading: loading base/views/res_bank_views.xml 
2026-09-02 18:03:41,994 765 INFO wave4_premig_kyc_dirty odoo.modules.loading: loading base/views/res_country_views.xml 
2026-09-02 18:03:42,065 765 INFO wave4_premig_kyc_dirty odoo.modules.loading: loading base/views/res_currency_views.xml 
2026-09-02 18:03:42,125 765 INFO wave4_premig_kyc_dirty odoo.modules.loading: loading base/views/res_groups_views.xml 
2026-09-02 18:03:42,194 765 INFO wave4_premig_kyc_dirty odoo.modules.loading: loading base/views/res_users_views.xml 
2026-09-02 18:03:42,337 765 INFO wave4_premig_kyc_dirty odoo.modules.loading: loading base/views/res_users_apikeys_views.xml 
2026-09-02 18:03:42,347 765 INFO wave4_premig_kyc_dirty odoo.modules.loading: loading base/views/res_device_views.xml 
2026-09-02 18:03:42,382 765 INFO wave4_premig_kyc_dirty odoo.modules.loading: loading base/views/res_users_identitycheck_views.xml 
2026-09-02 18:03:42,395 765 INFO wave4_premig_kyc_dirty odoo.modules.loading: loading base/views/res_config_settings_views.xml 
2026-09-02 18:03:42,408 765 INFO wave4_premig_kyc_dirty odoo.modules.loading: loading base/views/report_paperformat_views.xml 
2026-09-02 18:03:42,443 765 INFO wave4_premig_kyc_dirty odoo.modules.loading: loading base/security/ir.model.access.csv 
2026-09-02 18:03:42,634 765 INFO wave4_premig_kyc_dirty odoo.modules.loading: Module base loaded in 10.06s, 8455 queries (+8455 other) 
2026-09-02 18:03:42,634 765 INFO wave4_premig_kyc_dirty odoo.modules.loading: 1 modules loaded in 10.06s, 8455 queries (+8455 extra) 
2026-09-02 18:03:42,642 765 INFO wave4_premig_kyc_dirty odoo.modules.loading: updating modules list 
2026-09-02 18:03:42,645 765 INFO wave4_premig_kyc_dirty odoo.addons.base.models.ir_module: ALLOW access to module.update_list on [] to user __system__ #1 via n/a 
2026-09-02 18:03:44,522 765 WARNING wave4_premig_kyc_dirty odoo.modules.module: Missing `author` key in manifest for 'sgc_brochure_leadcapture', defaulting to '' 
2026-09-02 18:03:44,591 765 WARNING wave4_premig_kyc_dirty odoo.modules.module: Missing `author` key in manifest for 'sgc_llm_router', defaulting to '' 
2026-09-02 18:03:45,001 765 INFO wave4_premig_kyc_dirty odoo.addons.base.models.ir_module: ALLOW access to module.button_install on ['KYC Management'] to user __system__ #1 via n/a 
2026-09-02 18:03:45,152 765 INFO wave4_premig_kyc_dirty odoo.modules.loading: loading 53 modules... 
2026-09-02 18:03:45,153 765 INFO wave4_premig_kyc_dirty odoo.modules.loading: Loading module rpc (2/53) 
2026-09-02 18:03:45,177 765 INFO wave4_premig_kyc_dirty odoo.modules.loading: Module rpc loaded in 0.02s, 9 queries (+9 other) 
2026-09-02 18:03:45,177 765 INFO wave4_premig_kyc_dirty odoo.modules.loading: Loading module social_media (3/53) 
2026-09-02 18:03:45,183 765 INFO wave4_premig_kyc_dirty odoo.registry: module social_media: creating or updating database tables 
2026-09-02 18:03:45,236 765 INFO wave4_premig_kyc_dirty odoo.modules.loading: loading social_media/views/res_company_views.xml 
2026-09-02 18:03:45,271 765 INFO wave4_premig_kyc_dirty odoo.modules.loading: Module social_media loaded in 0.09s, 75 queries (+75 other) 
2026-09-02 18:03:45,271 765 INFO wave4_premig_kyc_dirty odoo.modules.loading: Loading module web (4/53) 
2026-09-02 18:03:45,325 765 INFO wave4_premig_kyc_dirty odoo.registry: module web: creating or updating database tables 
2026-09-02 18:03:45,977 765 INFO wave4_premig_kyc_dirty odoo.modules.loading: loading web/security/ir.model.access.csv 
2026-09-02 18:03:45,992 765 INFO wave4_premig_kyc_dirty odoo.modules.loading: loading web/security/web_security.xml 
2026-09-02 18:03:46,011 765 INFO wave4_premig_kyc_dirty odoo.modules.loading: loading web/views/webclient_templates.xml 
2026-09-02 18:03:46,091 765 INFO wave4_premig_kyc_dirty odoo.modules.loading: loading web/views/report_templates.xml 
2026-09-02 18:03:46,280 765 INFO wave4_premig_kyc_dirty odoo.modules.loading: loading web/views/base_document_layout_views.xml 
2026-09-02 18:03:46,302 765 INFO wave4_premig_kyc_dirty odoo.modules.loading: loading web/views/partner_view.xml 
2026-09-02 18:03:46,313 765 INFO wave4_premig_kyc_dirty odoo.modules.loading: loading web/views/speedscope_template.xml 
2026-09-02 18:03:46,321 765 INFO wave4_premig_kyc_dirty odoo.modules.loading: loading web/views/memory_template.xml 
2026-09-02 18:03:46,329 765 INFO wave4_premig_kyc_dirty odoo.modules.loading: loading web/views/speedscope_config_wizard.xml 
2026-09-02 18:03:46,340 765 INFO wave4_premig_kyc_dirty odoo.modules.loading: loading web/views/neutralize_views.xml 
2026-09-02 18:03:46,350 765 INFO wave4_premig_kyc_dirty odoo.modules.loading: loading web/views/ir_ui_view_views.xml 
2026-09-02 18:03:46,367 765 INFO wave4_premig_kyc_dirty odoo.modules.loading: loading web/data/ir_attachment.xml 
2026-09-02 18:03:46,375 765 INFO wave4_premig_kyc_dirty odoo.modules.loading: loading web/data/report_layout.xml 
2026-09-02 18:03:46,447 765 INFO wave4_premig_kyc_dirty odoo.modules.loading: Module web loaded in 1.18s, 1229 queries (+1229 other) 
2026-09-02 18:03:46,447 765 INFO wave4_premig_kyc_dirty odoo.modules.loading: Loading module api_doc (5/53) 
2026-09-02 18:03:46,456 765 INFO wave4_premig_kyc_dirty odoo.registry: module api_doc: creating or updating database tables 
2026-09-02 18:03:46,478 765 INFO wave4_premig_kyc_dirty odoo.modules.loading: loading api_doc/security/res_groups.xml 
2026-09-02 18:03:46,507 765 INFO wave4_premig_kyc_dirty odoo.modules.loading: loading api_doc/views/docclient.xml 
2026-09-02 18:03:46,533 765 INFO wave4_premig_kyc_dirty odoo.modules.loading: Module api_doc loaded in 0.09s, 63 queries (+63 other) 
2026-09-02 18:03:46,533 765 INFO wave4_premig_kyc_dirty odoo.modules.loading: Loading module auth_totp (6/53) 
2026-09-02 18:03:46,554 765 INFO wave4_premig_kyc_dirty odoo.registry: module auth_totp: creating or updating database tables 
2026-09-02 18:03:46,673 765 INFO wave4_premig_kyc_dirty odoo.modules.loading: loading auth_totp/security/security.xml 
2026-09-02 18:03:46,713 765 INFO wave4_premig_kyc_dirty odoo.modules.loading: loading auth_totp/security/ir.model.access.csv 
2026-09-02 18:03:46,735 765 INFO wave4_premig_kyc_dirty odoo.modules.loading: loading auth_totp/data/ir_action_data.xml 
2026-09-02 18:03:46,748 765 INFO wave4_premig_kyc_dirty odoo.modules.loading: loading auth_totp/views/res_users_views.xml 
2026-09-02 18:03:46,792 765 INFO wave4_premig_kyc_dirty odoo.modules.loading: loading auth_totp/views/templates.xml 
2026-09-02 18:03:46,799 765 INFO wave4_premig_kyc_dirty odoo.modules.loading: loading auth_totp/wizard/auth_totp_wizard_views.xml 
2026-09-02 18:03:46,827 765 INFO wave4_premig_kyc_dirty odoo.modules.loading: Module auth_totp loaded in 0.29s, 218 queries (+218 other) 
2026-09-02 18:03:46,827 765 INFO wave4_premig_kyc_dirty odoo.modules.loading: Loading module base_import (7/53) 
2026-09-02 18:03:46,873 765 INFO wave4_premig_kyc_dirty odoo.registry: module base_import: creating or updating database tables 
2026-09-02 18:03:47,532 765 INFO wave4_premig_kyc_dirty odoo.modules.loading: loading base_import/security/ir.model.access.csv 
2026-09-02 18:03:47,554 765 INFO wave4_premig_kyc_dirty odoo.modules.loading: Module base_import loaded in 0.73s, 956 queries (+956 other) 
2026-09-02 18:03:47,554 765 INFO wave4_premig_kyc_dirty odoo.modules.loading: Loading module base_import_module (8/53) 
2026-09-02 18:03:47,566 765 INFO wave4_premig_kyc_dirty odoo.registry: module base_import_module: creating or updating database tables 
2026-09-02 18:03:47,654 765 INFO wave4_premig_kyc_dirty odoo.modules.loading: loading base_import_module/security/ir.model.access.csv 
2026-09-02 18:03:47,662 765 INFO wave4_premig_kyc_dirty odoo.modules.loading: loading base_import_module/views/base_import_module_view.xml 
2026-09-02 18:03:47,694 765 INFO wave4_premig_kyc_dirty odoo.modules.loading: loading base_import_module/views/ir_module_views.xml 
2026-09-02 18:03:47,780 765 INFO wave4_premig_kyc_dirty odoo.modules.loading: Module base_import_module loaded in 0.23s, 172 queries (+172 other) 
2026-09-02 18:03:47,780 765 INFO wave4_premig_kyc_dirty odoo.modules.loading: Loading module base_setup (9/53) 
2026-09-02 18:03:47,792 765 INFO wave4_premig_kyc_dirty odoo.registry: module base_setup: creating or updating database tables 
2026-09-02 18:03:47,895 765 INFO wave4_premig_kyc_dirty odoo.modules.loading: loading base_setup/data/base_setup_data.xml 
2026-09-02 18:03:47,909 765 INFO wave4_premig_kyc_dirty odoo.modules.loading: loading base_setup/views/res_config_settings_views.xml 
2026-09-02 18:03:48,008 765 INFO wave4_premig_kyc_dirty odoo.modules.loading: loading base_setup/views/res_partner_views.xml 
2026-09-02 18:03:48,054 765 INFO wave4_premig_kyc_dirty odoo.modules.loading: Module base_setup loaded in 0.27s, 152 queries (+152 other) 
2026-09-02 18:03:48,054 765 INFO wave4_premig_kyc_dirty odoo.modules.loading: Loading module bus (10/53) 
2026-09-02 18:03:48,082 765 INFO wave4_premig_kyc_dirty odoo.registry: module bus: creating or updating database tables 
2026-09-02 18:03:48,229 765 INFO wave4_premig_kyc_dirty odoo.modules.loading: loading bus/security/ir.model.access.csv 
2026-09-02 18:03:48,246 765 INFO wave4_premig_kyc_dirty odoo.modules.loading: Module bus loaded in 0.19s, 159 queries (+159 other) 
2026-09-02 18:03:48,246 765 INFO wave4_premig_kyc_dirty odoo.modules.loading: Loading module http_routing (11/53) 
2026-09-02 18:03:48,255 765 INFO wave4_premig_kyc_dirty odoo.registry: module http_routing: creating or updating database tables 
2026-09-02 18:03:48,283 765 INFO wave4_premig_kyc_dirty odoo.modules.loading: loading http_routing/views/http_routing_template.xml 
2026-09-02 18:03:48,341 765 INFO wave4_premig_kyc_dirty odoo.modules.loading: loading http_routing/views/res_lang_views.xml 
2026-09-02 18:03:48,379 765 INFO wave4_premig_kyc_dirty odoo.modules.loading: Module http_routing loaded in 0.13s, 114 queries (+114 other) 
2026-09-02 18:03:48,379 765 INFO wave4_premig_kyc_dirty odoo.modules.loading: Loading module resource (12/53) 
2026-09-02 18:03:48,405 765 INFO wave4_premig_kyc_dirty odoo.registry: module resource: creating or updating database tables 
2026-09-02 18:03:48,667 765 INFO wave4_premig_kyc_dirty odoo.modules.loading: loading resource/data/resource_data.xml 
2026-09-02 18:03:48,690 765 INFO wave4_premig_kyc_dirty odoo.modules.loading: loading resource/security/ir.model.access.csv 
2026-09-02 18:03:48,706 765 INFO wave4_premig_kyc_dirty odoo.modules.loading: loading resource/security/resource_security.xml 
2026-09-02 18:03:48,743 765 INFO wave4_premig_kyc_dirty odoo.modules.loading: loading resource/views/resource_resource_views.xml 
2026-09-02 18:03:48,776 765 INFO wave4_premig_kyc_dirty odoo.modules.loading: loading resource/views/resource_calendar_leaves_views.xml 
2026-09-02 18:03:48,816 765 INFO wave4_premig_kyc_dirty odoo.modules.loading: loading resource/views/resource_calendar_attendance_views.xml 
2026-09-02 18:03:48,833 765 INFO wave4_premig_kyc_dirty odoo.modules.loading: loading resource/views/resource_calendar_views.xml 
2026-09-02 18:03:48,872 765 INFO wave4_premig_kyc_dirty odoo.modules.loading: loading resource/views/menuitems.xml 
2026-09-02 18:03:48,909 765 INFO wave4_premig_kyc_dirty odoo.modules.loading: Module resource loaded in 0.53s, 414 queries (+414 other) 
2026-09-02 18:03:48,909 765 INFO wave4_premig_kyc_dirty odoo.modules.loading: Loading module utm (13/53) 
2026-09-02 18:03:48,922 765 INFO wave4_premig_kyc_dirty odoo.registry: module utm: creating or updating database tables 
2026-09-02 18:03:49,115 765 INFO wave4_premig_kyc_dirty odoo.modules.loading: loading utm/data/utm_medium_data.xml 
2026-09-02 18:03:49,145 765 INFO wave4_premig_kyc_dirty odoo.modules.loading: loading utm/data/utm_source_data.xml 
2026-09-02 18:03:49,171 765 INFO wave4_premig_kyc_dirty odoo.modules.loading: loading utm/data/utm_stage_data.xml 
2026-09-02 18:03:49,181 765 INFO wave4_premig_kyc_dirty odoo.modules.loading: loading utm/data/utm_tag_data.xml 
2026-09-02 18:03:49,188 765 INFO wave4_premig_kyc_dirty odoo.modules.loading: loading utm/views/utm_campaign_views.xml 
2026-09-02 18:03:49,231 765 INFO wave4_premig_kyc_dirty odoo.modules.loading: loading utm/views/utm_medium_views.xml 
2026-09-02 18:03:49,258 765 INFO wave4_premig_kyc_dirty odoo.modules.loading: loading utm/views/utm_source_views.xml 
2026-09-02 18:03:49,279 765 INFO wave4_premig_kyc_dirty odoo.modules.loading: loading utm/views/utm_stage_views.xml 
2026-09-02 18:03:49,308 765 INFO wave4_premig_kyc_dirty odoo.modules.loading: loading utm/views/utm_tag_views.xml 
2026-09-02 18:03:49,328 765 INFO wave4_premig_kyc_dirty odoo.modules.loading: loading utm/views/utm_menus.xml 
2026-09-02 18:03:49,363 765 INFO wave4_premig_kyc_dirty odoo.modules.loading: loading utm/security/ir.model.access.csv 
2026-09-02 18:03:49,400 765 INFO wave4_premig_kyc_dirty odoo.modules.loading: Module utm loaded in 0.49s, 410 queries (+410 other) 
2026-09-02 18:03:49,400 765 INFO wave4_premig_kyc_dirty odoo.modules.loading: Loading module web_tour (14/53) 
2026-09-02 18:03:49,415 765 INFO wave4_premig_kyc_dirty odoo.registry: module web_tour: creating or updating database tables 
2026-09-02 18:03:49,423 765 INFO wave4_premig_kyc_dirty odoo.models: Prepare computation of res.users.tour_enabled 
2026-09-02 18:03:49,557 765 INFO wave4_premig_kyc_dirty odoo.modules.loading: loading web_tour/security/ir.model.access.csv 
2026-09-02 18:03:49,568 765 INFO wave4_premig_kyc_dirty odoo.modules.loading: loading web_tour/views/tour_views.xml 
2026-09-02 18:03:49,635 765 INFO wave4_premig_kyc_dirty odoo.modules.loading: Module web_tour loaded in 0.23s, 180 queries (+180 other) 
2026-09-02 18:03:49,635 765 INFO wave4_premig_kyc_dirty odoo.modules.loading: Loading module auth_passkey (15/53) 
2026-09-02 18:03:49,696 765 INFO wave4_premig_kyc_dirty odoo.registry: module auth_passkey: creating or updating database tables 
2026-09-02 18:03:49,804 765 INFO wave4_premig_kyc_dirty odoo.modules.loading: loading auth_passkey/views/auth_passkey_key_views.xml 
2026-09-02 18:03:49,837 765 INFO wave4_premig_kyc_dirty odoo.modules.loading: loading auth_passkey/views/auth_passkey_login_templates.xml 
2026-09-02 18:03:49,864 765 INFO wave4_premig_kyc_dirty odoo.modules.loading: loading auth_passkey/views/res_users_identitycheck_views.xml 
2026-09-02 18:03:49,878 765 INFO wave4_premig_kyc_dirty odoo.modules.loading: loading auth_passkey/views/res_users_views.xml 
2026-09-02 18:03:49,908 765 INFO wave4_premig_kyc_dirty odoo.modules.loading: loading auth_passkey/security/ir.model.access.csv 
2026-09-02 18:03:49,921 765 INFO wave4_premig_kyc_dirty odoo.modules.loading: loading auth_passkey/security/security.xml 
2026-09-02 18:03:49,961 765 INFO wave4_premig_kyc_dirty odoo.modules.loading: Module auth_passkey loaded in 0.33s, 218 queries (+218 other) 
2026-09-02 18:03:49,961 765 INFO wave4_premig_kyc_dirty odoo.modules.loading: Loading module google_recaptcha (16/53) 
2026-09-02 18:03:49,968 765 INFO wave4_premig_kyc_dirty odoo.registry: module google_recaptcha: creating or updating database tables 
2026-09-02 18:03:50,000 765 INFO wave4_premig_kyc_dirty odoo.modules.loading: loading google_recaptcha/views/res_config_settings_view.xml 
2026-09-02 18:03:50,043 765 INFO wave4_premig_kyc_dirty odoo.modules.loading: Module google_recaptcha loaded in 0.08s, 64 queries (+64 other) 
2026-09-02 18:03:50,043 765 INFO wave4_premig_kyc_dirty odoo.modules.loading: Loading module html_editor (17/53) 
2026-09-02 18:03:50,289 765 INFO wave4_premig_kyc_dirty odoo.registry: module html_editor: creating or updating database tables 
2026-09-02 18:03:51,054 765 INFO wave4_premig_kyc_dirty odoo.modules.loading: loading html_editor/security/ir.model.access.csv 
2026-09-02 18:03:51,079 765 INFO wave4_premig_kyc_dirty odoo.modules.loading: Module html_editor loaded in 1.04s, 1110 queries (+1110 other) 
2026-09-02 18:03:51,079 765 INFO wave4_premig_kyc_dirty odoo.modules.loading: Loading module iap (18/53) 
2026-09-02 18:03:51,087 765 INFO wave4_premig_kyc_dirty odoo.registry: module iap: creating or updating database tables 
2026-09-02 18:03:51,211 765 INFO wave4_premig_kyc_dirty odoo.modules.loading: loading iap/data/services.xml 
2026-09-02 18:03:51,219 765 INFO wave4_premig_kyc_dirty odoo.modules.loading: loading iap/security/ir.model.access.csv 
2026-09-02 18:03:51,231 765 INFO wave4_premig_kyc_dirty odoo.modules.loading: loading iap/security/ir_rule.xml 
2026-09-02 18:03:51,242 765 INFO wave4_premig_kyc_dirty odoo.modules.loading: loading iap/views/iap_views.xml 
2026-09-02 18:03:51,278 765 INFO wave4_premig_kyc_dirty odoo.modules.loading: loading iap/views/res_config_settings.xml 
2026-09-02 18:03:51,313 765 INFO wave4_premig_kyc_dirty odoo.modules.loading: Module iap loaded in 0.23s, 184 queries (+184 other) 
2026-09-02 18:03:51,313 765 INFO wave4_premig_kyc_dirty odoo.modules.loading: Loading module mail (19/53) 
2026-09-02 18:03:51,408 765 INFO wave4_premig_kyc_dirty odoo.registry: module mail: creating or updating database tables 
2026-09-02 18:03:52,009 765 INFO wave4_premig_kyc_dirty odoo.models: Prepare computation of ir.actions.server.partner_ids 
2026-09-02 18:03:52,009 765 INFO wave4_premig_kyc_dirty odoo.models: Prepare computation of ir.actions.server.activity_user_id 
2026-09-02 18:03:52,010 765 INFO wave4_premig_kyc_dirty odoo.models: Prepare computation of ir.actions.server.activity_type_id 
2026-09-02 18:03:52,010 765 INFO wave4_premig_kyc_dirty odoo.models: Prepare computation of ir.actions.server.template_id 
2026-09-02 18:03:52,010 765 INFO wave4_premig_kyc_dirty odoo.models: Prepare computation of ir.actions.server.activity_date_deadline_range 
2026-09-02 18:03:52,010 765 INFO wave4_premig_kyc_dirty odoo.models: Prepare computation of ir.actions.server.activity_summary 
2026-09-02 18:03:52,010 765 INFO wave4_premig_kyc_dirty odoo.models: Prepare computation of ir.actions.server.followers_type 
2026-09-02 18:03:52,010 765 INFO wave4_premig_kyc_dirty odoo.models: Prepare computation of ir.actions.server.followers_partner_field_name 
2026-09-02 18:03:52,010 765 INFO wave4_premig_kyc_dirty odoo.models: Prepare computation of ir.actions.server.mail_post_method 
2026-09-02 18:03:52,011 765 INFO wave4_premig_kyc_dirty odoo.models: Prepare computation of ir.actions.server.activity_date_deadline_range_type 
2026-09-02 18:03:52,011 765 INFO wave4_premig_kyc_dirty odoo.models: Prepare computation of ir.actions.server.activity_user_type 
2026-09-02 18:03:52,011 765 INFO wave4_premig_kyc_dirty odoo.models: Prepare computation of ir.actions.server.activity_user_field_name 
2026-09-02 18:03:52,011 765 INFO wave4_premig_kyc_dirty odoo.models: Prepare computation of ir.actions.server.activity_note 
2026-09-02 18:03:52,011 765 INFO wave4_premig_kyc_dirty odoo.models: Prepare computation of ir.actions.server.mail_post_autofollow 
2026-09-02 18:03:52,118 765 INFO wave4_premig_kyc_dirty odoo.models: Prepare computation of res.users.notification_type 
2026-09-02 18:03:52,277 765 INFO wave4_premig_kyc_dirty odoo.models: Prepare computation of res.partner.email_normalized 
<string>:38: (ERROR/3) Unexpected indentation.
<string>:43: (WARNING/2) Block quote ends without a blank line; unexpected unindent.
2026-09-02 18:03:54,638 765 INFO wave4_premig_kyc_dirty odoo.modules.loading: loading mail/data/mail_groups.xml 
2026-09-02 18:03:54,678 765 INFO wave4_premig_kyc_dirty odoo.modules.loading: loading mail/wizard/mail_activity_schedule_views.xml 
2026-09-02 18:03:54,695 765 INFO wave4_premig_kyc_dirty odoo.modules.loading: loading mail/wizard/mail_blacklist_remove_views.xml 
2026-09-02 18:03:54,703 765 INFO wave4_premig_kyc_dirty odoo.modules.loading: loading mail/wizard/mail_compose_message_views.xml 
2026-09-02 18:03:54,733 765 INFO wave4_premig_kyc_dirty odoo.modules.loading: loading mail/wizard/mail_template_preview_views.xml 
2026-09-02 18:03:54,750 765 INFO wave4_premig_kyc_dirty odoo.modules.loading: loading mail/wizard/mail_followers_edit_views.xml 
2026-09-02 18:03:54,768 765 INFO wave4_premig_kyc_dirty odoo.modules.loading: loading mail/wizard/mail_template_reset_views.xml 
2026-09-02 18:03:54,783 765 INFO wave4_premig_kyc_dirty odoo.modules.loading: loading mail/views/fetchmail_views.xml 
2026-09-02 18:03:54,811 765 INFO wave4_premig_kyc_dirty odoo.modules.loading: loading mail/views/ir_cron_views.xml 
2026-09-02 18:03:54,828 765 INFO wave4_premig_kyc_dirty odoo.modules.loading: loading mail/views/ir_filters_views.xml 
2026-09-02 18:03:54,863 765 INFO wave4_premig_kyc_dirty odoo.modules.loading: loading mail/views/ir_mail_server_views.xml 
2026-09-02 18:03:54,879 765 INFO wave4_premig_kyc_dirty odoo.modules.loading: loading mail/views/mail_message_subtype_views.xml 
2026-09-02 18:03:54,902 765 INFO wave4_premig_kyc_dirty odoo.modules.loading: loading mail/views/mail_tracking_value_views.xml 
2026-09-02 18:03:54,920 765 INFO wave4_premig_kyc_dirty odoo.modules.loading: loading mail/views/mail_notification_views.xml 
2026-09-02 18:03:54,942 765 INFO wave4_premig_kyc_dirty odoo.modules.loading: loading mail/views/mail_message_views.xml 
2026-09-02 18:03:54,986 765 INFO wave4_premig_kyc_dirty odoo.modules.loading: loading mail/views/mail_message_schedule_views.xml 
2026-09-02 18:03:55,011 765 INFO wave4_premig_kyc_dirty odoo.modules.loading: loading mail/views/mail_mail_views.xml 
2026-09-02 18:03:55,052 765 INFO wave4_premig_kyc_dirty odoo.modules.loading: loading mail/views/mail_followers_views.xml 
2026-09-02 18:03:55,072 765 INFO wave4_premig_kyc_dirty odoo.modules.loading: loading mail/views/mail_ice_server_views.xml 
2026-09-02 18:03:55,104 765 INFO wave4_premig_kyc_dirty odoo.modules.loading: loading mail/views/discuss_channel_member_views.xml 
2026-09-02 18:03:55,124 765 INFO wave4_premig_kyc_dirty odoo.modules.loading: loading mail/views/discuss_channel_rtc_session_views.xml 
2026-09-02 18:03:55,148 765 INFO wave4_premig_kyc_dirty odoo.modules.loading: loading mail/views/mail_link_preview_views.xml 
2026-09-02 18:03:55,181 765 INFO wave4_premig_kyc_dirty odoo.modules.loading: loading mail/views/discuss/discuss_gif_favorite_views.xml 
2026-09-02 18:03:55,200 765 INFO wave4_premig_kyc_dirty odoo.modules.loading: loading mail/views/discuss_channel_views.xml 
2026-09-02 18:03:55,257 765 INFO wave4_premig_kyc_dirty odoo.modules.loading: loading mail/views/mail_canned_response_views.xml 
2026-09-02 18:03:55,293 765 INFO wave4_premig_kyc_dirty odoo.modules.loading: loading mail/views/res_role_views.xml 
2026-09-02 18:03:55,317 765 INFO wave4_premig_kyc_dirty odoo.modules.loading: loading mail/views/mail_activity_views.xml 
2026-09-02 18:03:55,472 765 INFO wave4_premig_kyc_dirty odoo.modules.loading: loading mail/views/mail_activity_plan_views.xml 
2026-09-02 18:03:55,532 765 INFO wave4_premig_kyc_dirty odoo.modules.loading: loading mail/views/mail_activity_plan_template_views.xml 
2026-09-02 18:03:55,550 765 INFO wave4_premig_kyc_dirty odoo.modules.loading: loading mail/views/res_config_settings_views.xml 
2026-09-02 18:03:55,582 765 INFO wave4_premig_kyc_dirty odoo.modules.loading: loading mail/data/ir_config_parameter_data.xml 
2026-09-02 18:03:55,592 765 INFO wave4_premig_kyc_dirty odoo.modules.loading: loading mail/data/res_partner_data.xml 
2026-09-02 18:03:55,691 765 INFO wave4_premig_kyc_dirty odoo.modules.loading: loading mail/data/mail_message_subtype_data.xml 
2026-09-02 18:03:55,702 765 INFO wave4_premig_kyc_dirty odoo.modules.loading: loading mail/data/mail_templates_chatter.xml 
2026-09-02 18:03:55,728 765 INFO wave4_premig_kyc_dirty odoo.modules.loading: loading mail/data/mail_templates_email_layouts.xml 
2026-09-02 18:03:55,755 765 INFO wave4_premig_kyc_dirty odoo.modules.loading: loading mail/data/mail_templates_mailgateway.xml 
2026-09-02 18:03:55,783 765 INFO wave4_premig_kyc_dirty odoo.modules.loading: loading mail/data/discuss_channel_data.xml 
2026-09-02 18:03:55,844 765 INFO wave4_premig_kyc_dirty odoo.modules.loading: loading mail/data/mail_activity_type_data.xml 
2026-09-02 18:03:55,862 765 INFO wave4_premig_kyc_dirty odoo.modules.loading: loading mail/data/security_notifications_templates.xml 
2026-09-02 18:03:55,871 765 INFO wave4_premig_kyc_dirty odoo.modules.loading: loading mail/data/ir_cron_data.xml 
2026-09-02 18:03:56,035 765 INFO wave4_premig_kyc_dirty odoo.modules.loading: loading mail/data/ir_actions_client.xml 
2026-09-02 18:03:56,044 765 INFO wave4_premig_kyc_dirty odoo.modules.loading: loading mail/security/mail_security.xml 
2026-09-02 18:03:56,267 765 INFO wave4_premig_kyc_dirty odoo.modules.loading: loading mail/security/ir.model.access.csv 
2026-09-02 18:03:56,346 765 INFO wave4_premig_kyc_dirty odoo.modules.loading: loading mail/views/discuss_public_templates.xml 
2026-09-02 18:03:56,355 765 INFO wave4_premig_kyc_dirty odoo.modules.loading: loading mail/views/mail_alias_domain_views.xml 
2026-09-02 18:03:56,381 765 INFO wave4_premig_kyc_dirty odoo.modules.loading: loading mail/views/mail_alias_views.xml 
2026-09-02 18:03:56,413 765 INFO wave4_premig_kyc_dirty odoo.modules.loading: loading mail/views/mail_gateway_allowed_views.xml 
2026-09-02 18:03:56,431 765 INFO wave4_premig_kyc_dirty odoo.modules.loading: loading mail/views/mail_guest_views.xml 
2026-09-02 18:03:56,452 765 INFO wave4_premig_kyc_dirty odoo.modules.loading: loading mail/views/mail_message_reaction_views.xml 
2026-09-02 18:03:56,484 765 INFO wave4_premig_kyc_dirty odoo.modules.loading: loading mail/views/mail_templates_public.xml 
2026-09-02 18:03:56,521 765 INFO wave4_premig_kyc_dirty odoo.modules.loading: loading mail/views/res_users_views.xml 
2026-09-02 18:03:56,630 765 INFO wave4_premig_kyc_dirty odoo.modules.loading: loading mail/views/res_users_settings_views.xml 
2026-09-02 18:03:56,691 765 INFO wave4_premig_kyc_dirty odoo.modules.loading: loading mail/views/mail_template_views.xml 
2026-09-02 18:03:56,790 765 INFO wave4_premig_kyc_dirty odoo.modules.loading: loading mail/views/ir_actions_server_views.xml 
2026-09-02 18:03:56,867 765 INFO wave4_premig_kyc_dirty odoo.modules.loading: loading mail/views/ir_model_views.xml 
2026-09-02 18:03:57,007 765 INFO wave4_premig_kyc_dirty odoo.modules.loading: loading mail/views/res_partner_views.xml 
2026-09-02 18:03:57,214 765 INFO wave4_premig_kyc_dirty odoo.modules.loading: loading mail/views/mail_blacklist_views.xml 
2026-09-02 18:03:57,284 765 INFO wave4_premig_kyc_dirty odoo.modules.loading: loading mail/views/mail_menus.xml 
2026-09-02 18:03:57,737 765 INFO wave4_premig_kyc_dirty odoo.modules.loading: loading mail/views/discuss/discuss_menus.xml 
2026-09-02 18:03:57,750 765 INFO wave4_premig_kyc_dirty odoo.modules.loading: loading mail/views/discuss/discuss_call_history_views.xml 
2026-09-02 18:03:57,816 765 INFO wave4_premig_kyc_dirty odoo.modules.loading: loading mail/views/res_company_views.xml 
2026-09-02 18:03:57,851 765 INFO wave4_premig_kyc_dirty odoo.modules.loading: loading mail/views/mail_scheduled_message_views.xml 
2026-09-02 18:03:57,875 765 INFO wave4_premig_kyc_dirty odoo.modules.loading: loading mail/data/mail_canned_response_data.xml 
2026-09-02 18:03:57,905 765 INFO wave4_premig_kyc_dirty odoo.modules.loading: loading mail/data/mail_templates_invite.xml 
2026-09-02 18:03:57,962 765 INFO wave4_premig_kyc_dirty odoo.modules.loading: loading mail/data/web_tour_tour.xml 
2026-09-02 18:03:58,137 765 INFO wave4_premig_kyc_dirty odoo.modules.loading: Module mail loaded in 6.82s, 5055 queries (+5056 other) 
2026-09-02 18:03:58,137 765 INFO wave4_premig_kyc_dirty odoo.modules.loading: Loading module web_unsplash (20/53) 
2026-09-02 18:03:58,182 765 INFO wave4_premig_kyc_dirty odoo.registry: module web_unsplash: creating or updating database tables 
2026-09-02 18:03:58,317 765 INFO wave4_premig_kyc_dirty odoo.modules.loading: loading web_unsplash/views/res_config_settings_view.xml 
2026-09-02 18:03:58,411 765 INFO wave4_premig_kyc_dirty odoo.modules.loading: Module web_unsplash loaded in 0.27s, 103 queries (+103 other) 
2026-09-02 18:03:58,411 765 INFO wave4_premig_kyc_dirty odoo.modules.loading: Loading module auth_signup (21/53) 
2026-09-02 18:03:58,434 765 INFO wave4_premig_kyc_dirty odoo.registry: module auth_signup: creating or updating database tables 
2026-09-02 18:03:58,567 765 INFO wave4_premig_kyc_dirty odoo.modules.loading: loading auth_signup/data/ir_config_parameter_data.xml 
2026-09-02 18:03:58,576 765 INFO wave4_premig_kyc_dirty odoo.modules.loading: loading auth_signup/data/ir_cron_data.xml 
2026-09-02 18:03:58,618 765 INFO wave4_premig_kyc_dirty odoo.modules.loading: loading auth_signup/data/mail_template_data.xml 
2026-09-02 18:03:58,754 765 INFO wave4_premig_kyc_dirty odoo.modules.loading: loading auth_signup/views/res_config_settings_views.xml 
2026-09-02 18:03:58,782 765 INFO wave4_premig_kyc_dirty odoo.modules.loading: loading auth_signup/views/res_users_views.xml 
2026-09-02 18:03:58,827 765 INFO wave4_premig_kyc_dirty odoo.modules.loading: loading auth_signup/views/auth_signup_login_templates.xml 
2026-09-02 18:03:58,859 765 INFO wave4_premig_kyc_dirty odoo.modules.loading: loading auth_signup/views/auth_signup_templates_email.xml 
2026-09-02 18:03:58,871 765 INFO wave4_premig_kyc_dirty odoo.modules.loading: loading auth_signup/views/webclient_templates.xml 
2026-09-02 18:03:58,916 765 INFO wave4_premig_kyc_dirty odoo.modules.loading: Module auth_signup loaded in 0.50s, 255 queries (+255 other) 
2026-09-02 18:03:58,916 765 INFO wave4_premig_kyc_dirty odoo.modules.loading: Loading module auth_totp_mail (22/53) 
2026-09-02 18:03:58,959 765 INFO wave4_premig_kyc_dirty odoo.registry: module auth_totp_mail: creating or updating database tables 
2026-09-02 18:03:59,086 765 INFO wave4_premig_kyc_dirty odoo.modules.loading: loading auth_totp_mail/data/ir_action_data.xml 
2026-09-02 18:03:59,133 765 INFO wave4_premig_kyc_dirty odoo.modules.loading: loading auth_totp_mail/data/mail_template_data.xml 
2026-09-02 18:03:59,194 765 INFO wave4_premig_kyc_dirty odoo.modules.loading: loading auth_totp_mail/data/security_notifications_template.xml 
2026-09-02 18:03:59,214 765 INFO wave4_premig_kyc_dirty odoo.modules.loading: loading auth_totp_mail/views/res_config_settings_views.xml 
2026-09-02 18:03:59,267 765 INFO wave4_premig_kyc_dirty odoo.modules.loading: loading auth_totp_mail/views/res_users_views.xml 
2026-09-02 18:03:59,304 765 INFO wave4_premig_kyc_dirty odoo.modules.loading: loading auth_totp_mail/views/templates.xml 
2026-09-02 18:03:59,352 765 INFO wave4_premig_kyc_dirty odoo.modules.loading: Module auth_totp_mail loaded in 0.44s, 189 queries (+189 other) 
2026-09-02 18:03:59,352 765 INFO wave4_premig_kyc_dirty odoo.modules.loading: Loading module base_install_request (23/53) 
2026-09-02 18:03:59,362 765 INFO wave4_premig_kyc_dirty odoo.registry: module base_install_request: creating or updating database tables 
2026-09-02 18:03:59,465 765 INFO wave4_premig_kyc_dirty odoo.modules.loading: loading base_install_request/security/ir.model.access.csv 
2026-09-02 18:03:59,481 765 INFO wave4_premig_kyc_dirty odoo.modules.loading: loading base_install_request/wizard/base_module_install_request_views.xml 
2026-09-02 18:03:59,509 765 INFO wave4_premig_kyc_dirty odoo.modules.loading: loading base_install_request/data/mail_template_data.xml 
2026-09-02 18:03:59,518 765 INFO wave4_premig_kyc_dirty odoo.modules.loading: loading base_install_request/data/mail_templates_module_install.xml 
2026-09-02 18:03:59,529 765 INFO wave4_premig_kyc_dirty odoo.modules.loading: loading base_install_request/views/ir_module_module_views.xml 
2026-09-02 18:03:59,562 765 INFO wave4_premig_kyc_dirty odoo.modules.loading: Module base_install_request loaded in 0.21s, 154 queries (+154 other) 
2026-09-02 18:03:59,563 765 INFO wave4_premig_kyc_dirty odoo.modules.loading: Loading module calendar (24/53) 
2026-09-02 18:03:59,615 765 INFO wave4_premig_kyc_dirty odoo.registry: module calendar: creating or updating database tables 
2026-09-02 18:04:00,142 765 INFO wave4_premig_kyc_dirty odoo.modules.loading: loading calendar/security/ir.model.access.csv 
2026-09-02 18:04:00,160 765 INFO wave4_premig_kyc_dirty odoo.modules.loading: loading calendar/security/calendar_security.xml 
2026-09-02 18:04:00,190 765 INFO wave4_premig_kyc_dirty odoo.modules.loading: loading calendar/data/calendar_cron.xml 
2026-09-02 18:04:00,222 765 INFO wave4_premig_kyc_dirty odoo.modules.loading: loading calendar/data/mail_template_data.xml 
2026-09-02 18:04:00,262 765 INFO wave4_premig_kyc_dirty odoo.modules.loading: loading calendar/data/calendar_data.xml 
2026-09-02 18:04:00,302 765 INFO wave4_premig_kyc_dirty odoo.modules.loading: loading calendar/data/mail_activity_type_data.xml 
2026-09-02 18:04:00,314 765 INFO wave4_premig_kyc_dirty odoo.modules.loading: loading calendar/data/mail_message_subtype_data.xml 
2026-09-02 18:04:00,323 765 INFO wave4_premig_kyc_dirty odoo.modules.loading: loading calendar/views/mail_activity_views.xml 
2026-09-02 18:04:00,352 765 INFO wave4_premig_kyc_dirty odoo.modules.loading: loading calendar/views/calendar_templates.xml 
2026-09-02 18:04:00,361 765 INFO wave4_premig_kyc_dirty odoo.modules.loading: loading calendar/views/calendar_views.xml 
2026-09-02 18:04:00,539 765 INFO wave4_premig_kyc_dirty odoo.modules.loading: loading calendar/views/res_config_settings_views.xml 
2026-09-02 18:04:00,561 765 INFO wave4_premig_kyc_dirty odoo.modules.loading: loading calendar/views/res_partner_views.xml 
2026-09-02 18:04:00,581 765 INFO wave4_premig_kyc_dirty odoo.modules.loading: loading calendar/views/res_users_views.xml 
2026-09-02 18:04:00,609 765 INFO wave4_premig_kyc_dirty odoo.modules.loading: loading calendar/wizard/calendar_provider_config.xml 
2026-09-02 18:04:00,618 765 INFO wave4_premig_kyc_dirty odoo.modules.loading: loading calendar/wizard/calendar_popover_delete_wizard.xml 
2026-09-02 18:04:00,639 765 INFO wave4_premig_kyc_dirty odoo.modules.loading: loading calendar/wizard/mail_activity_schedule_views.xml 
2026-09-02 18:04:00,695 765 INFO wave4_premig_kyc_dirty odoo.modules.loading: Module calendar loaded in 1.13s, 883 queries (+883 other) 
2026-09-02 18:04:00,695 765 INFO wave4_premig_kyc_dirty odoo.modules.loading: Loading module contacts (25/53) 
2026-09-02 18:04:00,716 765 INFO wave4_premig_kyc_dirty odoo.registry: module contacts: creating or updating database tables 
2026-09-02 18:04:00,785 765 INFO wave4_premig_kyc_dirty odoo.modules.loading: loading contacts/views/contact_views.xml 
2026-09-02 18:04:00,884 765 INFO wave4_premig_kyc_dirty odoo.modules.loading: Module contacts loaded in 0.19s, 209 queries (+209 other) 
2026-09-02 18:04:00,884 765 INFO wave4_premig_kyc_dirty odoo.modules.loading: Loading module google_gmail (26/53) 
2026-09-02 18:04:00,902 765 INFO wave4_premig_kyc_dirty odoo.registry: module google_gmail: creating or updating database tables 
2026-09-02 18:04:00,993 765 INFO wave4_premig_kyc_dirty odoo.modules.loading: loading google_gmail/views/fetchmail_server_views.xml 
2026-09-02 18:04:01,017 765 INFO wave4_premig_kyc_dirty odoo.modules.loading: loading google_gmail/views/ir_mail_server_views.xml 
2026-09-02 18:04:01,033 765 INFO wave4_premig_kyc_dirty odoo.modules.loading: loading google_gmail/views/res_config_settings_views.xml 
2026-09-02 18:04:01,070 765 INFO wave4_premig_kyc_dirty odoo.modules.loading: loading google_gmail/views/templates.xml 
2026-09-02 18:04:01,087 765 INFO wave4_premig_kyc_dirty odoo.modules.loading: Module google_gmail loaded in 0.20s, 155 queries (+155 other) 
2026-09-02 18:04:01,087 765 INFO wave4_premig_kyc_dirty odoo.modules.loading: Loading module html_builder (27/53) 
2026-09-02 18:04:01,125 765 INFO wave4_premig_kyc_dirty odoo.modules.loading: Module html_builder loaded in 0.04s, 10 queries (+10 other) 
2026-09-02 18:04:01,126 765 INFO wave4_premig_kyc_dirty odoo.modules.loading: Loading module iap_mail (28/53) 
2026-09-02 18:04:01,134 765 INFO wave4_premig_kyc_dirty odoo.registry: module iap_mail: creating or updating database tables 
2026-09-02 18:04:01,173 765 INFO wave4_premig_kyc_dirty odoo.modules.loading: loading iap_mail/data/mail_templates.xml 
2026-09-02 18:04:01,194 765 INFO wave4_premig_kyc_dirty odoo.modules.loading: loading iap_mail/views/iap_views.xml 
2026-09-02 18:04:01,227 765 INFO wave4_premig_kyc_dirty odoo.modules.loading: Module iap_mail loaded in 0.10s, 70 queries (+70 other) 
2026-09-02 18:04:01,227 765 INFO wave4_premig_kyc_dirty odoo.modules.loading: Loading module mail_bot (29/53) 
2026-09-02 18:04:01,243 765 INFO wave4_premig_kyc_dirty odoo.registry: module mail_bot: creating or updating database tables 
2026-09-02 18:04:01,314 765 INFO wave4_premig_kyc_dirty odoo.modules.loading: loading mail_bot/views/res_users_views.xml 
2026-09-02 18:04:01,343 765 INFO wave4_premig_kyc_dirty odoo.modules.loading: loading mail_bot/data/mailbot_data.xml 
2026-09-02 18:04:01,365 765 INFO wave4_premig_kyc_dirty odoo.modules.loading: Module mail_bot loaded in 0.14s, 109 queries (+109 other) 
2026-09-02 18:04:01,365 765 INFO wave4_premig_kyc_dirty odoo.modules.loading: Loading module microsoft_outlook (30/53) 
2026-09-02 18:04:01,394 765 INFO wave4_premig_kyc_dirty odoo.registry: module microsoft_outlook: creating or updating database tables 
2026-09-02 18:04:01,496 765 INFO wave4_premig_kyc_dirty odoo.modules.loading: loading microsoft_outlook/views/fetchmail_server_views.xml 
2026-09-02 18:04:01,524 765 INFO wave4_premig_kyc_dirty odoo.modules.loading: loading microsoft_outlook/views/ir_mail_server_views.xml 
2026-09-02 18:04:01,542 765 INFO wave4_premig_kyc_dirty odoo.modules.loading: loading microsoft_outlook/views/res_config_settings_views.xml 
2026-09-02 18:04:01,573 765 INFO wave4_premig_kyc_dirty odoo.modules.loading: loading microsoft_outlook/views/templates.xml 
2026-09-02 18:04:01,595 765 INFO wave4_premig_kyc_dirty odoo.modules.loading: Module microsoft_outlook loaded in 0.23s, 158 queries (+158 other) 
2026-09-02 18:04:01,595 765 INFO wave4_premig_kyc_dirty odoo.modules.loading: Loading module phone_validation (31/53) 
2026-09-02 18:04:01,716 765 INFO wave4_premig_kyc_dirty odoo.registry: module phone_validation: creating or updating database tables 
2026-09-02 18:04:01,745 765 INFO wave4_premig_kyc_dirty odoo.models: Prepare computation of res.partner.phone_sanitized 
2026-09-02 18:04:02,964 765 INFO wave4_premig_kyc_dirty odoo.modules.loading: loading phone_validation/security/ir.model.access.csv 
2026-09-02 18:04:02,977 765 INFO wave4_premig_kyc_dirty odoo.modules.loading: loading phone_validation/views/phone_blacklist_views.xml 
2026-09-02 18:04:03,017 765 INFO wave4_premig_kyc_dirty odoo.modules.loading: loading phone_validation/views/res_partner_views.xml 
2026-09-02 18:04:03,038 765 INFO wave4_premig_kyc_dirty odoo.modules.loading: loading phone_validation/wizard/phone_blacklist_remove_view.xml 
2026-09-02 18:04:03,064 765 INFO wave4_premig_kyc_dirty odoo.modules.loading: Module phone_validation loaded in 1.47s, 1769 queries (+1769 other) 
2026-09-02 18:04:03,065 765 INFO wave4_premig_kyc_dirty odoo.modules.loading: Loading module privacy_lookup (32/53) 
2026-09-02 18:04:03,088 765 INFO wave4_premig_kyc_dirty odoo.registry: module privacy_lookup: creating or updating database tables 
2026-09-02 18:04:03,294 765 INFO wave4_premig_kyc_dirty odoo.modules.loading: loading privacy_lookup/wizard/privacy_lookup_wizard_views.xml 
2026-09-02 18:04:03,387 765 INFO wave4_premig_kyc_dirty odoo.modules.loading: loading privacy_lookup/views/privacy_log_views.xml 
2026-09-02 18:04:03,421 765 INFO wave4_premig_kyc_dirty odoo.modules.loading: loading privacy_lookup/security/ir.model.access.csv 
2026-09-02 18:04:03,445 765 INFO wave4_premig_kyc_dirty odoo.modules.loading: loading privacy_lookup/data/ir_actions_server_data.xml 
2026-09-02 18:04:03,509 765 INFO wave4_premig_kyc_dirty odoo.modules.loading: Module privacy_lookup loaded in 0.44s, 296 queries (+296 other) 
2026-09-02 18:04:03,509 765 INFO wave4_premig_kyc_dirty odoo.modules.loading: Loading module resource_mail (33/53) 
2026-09-02 18:04:03,519 765 INFO wave4_premig_kyc_dirty odoo.registry: module resource_mail: creating or updating database tables 
2026-09-02 18:04:03,581 765 INFO wave4_premig_kyc_dirty odoo.modules.loading: Module resource_mail loaded in 0.07s, 36 queries (+36 other) 
2026-09-02 18:04:03,581 765 INFO wave4_premig_kyc_dirty odoo.modules.loading: Loading module sales_team (34/53) 
2026-09-02 18:04:03,604 765 INFO wave4_premig_kyc_dirty odoo.registry: module sales_team: creating or updating database tables 
2026-09-02 18:04:03,661 765 INFO wave4_premig_kyc_dirty odoo.models: Prepare computation of res.users.sale_team_id 
2026-09-02 18:04:03,824 765 INFO wave4_premig_kyc_dirty odoo.modules.loading: loading sales_team/security/sales_team_security.xml 
2026-09-02 18:04:03,893 765 INFO wave4_premig_kyc_dirty odoo.modules.loading: loading sales_team/security/ir.model.access.csv 
2026-09-02 18:04:03,907 765 INFO wave4_premig_kyc_dirty odoo.modules.loading: loading sales_team/data/crm_team_data.xml 
2026-09-02 18:04:03,957 765 INFO wave4_premig_kyc_dirty odoo.modules.loading: loading sales_team/views/crm_tag_views.xml 
2026-09-02 18:04:03,980 765 INFO wave4_premig_kyc_dirty odoo.modules.loading: loading sales_team/views/crm_team_views.xml 
2026-09-02 18:04:04,030 765 INFO wave4_premig_kyc_dirty odoo.modules.loading: loading sales_team/views/crm_team_member_views.xml 
2026-09-02 18:04:04,086 765 INFO wave4_premig_kyc_dirty odoo.modules.loading: loading sales_team/views/mail_activity_views.xml 
2026-09-02 18:04:04,108 765 INFO wave4_premig_kyc_dirty odoo.modules.loading: Module sales_team loaded in 0.53s, 365 queries (+365 other) 
2026-09-02 18:04:04,108 765 INFO wave4_premig_kyc_dirty odoo.modules.loading: Loading module partner_autocomplete (35/53) 
2026-09-02 18:04:04,138 765 INFO wave4_premig_kyc_dirty odoo.registry: module partner_autocomplete: creating or updating database tables 
2026-09-02 18:04:04,262 765 INFO wave4_premig_kyc_dirty odoo.modules.loading: loading partner_autocomplete/views/res_company_views.xml 
2026-09-02 18:04:04,289 765 INFO wave4_premig_kyc_dirty odoo.modules.loading: loading partner_autocomplete/views/res_config_settings_views.xml 
2026-09-02 18:04:04,323 765 INFO wave4_premig_kyc_dirty odoo.modules.loading: loading partner_autocomplete/data/iap_service_data.xml 
2026-09-02 18:04:04,345 765 INFO wave4_premig_kyc_dirty odoo.modules.loading: Module partner_autocomplete loaded in 0.24s, 144 queries (+144 other) 
2026-09-02 18:04:04,345 765 INFO wave4_premig_kyc_dirty odoo.modules.loading: Loading module portal (36/53) 
2026-09-02 18:04:04,394 765 INFO wave4_premig_kyc_dirty odoo.registry: module portal: creating or updating database tables 
2026-09-02 18:04:04,732 765 INFO wave4_premig_kyc_dirty odoo.modules.loading: loading portal/security/ir.model.access.csv 
2026-09-02 18:04:04,745 765 INFO wave4_premig_kyc_dirty odoo.modules.loading: loading portal/data/mail_templates.xml 
2026-09-02 18:04:04,754 765 INFO wave4_premig_kyc_dirty odoo.modules.loading: loading portal/views/address_templates.xml 
2026-09-02 18:04:04,797 765 INFO wave4_premig_kyc_dirty odoo.modules.loading: loading portal/views/mail_templates_public.xml 
2026-09-02 18:04:04,809 765 INFO wave4_premig_kyc_dirty odoo.modules.loading: loading portal/views/portal_templates.xml 
2026-09-02 18:04:04,973 765 INFO wave4_premig_kyc_dirty odoo.modules.loading: loading portal/views/res_config_settings_views.xml 
2026-09-02 18:04:05,007 765 INFO wave4_premig_kyc_dirty odoo.modules.loading: loading portal/wizard/portal_share_views.xml 
2026-09-02 18:04:05,022 765 INFO wave4_premig_kyc_dirty odoo.modules.loading: loading portal/wizard/portal_wizard_views.xml 
2026-09-02 18:04:05,103 765 INFO wave4_premig_kyc_dirty odoo.modules.loading: Module portal loaded in 0.76s, 573 queries (+573 other) 
2026-09-02 18:04:05,103 765 INFO wave4_premig_kyc_dirty odoo.modules.loading: Loading module sms (37/53) 
2026-09-02 18:04:05,235 765 INFO wave4_premig_kyc_dirty odoo.registry: module sms: creating or updating database tables 
2026-09-02 18:04:05,250 765 INFO wave4_premig_kyc_dirty odoo.models: Prepare computation of ir.actions.server.sms_template_id 
2026-09-02 18:04:05,250 765 INFO wave4_premig_kyc_dirty odoo.models: Prepare computation of ir.actions.server.sms_method 
2026-09-02 18:04:06,882 765 INFO wave4_premig_kyc_dirty odoo.modules.loading: loading sms/data/iap_service_data.xml 
2026-09-02 18:04:06,890 765 INFO wave4_premig_kyc_dirty odoo.modules.loading: loading sms/data/ir_cron_data.xml 
2026-09-02 18:04:06,929 765 INFO wave4_premig_kyc_dirty odoo.modules.loading: loading sms/wizard/sms_account_code_views.xml 
2026-09-02 18:04:06,958 765 INFO wave4_premig_kyc_dirty odoo.modules.loading: loading sms/wizard/sms_account_phone_views.xml 
2026-09-02 18:04:06,971 765 INFO wave4_premig_kyc_dirty odoo.modules.loading: loading sms/wizard/sms_account_sender_views.xml 
2026-09-02 18:04:06,984 765 INFO wave4_premig_kyc_dirty odoo.modules.loading: loading sms/wizard/sms_composer_views.xml 
2026-09-02 18:04:07,010 765 INFO wave4_premig_kyc_dirty odoo.modules.loading: loading sms/wizard/sms_template_preview_views.xml 
2026-09-02 18:04:07,033 765 INFO wave4_premig_kyc_dirty odoo.modules.loading: loading sms/wizard/sms_template_reset_views.xml 
2026-09-02 18:04:07,058 765 INFO wave4_premig_kyc_dirty odoo.modules.loading: loading sms/views/ir_actions_server_views.xml 
2026-09-02 18:04:07,089 765 INFO wave4_premig_kyc_dirty odoo.modules.loading: loading sms/views/mail_notification_views.xml 
2026-09-02 18:04:07,114 765 INFO wave4_premig_kyc_dirty odoo.modules.loading: loading sms/views/res_config_settings_views.xml 
2026-09-02 18:04:07,147 765 INFO wave4_premig_kyc_dirty odoo.modules.loading: loading sms/views/res_partner_views.xml 
2026-09-02 18:04:07,178 765 INFO wave4_premig_kyc_dirty odoo.modules.loading: loading sms/views/iap_account_views.xml 
2026-09-02 18:04:07,200 765 INFO wave4_premig_kyc_dirty odoo.modules.loading: loading sms/views/sms_sms_views.xml 
2026-09-02 18:04:07,256 765 INFO wave4_premig_kyc_dirty odoo.modules.loading: loading sms/views/sms_template_views.xml 
2026-09-02 18:04:07,286 765 INFO wave4_premig_kyc_dirty odoo.modules.loading: loading sms/security/ir.model.access.csv 
2026-09-02 18:04:07,316 765 INFO wave4_premig_kyc_dirty odoo.modules.loading: loading sms/security/sms_security.xml 
2026-09-02 18:04:07,351 765 INFO wave4_premig_kyc_dirty odoo.modules.loading: Module sms loaded in 2.25s, 2222 queries (+2222 other) 
2026-09-02 18:04:07,351 765 INFO wave4_premig_kyc_dirty odoo.modules.loading: Loading module snailmail (38/53) 
2026-09-02 18:04:07,491 765 INFO wave4_premig_kyc_dirty odoo.registry: module snailmail: creating or updating database tables 
2026-09-02 18:04:07,887 765 INFO wave4_premig_kyc_dirty odoo.modules.loading: loading snailmail/data/iap_service_data.xml 
2026-09-02 18:04:07,897 765 INFO wave4_premig_kyc_dirty odoo.modules.loading: loading snailmail/data/snailmail_data.xml 
2026-09-02 18:04:07,972 765 INFO wave4_premig_kyc_dirty odoo.modules.loading: loading snailmail/views/report_assets.xml 
2026-09-02 18:04:08,011 765 INFO wave4_premig_kyc_dirty odoo.modules.loading: loading snailmail/views/snailmail_views.xml 
2026-09-02 18:04:08,071 765 INFO wave4_premig_kyc_dirty odoo.modules.loading: loading snailmail/security/ir.model.access.csv 
2026-09-02 18:04:08,123 765 INFO wave4_premig_kyc_dirty odoo.modules.loading: Module snailmail loaded in 0.77s, 439 queries (+439 other) 
2026-09-02 18:04:08,124 765 INFO wave4_premig_kyc_dirty odoo.modules.loading: Loading module auth_passkey_portal (39/53) 
2026-09-02 18:04:08,139 765 INFO wave4_premig_kyc_dirty odoo.modules.loading: loading auth_passkey_portal/views/templates.xml 
2026-09-02 18:04:08,176 765 INFO wave4_premig_kyc_dirty odoo.modules.loading: Module auth_passkey_portal loaded in 0.05s, 22 queries (+22 other) 
2026-09-02 18:04:08,176 765 INFO wave4_premig_kyc_dirty odoo.modules.loading: Loading module auth_totp_portal (40/53) 
2026-09-02 18:04:08,194 765 INFO wave4_premig_kyc_dirty odoo.registry: module auth_totp_portal: creating or updating database tables 
2026-09-02 18:04:08,234 765 INFO wave4_premig_kyc_dirty odoo.modules.loading: loading auth_totp_portal/security/security.xml 
2026-09-02 18:04:08,263 765 INFO wave4_premig_kyc_dirty odoo.modules.loading: loading auth_totp_portal/views/templates.xml 
2026-09-02 18:04:08,288 765 INFO wave4_premig_kyc_dirty odoo.modules.loading: Module auth_totp_portal loaded in 0.11s, 70 queries (+70 other) 
2026-09-02 18:04:08,288 765 INFO wave4_premig_kyc_dirty odoo.modules.loading: Loading module calendar_sms (41/53) 
2026-09-02 18:04:08,298 765 INFO wave4_premig_kyc_dirty odoo.registry: module calendar_sms: creating or updating database tables 
2026-09-02 18:04:08,305 765 INFO wave4_premig_kyc_dirty odoo.models: Prepare computation of calendar.alarm.sms_template_id 
2026-09-02 18:04:08,363 765 INFO wave4_premig_kyc_dirty odoo.modules.loading: loading calendar_sms/data/sms_data.xml 
2026-09-02 18:04:08,373 765 INFO wave4_premig_kyc_dirty odoo.modules.loading: loading calendar_sms/views/calendar_views.xml 
2026-09-02 18:04:08,440 765 INFO wave4_premig_kyc_dirty odoo.modules.loading: Module calendar_sms loaded in 0.15s, 106 queries (+106 other) 
2026-09-02 18:04:08,441 765 INFO wave4_premig_kyc_dirty odoo.modules.loading: Loading module digest (42/53) 
2026-09-02 18:04:08,463 765 INFO wave4_premig_kyc_dirty odoo.registry: module digest: creating or updating database tables 
2026-09-02 18:04:08,612 765 INFO wave4_premig_kyc_dirty odoo.modules.loading: loading digest/security/ir.model.access.csv 
2026-09-02 18:04:08,628 765 INFO wave4_premig_kyc_dirty odoo.modules.loading: loading digest/data/digest_data.xml 
2026-09-02 18:04:08,683 765 INFO wave4_premig_kyc_dirty odoo.modules.loading: loading digest/data/digest_tips_data.xml 
2026-09-02 18:04:08,706 765 INFO wave4_premig_kyc_dirty odoo.modules.loading: loading digest/data/ir_cron_data.xml 
2026-09-02 18:04:08,739 765 INFO wave4_premig_kyc_dirty odoo.modules.loading: loading digest/data/res_config_settings_data.xml 
2026-09-02 18:04:08,746 765 INFO wave4_premig_kyc_dirty odoo.modules.loading: loading digest/views/digest_views.xml 
2026-09-02 18:04:08,833 765 INFO wave4_premig_kyc_dirty odoo.modules.loading: loading digest/views/digest_templates.xml 
2026-09-02 18:04:08,843 765 INFO wave4_premig_kyc_dirty odoo.modules.loading: loading digest/views/res_config_settings_views.xml 
2026-09-02 18:04:08,905 765 INFO wave4_premig_kyc_dirty odoo.modules.loading: Module digest loaded in 0.46s, 326 queries (+326 other) 
2026-09-02 18:04:08,905 765 INFO wave4_premig_kyc_dirty odoo.modules.loading: Loading module crm (43/53) 
2026-09-02 18:04:08,955 765 INFO wave4_premig_kyc_dirty odoo.registry: module crm: creating or updating database tables 
2026-09-02 18:04:09,416 765 INFO wave4_premig_kyc_dirty odoo.addons.mail.models.mail_alias_mixin: Mail alias created for crm.team Sales (id 1) 
2026-09-02 18:04:09,418 765 INFO wave4_premig_kyc_dirty odoo.addons.mail.models.mail_alias_mixin: Mail alias created for crm.team Point of Sale (id 3) 
2026-09-02 18:04:09,421 765 INFO wave4_premig_kyc_dirty odoo.addons.mail.models.mail_alias_mixin: Mail alias created for crm.team Website (id 2) 
2026-09-02 18:04:09,854 765 INFO wave4_premig_kyc_dirty odoo.modules.loading: loading crm/security/crm_security.xml 
2026-09-02 18:04:09,932 765 INFO wave4_premig_kyc_dirty odoo.modules.loading: loading crm/security/ir.model.access.csv 
2026-09-02 18:04:09,958 765 INFO wave4_premig_kyc_dirty odoo.modules.loading: loading crm/data/crm_lead_merge_template.xml 
2026-09-02 18:04:09,972 765 INFO wave4_premig_kyc_dirty odoo.modules.loading: loading crm/data/crm_lead_prediction_data.xml 
2026-09-02 18:04:10,059 765 INFO wave4_premig_kyc_dirty odoo.modules.loading: loading crm/data/crm_lost_reason_data.xml 
2026-09-02 18:04:10,070 765 INFO wave4_premig_kyc_dirty odoo.modules.loading: loading crm/data/crm_stage_data.xml 
2026-09-02 18:04:10,085 765 INFO wave4_premig_kyc_dirty odoo.modules.loading: loading crm/data/crm_team_data.xml 
2026-09-02 18:04:10,140 765 INFO wave4_premig_kyc_dirty odoo.modules.loading: loading crm/data/digest_data.xml 
2026-09-02 18:04:10,166 765 INFO wave4_premig_kyc_dirty odoo.modules.loading: loading crm/data/ir_action_data.xml 
2026-09-02 18:04:10,194 765 INFO wave4_premig_kyc_dirty odoo.modules.loading: loading crm/data/ir_cron_data.xml 
2026-09-02 18:04:10,217 765 INFO wave4_premig_kyc_dirty odoo.modules.loading: loading crm/data/mail_message_subtype_data.xml 
2026-09-02 18:04:10,249 765 INFO wave4_premig_kyc_dirty odoo.modules.loading: loading crm/data/crm_recurring_plan_data.xml 
2026-09-02 18:04:10,264 765 INFO wave4_premig_kyc_dirty odoo.modules.loading: loading crm/data/crm_tour.xml 
2026-09-02 18:04:10,270 765 INFO wave4_premig_kyc_dirty odoo.modules.loading: loading crm/wizard/crm_lead_lost_views.xml 
2026-09-02 18:04:10,287 765 INFO wave4_premig_kyc_dirty odoo.modules.loading: loading crm/wizard/crm_lead_to_opportunity_views.xml 
2026-09-02 18:04:10,307 765 INFO wave4_premig_kyc_dirty odoo.modules.loading: loading crm/wizard/crm_lead_to_opportunity_mass_views.xml 
2026-09-02 18:04:10,325 765 INFO wave4_premig_kyc_dirty odoo.modules.loading: loading crm/wizard/crm_merge_opportunities_views.xml 
2026-09-02 18:04:10,340 765 INFO wave4_premig_kyc_dirty odoo.modules.loading: loading crm/wizard/crm_lead_pls_update_views.xml 
2026-09-02 18:04:10,354 765 INFO wave4_premig_kyc_dirty odoo.modules.loading: loading crm/views/calendar_views.xml 
2026-09-02 18:04:10,368 765 INFO wave4_premig_kyc_dirty odoo.modules.loading: loading crm/views/crm_recurring_plan_views.xml 
2026-09-02 18:04:10,390 765 INFO wave4_premig_kyc_dirty odoo.modules.loading: loading crm/views/crm_lost_reason_views.xml 
2026-09-02 18:04:10,416 765 INFO wave4_premig_kyc_dirty odoo.modules.loading: loading crm/views/crm_stage_views.xml 
2026-09-02 18:04:10,442 765 INFO wave4_premig_kyc_dirty odoo.modules.loading: loading crm/views/crm_lead_views.xml 
2026-09-02 18:04:10,719 765 INFO wave4_premig_kyc_dirty odoo.modules.loading: loading crm/views/crm_team_member_views.xml 
2026-09-02 18:04:10,786 765 INFO wave4_premig_kyc_dirty odoo.modules.loading: loading crm/views/digest_views.xml 
2026-09-02 18:04:10,808 765 INFO wave4_premig_kyc_dirty odoo.modules.loading: loading crm/views/mail_activity_plan_views.xml 
2026-09-02 18:04:10,816 765 INFO wave4_premig_kyc_dirty odoo.modules.loading: loading crm/views/mail_activity_views.xml 
2026-09-02 18:04:10,822 765 INFO wave4_premig_kyc_dirty odoo.modules.loading: loading crm/views/res_config_settings_views.xml 
2026-09-02 18:04:10,855 765 INFO wave4_premig_kyc_dirty odoo.modules.loading: loading crm/views/res_partner_views.xml 
2026-09-02 18:04:10,879 765 INFO wave4_premig_kyc_dirty odoo.modules.loading: loading crm/views/utm_campaign_views.xml 
2026-09-02 18:04:10,907 765 INFO wave4_premig_kyc_dirty odoo.modules.loading: loading crm/report/crm_activity_report_views.xml 
2026-09-02 18:04:10,949 765 INFO wave4_premig_kyc_dirty odoo.modules.loading: loading crm/report/crm_opportunity_report_views.xml 
2026-09-02 18:04:11,026 765 INFO wave4_premig_kyc_dirty odoo.modules.loading: loading crm/views/crm_team_views.xml 
2026-09-02 18:04:11,108 765 INFO wave4_premig_kyc_dirty odoo.modules.loading: loading crm/views/crm_menu_views.xml 
2026-09-02 18:04:11,256 765 INFO wave4_premig_kyc_dirty odoo.modules.loading: loading crm/views/crm_helper_templates.xml 
2026-09-02 18:04:11,330 765 INFO wave4_premig_kyc_dirty odoo.modules.loading: Module crm loaded in 2.42s, 1989 queries (+1989 other) 
2026-09-02 18:04:11,330 765 INFO wave4_premig_kyc_dirty odoo.modules.loading: Loading module website (44/53) 
2026-09-02 18:04:11,527 765 INFO wave4_premig_kyc_dirty odoo.registry: module website: creating or updating database tables 
2026-09-02 18:04:11,729 765 INFO wave4_premig_kyc_dirty odoo.models: Prepare computation of ir.ui.view.is_seo_optimized 
2026-09-02 18:04:11,746 765 INFO wave4_premig_kyc_dirty odoo.models: Prepare computation of res.company.website_id 
2026-09-02 18:04:17,347 765 INFO wave4_premig_kyc_dirty odoo.modules.loading: loading website/security/website_security.xml 
2026-09-02 18:04:17,666 765 INFO wave4_premig_kyc_dirty odoo.modules.loading: loading website/security/ir.model.access.csv 
2026-09-02 18:04:17,726 765 INFO wave4_premig_kyc_dirty odoo.modules.loading: loading website/data/image_library.xml 
2026-09-02 18:04:18,897 765 INFO wave4_premig_kyc_dirty odoo.modules.loading: loading website/data/ir_asset.xml 
2026-09-02 18:04:18,950 765 INFO wave4_premig_kyc_dirty odoo.modules.loading: loading website/data/ir_cron_data.xml 
2026-09-02 18:04:19,083 765 INFO wave4_premig_kyc_dirty odoo.modules.loading: loading website/data/mail_mail_data.xml 
2026-09-02 18:04:19,124 765 INFO wave4_premig_kyc_dirty odoo.modules.loading: loading website/data/website_data.xml 
2026-09-02 18:04:19,636 765 INFO wave4_premig_kyc_dirty odoo.modules.loading: loading website/data/website_visitor_cron.xml 
2026-09-02 18:04:19,699 765 INFO wave4_premig_kyc_dirty odoo.modules.loading: loading website/data/digest_data.xml 
2026-09-02 18:04:19,737 765 INFO wave4_premig_kyc_dirty odoo.modules.loading: loading website/views/website_technical_views.xml 
2026-09-02 18:04:19,767 765 INFO wave4_premig_kyc_dirty odoo.modules.loading: loading website/views/website_templates.xml 
2026-09-02 18:04:22,584 765 INFO wave4_premig_kyc_dirty odoo.modules.loading: loading website/views/snippets/snippets.xml 
2026-09-02 18:04:22,644 765 INFO wave4_premig_kyc_dirty odoo.modules.loading: loading website/views/snippets/s_announcement_scroll.xml 
2026-09-02 18:04:22,662 765 INFO wave4_premig_kyc_dirty odoo.modules.loading: loading website/views/snippets/s_framed_intro.xml 
2026-09-02 18:04:22,675 765 INFO wave4_premig_kyc_dirty odoo.modules.loading: loading website/views/snippets/s_title.xml 
2026-09-02 18:04:22,696 765 INFO wave4_premig_kyc_dirty odoo.modules.loading: loading website/views/snippets/s_cover.xml 
2026-09-02 18:04:22,710 765 INFO wave4_premig_kyc_dirty odoo.modules.loading: loading website/views/snippets/s_text_cover.xml 
2026-09-02 18:04:22,726 765 INFO wave4_premig_kyc_dirty odoo.modules.loading: loading website/views/snippets/s_image_text_box.xml 
2026-09-02 18:04:22,739 765 INFO wave4_premig_kyc_dirty odoo.modules.loading: loading website/views/snippets/s_striped_top.xml 
2026-09-02 18:04:22,751 765 INFO wave4_premig_kyc_dirty odoo.modules.loading: loading website/views/snippets/s_text_image.xml 
2026-09-02 18:04:22,767 765 INFO wave4_premig_kyc_dirty odoo.modules.loading: loading website/views/snippets/s_image_text.xml 
2026-09-02 18:04:22,781 765 INFO wave4_premig_kyc_dirty odoo.modules.loading: loading website/views/snippets/s_mockup_image.xml 
2026-09-02 18:04:22,796 765 INFO wave4_premig_kyc_dirty odoo.modules.loading: loading website/views/snippets/s_instagram_page.xml 
2026-09-02 18:04:22,815 765 INFO wave4_premig_kyc_dirty odoo.modules.loading: loading website/views/snippets/s_image_text_overlap.xml 
2026-09-02 18:04:22,829 765 INFO wave4_premig_kyc_dirty odoo.modules.loading: loading website/views/snippets/s_banner.xml 
2026-09-02 18:04:22,844 765 INFO wave4_premig_kyc_dirty odoo.modules.loading: loading website/views/snippets/s_bento_block.xml 
2026-09-02 18:04:22,857 765 INFO wave4_premig_kyc_dirty odoo.modules.loading: loading website/views/snippets/s_snippet_group.xml 
2026-09-02 18:04:22,867 765 INFO wave4_premig_kyc_dirty odoo.modules.loading: loading website/views/snippets/s_text_block.xml 
2026-09-02 18:04:22,880 765 INFO wave4_premig_kyc_dirty odoo.modules.loading: loading website/views/snippets/s_features.xml 
2026-09-02 18:04:22,910 765 INFO wave4_premig_kyc_dirty odoo.modules.loading: loading website/views/snippets/s_features_wall.xml 
2026-09-02 18:04:22,942 765 INFO wave4_premig_kyc_dirty odoo.modules.loading: loading website/views/snippets/s_three_columns.xml 
2026-09-02 18:04:22,973 765 INFO wave4_premig_kyc_dirty odoo.modules.loading: loading website/views/snippets/s_key_benefits.xml 
2026-09-02 18:04:22,992 765 INFO wave4_premig_kyc_dirty odoo.modules.loading: loading website/views/snippets/s_picture.xml 
2026-09-02 18:04:23,013 765 INFO wave4_premig_kyc_dirty odoo.modules.loading: loading website/views/snippets/s_image_punchy.xml 
2026-09-02 18:04:23,033 765 INFO wave4_premig_kyc_dirty odoo.modules.loading: loading website/views/snippets/s_bento_grid.xml 
2026-09-02 18:04:23,060 765 INFO wave4_premig_kyc_dirty odoo.modules.loading: loading website/views/snippets/s_carousel.xml 
2026-09-02 18:04:23,105 765 INFO wave4_premig_kyc_dirty odoo.modules.loading: loading website/views/snippets/s_carousel_intro.xml 
2026-09-02 18:04:23,142 765 INFO wave4_premig_kyc_dirty odoo.modules.loading: loading website/views/snippets/s_carousel_cards.xml 
2026-09-02 18:04:23,171 765 INFO wave4_premig_kyc_dirty odoo.modules.loading: loading website/views/snippets/s_alert.xml 
2026-09-02 18:04:23,199 765 INFO wave4_premig_kyc_dirty odoo.modules.loading: loading website/views/snippets/s_motto.xml 
2026-09-02 18:04:23,225 765 INFO wave4_premig_kyc_dirty odoo.modules.loading: loading website/views/snippets/s_card.xml 
2026-09-02 18:04:23,252 765 INFO wave4_premig_kyc_dirty odoo.modules.loading: loading website/views/snippets/s_cards_grid.xml 
2026-09-02 18:04:23,278 765 INFO wave4_premig_kyc_dirty odoo.modules.loading: loading website/views/snippets/s_cards_soft.xml 
2026-09-02 18:04:23,298 765 INFO wave4_premig_kyc_dirty odoo.modules.loading: loading website/views/snippets/s_share.xml 
2026-09-02 18:04:23,331 765 INFO wave4_premig_kyc_dirty odoo.modules.loading: loading website/views/snippets/s_social_media.xml 
2026-09-02 18:04:23,362 765 INFO wave4_premig_kyc_dirty odoo.modules.loading: loading website/views/snippets/s_rating.xml 
2026-09-02 18:04:23,414 765 INFO wave4_premig_kyc_dirty odoo.modules.loading: loading website/views/snippets/s_hr.xml 
2026-09-02 18:04:23,448 765 INFO wave4_premig_kyc_dirty odoo.modules.loading: loading website/views/snippets/s_closer_look.xml 
2026-09-02 18:04:23,471 765 INFO wave4_premig_kyc_dirty odoo.modules.loading: loading website/views/snippets/s_facebook_page.xml 
2026-09-02 18:04:23,491 765 INFO wave4_premig_kyc_dirty odoo.modules.loading: loading website/views/snippets/s_image_gallery.xml 
2026-09-02 18:04:23,549 765 INFO wave4_premig_kyc_dirty odoo.modules.loading: loading website/views/snippets/s_countdown.xml 
2026-09-02 18:04:23,577 765 INFO wave4_premig_kyc_dirty odoo.modules.loading: loading website/views/snippets/s_product_catalog.xml 
2026-09-02 18:04:23,624 765 INFO wave4_premig_kyc_dirty odoo.modules.loading: loading website/views/snippets/s_comparisons.xml 
2026-09-02 18:04:23,645 765 INFO wave4_premig_kyc_dirty odoo.modules.loading: loading website/views/snippets/s_comparisons_horizontal.xml 
2026-09-02 18:04:23,664 765 INFO wave4_premig_kyc_dirty odoo.modules.loading: loading website/views/snippets/s_company_team.xml 
2026-09-02 18:04:23,687 765 INFO wave4_premig_kyc_dirty odoo.modules.loading: loading website/views/snippets/s_company_team_basic.xml 
2026-09-02 18:04:23,704 765 INFO wave4_premig_kyc_dirty odoo.modules.loading: loading website/views/snippets/s_company_team_shapes.xml 
2026-09-02 18:04:23,722 765 INFO wave4_premig_kyc_dirty odoo.modules.loading: loading website/views/snippets/s_company_team_detail.xml 
2026-09-02 18:04:23,744 765 INFO wave4_premig_kyc_dirty odoo.modules.loading: loading website/views/snippets/s_company_team_spotlight.xml 
2026-09-02 18:04:23,760 765 INFO wave4_premig_kyc_dirty odoo.modules.loading: loading website/views/snippets/s_company_team_grid.xml 
2026-09-02 18:04:23,781 765 INFO wave4_premig_kyc_dirty odoo.modules.loading: loading website/views/snippets/s_company_team_card.xml 
2026-09-02 18:04:23,796 765 INFO wave4_premig_kyc_dirty odoo.modules.loading: loading website/views/snippets/s_call_to_action.xml 
2026-09-02 18:04:23,810 765 INFO wave4_premig_kyc_dirty odoo.modules.loading: loading website/views/snippets/s_references.xml 
2026-09-02 18:04:23,832 765 INFO wave4_premig_kyc_dirty odoo.modules.loading: loading website/views/snippets/s_references_social.xml 
2026-09-02 18:04:23,849 765 INFO wave4_premig_kyc_dirty odoo.modules.loading: loading website/views/snippets/s_references_grid.xml 
2026-09-02 18:04:23,865 765 INFO wave4_premig_kyc_dirty odoo.modules.loading: loading website/views/snippets/s_popup.xml 
2026-09-02 18:04:23,890 765 INFO wave4_premig_kyc_dirty odoo.modules.loading: loading website/views/snippets/s_faq_list.xml 
2026-09-02 18:04:23,906 765 INFO wave4_premig_kyc_dirty odoo.modules.loading: loading website/views/snippets/s_faq_collapse.xml 
2026-09-02 18:04:23,927 765 INFO wave4_premig_kyc_dirty odoo.modules.loading: loading website/views/snippets/s_features_grid.xml 
2026-09-02 18:04:23,963 765 INFO wave4_premig_kyc_dirty odoo.modules.loading: loading website/views/snippets/s_features_wave.xml 
2026-09-02 18:04:23,986 765 INFO wave4_premig_kyc_dirty odoo.modules.loading: loading website/views/snippets/s_tabs.xml 
2026-09-02 18:04:24,027 765 INFO wave4_premig_kyc_dirty odoo.modules.loading: loading website/views/snippets/s_tabs_images.xml 
2026-09-02 18:04:24,053 765 INFO wave4_premig_kyc_dirty odoo.modules.loading: loading website/views/snippets/s_table_of_content.xml 
2026-09-02 18:04:24,079 765 INFO wave4_premig_kyc_dirty odoo.modules.loading: loading website/views/snippets/s_images_constellation.xml 
2026-09-02 18:04:24,095 765 INFO wave4_premig_kyc_dirty odoo.modules.loading: loading website/views/snippets/s_chart.xml 
2026-09-02 18:04:24,117 765 INFO wave4_premig_kyc_dirty odoo.modules.loading: loading website/views/snippets/s_parallax.xml 
2026-09-02 18:04:24,148 765 INFO wave4_premig_kyc_dirty odoo.modules.loading: loading website/views/snippets/s_quotes_carousel.xml 
2026-09-02 18:04:24,196 765 INFO wave4_premig_kyc_dirty odoo.modules.loading: loading website/views/snippets/s_numbers_grid.xml 
2026-09-02 18:04:24,215 765 INFO wave4_premig_kyc_dirty odoo.modules.loading: loading website/views/snippets/s_quotes_carousel_minimal.xml 
2026-09-02 18:04:24,234 765 INFO wave4_premig_kyc_dirty odoo.modules.loading: loading website/views/snippets/s_quotes_carousel_compact.xml 
2026-09-02 18:04:24,251 765 INFO wave4_premig_kyc_dirty odoo.modules.loading: loading website/views/snippets/s_numbers.xml 
2026-09-02 18:04:24,274 765 INFO wave4_premig_kyc_dirty odoo.modules.loading: loading website/views/snippets/s_contact_info.xml 
2026-09-02 18:04:24,288 765 INFO wave4_premig_kyc_dirty odoo.modules.loading: loading website/views/snippets/s_numbers_boxed.xml 
2026-09-02 18:04:24,305 765 INFO wave4_premig_kyc_dirty odoo.modules.loading: loading website/views/snippets/s_cta_box.xml 
2026-09-02 18:04:24,316 765 INFO wave4_premig_kyc_dirty odoo.modules.loading: loading website/views/snippets/s_numbers_framed.xml 
2026-09-02 18:04:24,332 765 INFO wave4_premig_kyc_dirty odoo.modules.loading: loading website/views/snippets/s_masonry_block.xml 
2026-09-02 18:04:24,418 765 INFO wave4_premig_kyc_dirty odoo.modules.loading: loading website/views/snippets/s_sidegrid.xml 
2026-09-02 18:04:24,435 765 INFO wave4_premig_kyc_dirty odoo.modules.loading: loading website/views/snippets/s_media_list.xml 
2026-09-02 18:04:24,465 765 INFO wave4_premig_kyc_dirty odoo.modules.loading: loading website/views/snippets/s_showcase.xml 
2026-09-02 18:04:24,504 765 INFO wave4_premig_kyc_dirty odoo.modules.loading: loading website/views/snippets/s_faq_horizontal.xml 
2026-09-02 18:04:24,527 765 INFO wave4_premig_kyc_dirty odoo.modules.loading: loading website/views/snippets/s_floating_blocks.xml 
2026-09-02 18:04:24,564 765 INFO wave4_premig_kyc_dirty odoo.modules.loading: loading website/views/snippets/s_opening_hours.xml 
2026-09-02 18:04:24,593 765 INFO wave4_premig_kyc_dirty odoo.modules.loading: loading website/views/snippets/s_timeline.xml 
2026-09-02 18:04:24,641 765 INFO wave4_premig_kyc_dirty odoo.modules.loading: loading website/views/snippets/s_timeline_images.xml 
2026-09-02 18:04:24,660 765 INFO wave4_premig_kyc_dirty odoo.modules.loading: loading website/views/snippets/s_timeline_list.xml 
2026-09-02 18:04:24,692 765 INFO wave4_premig_kyc_dirty odoo.modules.loading: loading website/views/snippets/s_process_steps.xml 
2026-09-02 18:04:24,729 765 INFO wave4_premig_kyc_dirty odoo.modules.loading: loading website/views/snippets/s_accordion.xml 
2026-09-02 18:04:24,755 765 INFO wave4_premig_kyc_dirty odoo.modules.loading: loading website/views/snippets/s_website_form_info.xml 
2026-09-02 18:04:24,770 765 INFO wave4_premig_kyc_dirty odoo.modules.loading: loading website/views/snippets/s_numbers_showcase.xml 
2026-09-02 18:04:24,788 765 INFO wave4_premig_kyc_dirty odoo.modules.loading: loading website/views/snippets/s_numbers_charts.xml 
2026-09-02 18:04:24,809 765 INFO wave4_premig_kyc_dirty odoo.modules.loading: loading website/views/snippets/s_accordion_image.xml 
2026-09-02 18:04:24,827 765 INFO wave4_premig_kyc_dirty odoo.modules.loading: loading website/views/snippets/s_pricelist_boxed.xml 
2026-09-02 18:04:24,883 765 INFO wave4_premig_kyc_dirty odoo.modules.loading: loading website/views/snippets/s_adventure.xml 
2026-09-02 18:04:24,915 765 INFO wave4_premig_kyc_dirty odoo.modules.loading: loading website/views/snippets/s_image_title.xml 
2026-09-02 18:04:24,933 765 INFO wave4_premig_kyc_dirty odoo.modules.loading: loading website/views/snippets/s_key_images.xml 
2026-09-02 18:04:24,952 765 INFO wave4_premig_kyc_dirty odoo.modules.loading: loading website/views/snippets/s_kickoff.xml 
2026-09-02 18:04:24,979 765 INFO wave4_premig_kyc_dirty odoo.modules.loading: loading website/views/snippets/s_discovery.xml 
2026-09-02 18:04:25,011 765 INFO wave4_premig_kyc_dirty odoo.modules.loading: loading website/views/snippets/s_bento_banner.xml 
2026-09-02 18:04:25,028 765 INFO wave4_premig_kyc_dirty odoo.modules.loading: loading website/views/snippets/s_striped.xml 
2026-09-02 18:04:25,050 765 INFO wave4_premig_kyc_dirty odoo.modules.loading: loading website/views/snippets/s_intro_pill.xml 
2026-09-02 18:04:25,079 765 INFO wave4_premig_kyc_dirty odoo.modules.loading: loading website/views/snippets/s_big_number.xml 
2026-09-02 18:04:25,096 765 INFO wave4_premig_kyc_dirty odoo.modules.loading: loading website/views/snippets/s_wavy_grid.xml 
2026-09-02 18:04:25,124 765 INFO wave4_premig_kyc_dirty odoo.modules.loading: loading website/views/snippets/s_images_mosaic.xml 
2026-09-02 18:04:25,150 765 INFO wave4_premig_kyc_dirty odoo.modules.loading: loading website/views/snippets/s_shape_image.xml 
2026-09-02 18:04:25,171 765 INFO wave4_premig_kyc_dirty odoo.modules.loading: loading website/views/snippets/s_empowerment.xml 
2026-09-02 18:04:25,194 765 INFO wave4_premig_kyc_dirty odoo.modules.loading: loading website/views/snippets/s_split_intro.xml 
2026-09-02 18:04:25,213 765 INFO wave4_premig_kyc_dirty odoo.modules.loading: loading website/views/snippets/s_text_highlight.xml 
2026-09-02 18:04:25,247 765 INFO wave4_premig_kyc_dirty odoo.modules.loading: loading website/views/snippets/s_pricelist_cafe.xml 
2026-09-02 18:04:25,296 765 INFO wave4_premig_kyc_dirty odoo.modules.loading: loading website/views/snippets/s_progress_bar.xml 
2026-09-02 18:04:25,321 765 INFO wave4_premig_kyc_dirty odoo.modules.loading: loading website/views/snippets/s_blockquote.xml 
2026-09-02 18:04:25,363 765 INFO wave4_premig_kyc_dirty odoo.modules.loading: loading website/views/snippets/s_badge.xml 
2026-09-02 18:04:25,400 765 INFO wave4_premig_kyc_dirty odoo.modules.loading: loading website/views/snippets/s_color_blocks_2.xml 
2026-09-02 18:04:25,425 765 INFO wave4_premig_kyc_dirty odoo.modules.loading: loading website/views/snippets/s_attributes_horizontal.xml 
2026-09-02 18:04:25,458 765 INFO wave4_premig_kyc_dirty odoo.modules.loading: loading website/views/snippets/s_attributes_vertical.xml 
2026-09-02 18:04:25,508 765 INFO wave4_premig_kyc_dirty odoo.modules.loading: loading website/views/snippets/s_product_list.xml 
2026-09-02 18:04:25,554 765 INFO wave4_premig_kyc_dirty odoo.modules.loading: loading website/views/snippets/s_mega_menu_multi_menus.xml 
2026-09-02 18:04:25,581 765 INFO wave4_premig_kyc_dirty odoo.modules.loading: loading website/views/snippets/s_mega_menu_menu_image_menu.xml 
2026-09-02 18:04:25,604 765 INFO wave4_premig_kyc_dirty odoo.modules.loading: loading website/views/snippets/s_mega_menu_thumbnails.xml 
2026-09-02 18:04:25,638 765 INFO wave4_premig_kyc_dirty odoo.modules.loading: loading website/views/snippets/s_mega_menu_little_icons.xml 
2026-09-02 18:04:25,665 765 INFO wave4_premig_kyc_dirty odoo.modules.loading: loading website/views/snippets/s_mega_menu_images_subtitles.xml 
2026-09-02 18:04:25,711 765 INFO wave4_premig_kyc_dirty odoo.modules.loading: loading website/views/snippets/s_mega_menu_menus_logos.xml 
2026-09-02 18:04:25,736 765 INFO wave4_premig_kyc_dirty odoo.modules.loading: loading website/views/snippets/s_mega_menu_odoo_menu.xml 
2026-09-02 18:04:25,762 765 INFO wave4_premig_kyc_dirty odoo.modules.loading: loading website/views/snippets/s_mega_menu_big_icons_subtitles.xml 
2026-09-02 18:04:25,795 765 INFO wave4_premig_kyc_dirty odoo.modules.loading: loading website/views/snippets/s_mega_menu_cards.xml 
2026-09-02 18:04:25,825 765 INFO wave4_premig_kyc_dirty odoo.modules.loading: loading website/views/snippets/s_google_map.xml 
2026-09-02 18:04:25,846 765 INFO wave4_premig_kyc_dirty odoo.modules.loading: loading website/views/snippets/s_cta_mockups.xml 
2026-09-02 18:04:25,860 765 INFO wave4_premig_kyc_dirty odoo.modules.loading: loading website/views/snippets/s_map.xml 
2026-09-02 18:04:25,878 765 INFO wave4_premig_kyc_dirty odoo.modules.loading: loading website/views/snippets/s_dynamic_snippet.xml 
2026-09-02 18:04:25,915 765 INFO wave4_premig_kyc_dirty odoo.modules.loading: loading website/views/snippets/s_dynamic_snippet_carousel.xml 
2026-09-02 18:04:25,937 765 INFO wave4_premig_kyc_dirty odoo.modules.loading: loading website/views/snippets/s_banner_product.xml 
2026-09-02 18:04:25,951 765 INFO wave4_premig_kyc_dirty odoo.modules.loading: loading website/views/snippets/s_embed_code.xml 
2026-09-02 18:04:25,975 765 INFO wave4_premig_kyc_dirty odoo.modules.loading: loading website/views/snippets/s_website_form.xml 
2026-09-02 18:04:26,010 765 INFO wave4_premig_kyc_dirty odoo.modules.loading: loading website/views/snippets/s_website_form_overlay.xml 
2026-09-02 18:04:26,025 765 INFO wave4_premig_kyc_dirty odoo.modules.loading: loading website/views/snippets/s_title_form.xml 
2026-09-02 18:04:26,039 765 INFO wave4_premig_kyc_dirty odoo.modules.loading: loading website/views/snippets/s_searchbar.xml 
2026-09-02 18:04:26,071 765 INFO wave4_premig_kyc_dirty odoo.modules.loading: loading website/views/snippets/s_inline_text.xml 
2026-09-02 18:04:26,082 765 INFO wave4_premig_kyc_dirty odoo.modules.loading: loading website/views/snippets/s_button.xml 
2026-09-02 18:04:26,098 765 INFO wave4_premig_kyc_dirty odoo.modules.loading: loading website/views/snippets/s_freegrid.xml 
2026-09-02 18:04:26,117 765 INFO wave4_premig_kyc_dirty odoo.modules.loading: loading website/views/snippets/s_card_offset.xml 
2026-09-02 18:04:26,135 765 INFO wave4_premig_kyc_dirty odoo.modules.loading: loading website/views/snippets/s_image.xml 
2026-09-02 18:04:26,152 765 INFO wave4_premig_kyc_dirty odoo.modules.loading: loading website/views/snippets/s_video.xml 
2026-09-02 18:04:26,171 765 INFO wave4_premig_kyc_dirty odoo.modules.loading: loading website/views/snippets/s_cta_badge.xml 
2026-09-02 18:04:26,192 765 INFO wave4_premig_kyc_dirty odoo.modules.loading: loading website/views/snippets/s_unveil.xml 
2026-09-02 18:04:26,211 765 INFO wave4_premig_kyc_dirty odoo.modules.loading: loading website/views/snippets/s_image_hexagonal.xml 
2026-09-02 18:04:26,257 765 INFO wave4_premig_kyc_dirty odoo.modules.loading: loading website/views/snippets/s_striped_center_top.xml 
2026-09-02 18:04:26,278 765 INFO wave4_premig_kyc_dirty odoo.modules.loading: loading website/views/snippets/s_numbers_list.xml 
2026-09-02 18:04:26,307 765 INFO wave4_premig_kyc_dirty odoo.modules.loading: loading website/views/snippets/s_quadrant.xml 
2026-09-02 18:04:26,350 765 INFO wave4_premig_kyc_dirty odoo.modules.loading: loading website/views/snippets/s_cta_card.xml 
2026-09-02 18:04:26,379 765 INFO wave4_premig_kyc_dirty odoo.modules.loading: loading website/views/snippets/s_image_frame.xml 
2026-09-02 18:04:26,396 765 INFO wave4_premig_kyc_dirty odoo.modules.loading: loading website/views/snippets/s_cta_mobile.xml 
2026-09-02 18:04:26,419 765 INFO wave4_premig_kyc_dirty odoo.modules.loading: loading website/views/snippets/s_reviews_wall.xml 
2026-09-02 18:04:26,468 765 INFO wave4_premig_kyc_dirty odoo.modules.loading: loading website/views/snippets/s_website_form_cover.xml 
2026-09-02 18:04:26,511 765 INFO wave4_premig_kyc_dirty odoo.modules.loading: loading website/views/snippets/s_form_aside.xml 
2026-09-02 18:04:26,539 765 INFO wave4_premig_kyc_dirty odoo.modules.loading: loading website/views/snippets/s_banner_connected.xml 
2026-09-02 18:04:26,563 765 INFO wave4_premig_kyc_dirty odoo.modules.loading: loading website/views/snippets/s_ecomm_categories_showcase.xml 
2026-09-02 18:04:26,603 765 INFO wave4_premig_kyc_dirty odoo.modules.loading: loading website/views/snippets/s_banner_categories.xml 
2026-09-02 18:04:26,644 765 INFO wave4_premig_kyc_dirty odoo.modules.loading: loading website/views/new_page_template_templates.xml 
2026-09-02 18:04:30,976 765 INFO wave4_premig_kyc_dirty odoo.addons.website.models.ir_module_module: Generated 227 primary snippet templates for 'website' 
2026-09-02 18:04:31,116 765 INFO wave4_premig_kyc_dirty odoo.addons.website.models.ir_module_module: Generated 39 primary page templates for 'website' 
2026-09-02 18:04:31,116 765 INFO wave4_premig_kyc_dirty odoo.modules.loading: loading website/views/website_views.xml 
2026-09-02 18:04:31,527 765 INFO wave4_premig_kyc_dirty odoo.modules.loading: loading website/views/website_pages_views.xml 
2026-09-02 18:04:31,726 765 INFO wave4_premig_kyc_dirty odoo.modules.loading: loading website/views/website_controller_pages_views.xml 
2026-09-02 18:04:31,826 765 INFO wave4_premig_kyc_dirty odoo.modules.loading: loading website/views/website_visitor_views.xml 
2026-09-02 18:04:32,052 765 INFO wave4_premig_kyc_dirty odoo.modules.loading: loading website/views/res_config_settings_views.xml 
2026-09-02 18:04:32,196 765 INFO wave4_premig_kyc_dirty odoo.modules.loading: loading website/views/website_rewrite.xml 
2026-09-02 18:04:32,253 765 INFO wave4_premig_kyc_dirty odoo.modules.loading: loading website/views/ir_actions_server_views.xml 
2026-09-02 18:04:32,309 765 INFO wave4_premig_kyc_dirty odoo.modules.loading: loading website/views/ir_asset_views.xml 
2026-09-02 18:04:32,347 765 INFO wave4_premig_kyc_dirty odoo.modules.loading: loading website/views/ir_attachment_views.xml 
2026-09-02 18:04:32,385 765 INFO wave4_premig_kyc_dirty odoo.modules.loading: loading website/views/ir_model_views.xml 
2026-09-02 18:04:32,484 765 INFO wave4_premig_kyc_dirty odoo.modules.loading: loading website/views/res_partner_views.xml 
2026-09-02 18:04:32,534 765 INFO wave4_premig_kyc_dirty odoo.modules.loading: loading website/views/neutralize_views.xml 
2026-09-02 18:04:32,576 765 INFO wave4_premig_kyc_dirty odoo.modules.loading: loading website/wizard/base_language_install_views.xml 
2026-09-02 18:04:32,612 765 INFO wave4_premig_kyc_dirty odoo.modules.loading: loading website/wizard/blocked_third_party_domains.xml 
2026-09-02 18:04:32,655 765 INFO wave4_premig_kyc_dirty odoo.modules.loading: loading website/wizard/website_robots.xml 
2026-09-02 18:04:32,680 765 INFO wave4_premig_kyc_dirty odoo.modules.loading: loading website/data/update_theme_images.xml 
2026-09-02 18:04:32,862 765 INFO wave4_premig_kyc_dirty odoo.modules.loading: loading website/views/website_templates_svg.xml 
2026-09-02 18:04:33,120 765 INFO wave4_premig_kyc_dirty odoo.modules.loading: Module website loaded in 21.79s, 7869 queries (+7869 other) 
2026-09-02 18:04:33,121 765 INFO wave4_premig_kyc_dirty odoo.modules.loading: Loading module crm_sms (45/53) 
2026-09-02 18:04:33,147 765 INFO wave4_premig_kyc_dirty odoo.modules.loading: loading crm_sms/views/crm_lead_views.xml 
2026-09-02 18:04:33,256 765 INFO wave4_premig_kyc_dirty odoo.modules.loading: loading crm_sms/security/ir.model.access.csv 
2026-09-02 18:04:33,270 765 INFO wave4_premig_kyc_dirty odoo.modules.loading: loading crm_sms/security/sms_security.xml 
2026-09-02 18:04:33,307 765 INFO wave4_premig_kyc_dirty odoo.modules.loading: Module crm_sms loaded in 0.19s, 87 queries (+87 other) 
2026-09-02 18:04:33,307 765 INFO wave4_premig_kyc_dirty odoo.modules.loading: Loading module iap_crm (46/53) 
2026-09-02 18:04:33,330 765 INFO wave4_premig_kyc_dirty odoo.registry: module iap_crm: creating or updating database tables 
2026-09-02 18:04:33,445 765 INFO wave4_premig_kyc_dirty odoo.modules.loading: Module iap_crm loaded in 0.14s, 68 queries (+68 other) 
2026-09-02 18:04:33,445 765 INFO wave4_premig_kyc_dirty odoo.modules.loading: Loading module kyc_management (47/53) 
2026-09-02 18:04:33,788 765 WARNING wave4_premig_kyc_dirty odoo.registry: Model attribute '_sql_constraints' is no longer supported, please define models.Constraint on the model. 
2026-09-02 18:04:33,832 765 INFO wave4_premig_kyc_dirty odoo.registry: module kyc_management: creating or updating database tables 
2026-09-02 18:04:34,005 765 INFO wave4_premig_kyc_dirty odoo.models: Prepare computation of res.partner.x_is_pep 
<string>:8: (WARNING/2) Line block ends without a blank line.
<string>:8: (ERROR/3) Undefined substitution referenced: "-------".
2026-09-02 18:04:34,864 765 INFO wave4_premig_kyc_dirty odoo.modules.loading: loading kyc_management/security/groups.xml 
2026-09-02 18:04:34,920 765 INFO wave4_premig_kyc_dirty odoo.modules.loading: loading kyc_management/security/ir.model.access.csv 
2026-09-02 18:04:34,955 765 INFO wave4_premig_kyc_dirty odoo.modules.loading: loading kyc_management/security/ir_rules.xml 
2026-09-02 18:04:34,982 765 INFO wave4_premig_kyc_dirty odoo.modules.loading: loading kyc_management/data/legacy_security_compat.xml 
2026-09-02 18:04:34,990 765 INFO wave4_premig_kyc_dirty odoo.modules.loading: loading kyc_management/data/crm_data.xml 
2026-09-02 18:04:35,012 765 INFO wave4_premig_kyc_dirty odoo.modules.loading: loading kyc_management/reports/kyc_application_report.xml 
2026-09-02 18:04:35,047 765 INFO wave4_premig_kyc_dirty odoo.modules.loading: loading kyc_management/reports/kyc_approvals_summary_report.xml 
2026-09-02 18:04:35,081 765 INFO wave4_premig_kyc_dirty odoo.modules.loading: loading kyc_management/wizard/kyc_wizard_views.xml 
2026-09-02 18:04:35,153 765 INFO wave4_premig_kyc_dirty odoo.modules.loading: loading kyc_management/views/kyc_application_views.xml 
2026-09-02 18:04:35,241 765 INFO wave4_premig_kyc_dirty odoo.modules.loading: loading kyc_management/views/kyc_approval_views.xml 
2026-09-02 18:04:35,342 765 INFO wave4_premig_kyc_dirty odoo.modules.loading: loading kyc_management/views/kyc_notification_views.xml 
2026-09-02 18:04:35,432 765 INFO wave4_premig_kyc_dirty odoo.modules.loading: loading kyc_management/views/kyc_menu.xml 
2026-09-02 18:04:35,648 765 INFO wave4_premig_kyc_dirty odoo.modules.loading: loading kyc_management/views/portal_kyc_templates.xml 
2026-09-02 18:04:35,876 765 INFO wave4_premig_kyc_dirty odoo.modules.loading: Module kyc_management loaded in 2.43s, 993 queries (+993 other) 
2026-09-02 18:04:35,876 765 INFO wave4_premig_kyc_dirty odoo.modules.loading: Loading module website_crm (48/53) 
2026-09-02 18:04:35,899 765 INFO wave4_premig_kyc_dirty odoo.registry: module website_crm: creating or updating database tables 
2026-09-02 18:04:36,048 765 INFO wave4_premig_kyc_dirty odoo.modules.loading: loading website_crm/security/ir.model.access.csv 
2026-09-02 18:04:36,062 765 INFO wave4_premig_kyc_dirty odoo.modules.loading: loading website_crm/data/crm_lead_merge_template.xml 
2026-09-02 18:04:36,081 765 INFO wave4_premig_kyc_dirty odoo.modules.loading: loading website_crm/data/ir_actions_data.xml 
2026-09-02 18:04:36,095 765 INFO wave4_premig_kyc_dirty odoo.modules.loading: loading website_crm/data/ir_model_data.xml 
2026-09-02 18:04:36,118 765 INFO wave4_premig_kyc_dirty odoo.modules.loading: loading website_crm/views/crm_lead_views.xml 
2026-09-02 18:04:36,152 765 INFO wave4_premig_kyc_dirty odoo.modules.loading: loading website_crm/views/website_visitor_views.xml 
2026-09-02 18:04:36,216 765 INFO wave4_premig_kyc_dirty odoo.modules.loading: loading website_crm/views/website_templates_contactus.xml 
2026-09-02 18:04:36,254 765 INFO wave4_premig_kyc_dirty odoo.modules.loading: Module website_crm loaded in 0.38s, 228 queries (+228 other) 
2026-09-02 18:04:36,254 765 INFO wave4_premig_kyc_dirty odoo.modules.loading: Loading module website_mail (49/53) 
2026-09-02 18:04:36,272 765 INFO wave4_premig_kyc_dirty odoo.registry: module website_mail: creating or updating database tables 
2026-09-02 18:04:36,291 765 INFO wave4_premig_kyc_dirty odoo.modules.loading: loading website_mail/views/website_mail_templates.xml 
2026-09-02 18:04:36,352 765 INFO wave4_premig_kyc_dirty odoo.modules.loading: Module website_mail loaded in 0.10s, 31 queries (+31 other) 
2026-09-02 18:04:36,352 765 INFO wave4_premig_kyc_dirty odoo.modules.loading: Loading module website_sms (50/53) 
2026-09-02 18:04:36,367 765 INFO wave4_premig_kyc_dirty odoo.registry: module website_sms: creating or updating database tables 
2026-09-02 18:04:36,400 765 INFO wave4_premig_kyc_dirty odoo.modules.loading: loading website_sms/views/website_visitor_views.xml 
2026-09-02 18:04:36,499 765 INFO wave4_premig_kyc_dirty odoo.modules.loading: Module website_sms loaded in 0.15s, 76 queries (+76 other) 
2026-09-02 18:04:36,499 765 INFO wave4_premig_kyc_dirty odoo.modules.loading: Loading module crm_iap_enrich (51/53) 
2026-09-02 18:04:36,518 765 INFO wave4_premig_kyc_dirty odoo.registry: module crm_iap_enrich: creating or updating database tables 
2026-09-02 18:04:36,624 765 INFO wave4_premig_kyc_dirty odoo.modules.loading: loading crm_iap_enrich/data/ir_cron.xml 
2026-09-02 18:04:36,684 765 INFO wave4_premig_kyc_dirty odoo.modules.loading: loading crm_iap_enrich/data/ir_action.xml 
2026-09-02 18:04:36,704 765 INFO wave4_premig_kyc_dirty odoo.modules.loading: loading crm_iap_enrich/data/mail_templates.xml 
2026-09-02 18:04:36,723 765 INFO wave4_premig_kyc_dirty odoo.modules.loading: loading crm_iap_enrich/views/crm_lead_views.xml 
2026-09-02 18:04:36,756 765 INFO wave4_premig_kyc_dirty odoo.modules.loading: loading crm_iap_enrich/views/res_config_settings_view.xml 
2026-09-02 18:04:36,832 765 INFO wave4_premig_kyc_dirty odoo.modules.loading: Module crm_iap_enrich loaded in 0.33s, 171 queries (+171 other) 
2026-09-02 18:04:36,832 765 INFO wave4_premig_kyc_dirty odoo.modules.loading: Loading module crm_iap_mine (52/53) 
2026-09-02 18:04:36,860 765 INFO wave4_premig_kyc_dirty odoo.registry: module crm_iap_mine: creating or updating database tables 
2026-09-02 18:04:37,273 765 INFO wave4_premig_kyc_dirty odoo.modules.loading: loading crm_iap_mine/data/crm.iap.lead.industry.csv 
2026-09-02 18:04:37,283 765 INFO wave4_premig_kyc_dirty odoo.modules.loading: loading crm_iap_mine/data/crm.iap.lead.role.csv 
2026-09-02 18:04:37,292 765 INFO wave4_premig_kyc_dirty odoo.modules.loading: loading crm_iap_mine/data/crm.iap.lead.seniority.csv 
2026-09-02 18:04:37,298 765 INFO wave4_premig_kyc_dirty odoo.modules.loading: loading crm_iap_mine/data/mail_template_data.xml 
2026-09-02 18:04:37,307 765 INFO wave4_premig_kyc_dirty odoo.modules.loading: loading crm_iap_mine/data/ir_sequence_data.xml 
2026-09-02 18:04:37,314 765 INFO wave4_premig_kyc_dirty odoo.modules.loading: loading crm_iap_mine/security/ir.model.access.csv 
2026-09-02 18:04:37,328 765 INFO wave4_premig_kyc_dirty odoo.modules.loading: loading crm_iap_mine/views/crm_lead_views.xml 
2026-09-02 18:04:37,408 765 INFO wave4_premig_kyc_dirty odoo.modules.loading: loading crm_iap_mine/views/crm_iap_lead_mining_request_views.xml 
2026-09-02 18:04:37,443 765 INFO wave4_premig_kyc_dirty odoo.modules.loading: loading crm_iap_mine/views/res_config_settings_views.xml 
2026-09-02 18:04:37,477 765 INFO wave4_premig_kyc_dirty odoo.modules.loading: loading crm_iap_mine/views/mail_templates.xml 
2026-09-02 18:04:37,491 765 INFO wave4_premig_kyc_dirty odoo.modules.loading: loading crm_iap_mine/views/crm_menus.xml 
2026-09-02 18:04:37,518 765 INFO wave4_premig_kyc_dirty odoo.modules.loading: Module crm_iap_mine loaded in 0.69s, 426 queries (+426 other) 
2026-09-02 18:04:37,518 765 INFO wave4_premig_kyc_dirty odoo.modules.loading: Loading module website_crm_sms (53/53) 
2026-09-02 18:04:37,533 765 INFO wave4_premig_kyc_dirty odoo.registry: module website_crm_sms: creating or updating database tables 
2026-09-02 18:04:37,593 765 INFO wave4_premig_kyc_dirty odoo.modules.loading: Module website_crm_sms loaded in 0.08s, 31 queries (+31 other) 
2026-09-02 18:04:37,594 765 INFO wave4_premig_kyc_dirty odoo.modules.loading: 53 modules loaded in 52.44s, 31414 queries (+31415 extra) 
2026-09-02 18:04:38,460 765 INFO wave4_premig_kyc_dirty odoo.modules.loading: Modules loaded. 
2026-09-02 18:04:38,479 765 INFO wave4_premig_kyc_dirty odoo.registry: Registry changed, signaling through the database 
2026-09-02 18:04:38,482 765 INFO wave4_premig_kyc_dirty odoo.registry: Registry loaded in 73.363s 
2026-09-02 18:04:38,483 765 INFO wave4_premig_kyc_dirty odoo.service.server: Initiating shutdown 
2026-09-02 18:04:38,483 765 INFO wave4_premig_kyc_dirty odoo.service.server: Hit CTRL-C again or send a second signal to force the shutdown. 
2026-09-02 18:04:38,483 765 INFO wave4_premig_kyc_dirty odoo.sql_db: ConnectionPool(read/write;used=0/count=0/max=64): Closed 1 connections  
